
Disassembly of shapes.asm6x.obj:

TEXT Section .text (Little Endian), 0x9240 bytes at 0x0 
00000000            _ZNSt6stringC1Ev:
00000000            _ZNSt6stringC2Ev:
00000000   07bc02f4           STW.D2T1      A15,*+B15[0]
00000004   07bc18f0           MV.D1X        B15,A15
00000008   01bc2076           STW.D1T2      B3,*-A15[1]
0000000c   00001c2a           MVK.S2        0x0038,B0
00000010   0000006a           MVKH.S2       0x0000,B0
00000014   07bc08c2           SUB.D2        B15,B0,B15
00000018   00001628           MVK.S1        0x002c,A0
0000001c   00000068           MVKH.S1       0x0000,A0
00000020   003c08c0           SUB.D1        A15,A0,A0
00000024   02000274           STW.D1T1      A4,*+A0[0]
00000028   07bd09c2           SUB.D2        B15,0x8,B15
0000002c   00001628           MVK.S1        0x002c,A0
00000030   00000068           MVKH.S1       0x0000,A0
00000034   023c08c0           SUB.D1        A15,A0,A4
00000038   02100264           LDW.D1T1      *+A4[0],A4
0000003c   00006000           NOP           4
00000040   07bd09c2           SUB.D2        B15,0x8,B15
00000044   023c02f4           STW.D2T1      A4,*+B15[0]
00000048   02000028           MVK.S1        0x0000,A4
0000004c   02000068           MVKH.S1       0x0000,A4
00000050   07bd09c2           SUB.D2        B15,0x8,B15
00000054   023c02f4           STW.D2T1      A4,*+B15[0]
00000058   02000028           MVK.S1        0x0000,A4
0000005c   02000068           MVKH.S1       0x0000,A4
00000060   031008f0           MV.D1         A4,A6
00000064   023c02e6           LDW.D2T2      *+B15[0],B4
00000068   00006000           NOP           4
0000006c   07bd0942           ADD.D2        B15,0x8,B15
00000070   023c02e4           LDW.D2T1      *+B15[0],A4
00000074   00006000           NOP           4
00000078   07bd0942           ADD.D2        B15,0x8,B15
0000007c   0180002a           MVK.S2        0x0000,B3
00000080   0180006a           MVKH.S2       0x0000,B3
00000084   00000012           B.S2          _ZTIN3std6stringE (PC+0 = 0x00000080)
00000088   00008000           NOP           5
0000008c            L$_ZNSt6stringC1Ev$ret0:
0000008c   07bd0942           ADD.D2        B15,0x8,B15
00000090   0200a358           MVK.L1        0,A4
00000094            L$return$_ZNSt6stringC1Ev:
00000094   01bc2066           LDW.D1T2      *-A15[1],B3
00000098   07bc18f2           MV.D2X        A15,B15
0000009c   07bc0264           LDW.D1T1      *+A15[0],A15
000000a0   00006000           NOP           4
000000a4   000c0362           B.S2          B3
000000a8   00008000           NOP           5
000000ac            _ZNSt6stringC1EPKc:
000000ac            _ZNSt6stringC2EPKc:
000000ac   07bc02f4           STW.D2T1      A15,*+B15[0]
000000b0   07bc18f0           MV.D1X        B15,A15
000000b4   01bc2076           STW.D1T2      B3,*-A15[1]
000000b8   00001c2a           MVK.S2        0x0038,B0
000000bc   0000006a           MVKH.S2       0x0000,B0
000000c0   07bc08c2           SUB.D2        B15,B0,B15
000000c4   00001828           MVK.S1        0x0030,A0
000000c8   00000068           MVKH.S1       0x0000,A0
000000cc   003c08c0           SUB.D1        A15,A0,A0
000000d0   02000274           STW.D1T1      A4,*+A0[0]
000000d4   021018f0           MV.D1X        B4,A4
000000d8   00001628           MVK.S1        0x002c,A0
000000dc   00000068           MVKH.S1       0x0000,A0
000000e0   003c08c0           SUB.D1        A15,A0,A0
000000e4   02000274           STW.D1T1      A4,*+A0[0]
000000e8   07bd09c2           SUB.D2        B15,0x8,B15
000000ec   00001828           MVK.S1        0x0030,A0
000000f0   00000068           MVKH.S1       0x0000,A0
000000f4   023c08c0           SUB.D1        A15,A0,A4
000000f8   02100264           LDW.D1T1      *+A4[0],A4
000000fc   00006000           NOP           4
00000100   07bd09c2           SUB.D2        B15,0x8,B15
00000104   023c02f4           STW.D2T1      A4,*+B15[0]
00000108   00001628           MVK.S1        0x002c,A0
0000010c   00000068           MVKH.S1       0x0000,A0
00000110   023c08c0           SUB.D1        A15,A0,A4
00000114   02100264           LDW.D1T1      *+A4[0],A4
00000118   00006000           NOP           4
0000011c   07bd09c2           SUB.D2        B15,0x8,B15
00000120   023c02f4           STW.D2T1      A4,*+B15[0]
00000124   00001628           MVK.S1        0x002c,A0
00000128   00000068           MVKH.S1       0x0000,A0
0000012c   023c08c0           SUB.D1        A15,A0,A4
00000130   02100264           LDW.D1T1      *+A4[0],A4
00000134   00006000           NOP           4
00000138   07bd09c2           SUB.D2        B15,0x8,B15
0000013c   023c02f4           STW.D2T1      A4,*+B15[0]
00000140   02000028           MVK.S1        0x0000,A4
00000144   02000068           MVKH.S1       0x0000,A4
00000148   031008f0           MV.D1         A4,A6
0000014c   023c02e4           LDW.D2T1      *+B15[0],A4
00000150   00006000           NOP           4
00000154   07bd0942           ADD.D2        B15,0x8,B15
00000158   02188a78           CMPEQ.L1      A4,A6,A4
0000015c   02100a58           CMPEQ.L1      0,A4,A4
00000160   02102bf0           XOR.D1        1,A4,A4
00000164   009008f0           MV.D1         A4,A1
00000168   90000412    [!A1]  B.S2          L$_ZNSt6stringC1EPKc$else0 (PC+32 = 0x00000180)
0000016c   00008000           NOP           5
00000170   02000028           MVK.S1        0x0000,A4
00000174   02000068           MVKH.S1       0x0000,A4
00000178   00000992           B.S2          L$_ZNSt6stringC1EPKc$end0 (PC+76 = 0x000001ac)
0000017c   00008000           NOP           5
00000180            L$_ZNSt6stringC1EPKc$else0:
00000180   07bd09c2           SUB.D2        B15,0x8,B15
00000184   00001628           MVK.S1        0x002c,A0
00000188   00000068           MVKH.S1       0x0000,A0
0000018c   023c08c0           SUB.D1        A15,A0,A4
00000190   02100264           LDW.D1T1      *+A4[0],A4
00000194   00006000           NOP           4
00000198   0180002a           MVK.S2        0x0000,B3
0000019c   0180006a           MVKH.S2       0x0000,B3
000001a0   00000012           B.S2          0x0001a0
000001a4   00008000           NOP           5
000001a8            L$_ZNSt6stringC1EPKc$ret1:
000001a8   07bd0942           ADD.D2        B15,0x8,B15
000001ac            L$_ZNSt6stringC1EPKc$end0:
000001ac   031008f0           MV.D1         A4,A6
000001b0   023c02e6           LDW.D2T2      *+B15[0],B4
000001b4   00006000           NOP           4
000001b8   07bd0942           ADD.D2        B15,0x8,B15
000001bc   023c02e4           LDW.D2T1      *+B15[0],A4
000001c0   00006000           NOP           4
000001c4   07bd0942           ADD.D2        B15,0x8,B15
000001c8   0180002a           MVK.S2        0x0000,B3
000001cc   0180006a           MVKH.S2       0x0000,B3
000001d0   00000012           B.S2          0x0001c0
000001d4   00008000           NOP           5
000001d8            L$_ZNSt6stringC1EPKc$ret2:
000001d8   07bd0942           ADD.D2        B15,0x8,B15
000001dc   0200a358           MVK.L1        0,A4
000001e0            L$return$_ZNSt6stringC1EPKc:
000001e0   01bc2066           LDW.D1T2      *-A15[1],B3
000001e4   07bc18f2           MV.D2X        A15,B15
000001e8   07bc0264           LDW.D1T1      *+A15[0],A15
000001ec   00006000           NOP           4
000001f0   000c0362           B.S2          B3
000001f4   00008000           NOP           5
000001f8            _ZNSt6stringC2EPKcj:
000001f8            _ZNSt6stringC1EPKcj:
000001f8   07bc02f4           STW.D2T1      A15,*+B15[0]
000001fc   07bc18f0           MV.D1X        B15,A15
00000200   01bc2076           STW.D1T2      B3,*-A15[1]
00000204   00001c2a           MVK.S2        0x0038,B0
00000208   0000006a           MVKH.S2       0x0000,B0
0000020c   07bc08c2           SUB.D2        B15,B0,B15
00000210   00001a28           MVK.S1        0x0034,A0
00000214   00000068           MVKH.S1       0x0000,A0
00000218   003c08c0           SUB.D1        A15,A0,A0
0000021c   02000274           STW.D1T1      A4,*+A0[0]
00000220   021018f0           MV.D1X        B4,A4
00000224   00001628           MVK.S1        0x002c,A0
00000228   00000068           MVKH.S1       0x0000,A0
0000022c   003c08c0           SUB.D1        A15,A0,A0
00000230   02000274           STW.D1T1      A4,*+A0[0]
00000234   021808f0           MV.D1         A6,A4
00000238   00001828           MVK.S1        0x0030,A0
0000023c   00000068           MVKH.S1       0x0000,A0
00000240   003c08c0           SUB.D1        A15,A0,A0
00000244   02000274           STW.D1T1      A4,*+A0[0]
00000248   07bd09c2           SUB.D2        B15,0x8,B15
0000024c   00001a28           MVK.S1        0x0034,A0
00000250   00000068           MVKH.S1       0x0000,A0
00000254   023c08c0           SUB.D1        A15,A0,A4
00000258   02100264           LDW.D1T1      *+A4[0],A4
0000025c   00006000           NOP           4
00000260   07bd09c2           SUB.D2        B15,0x8,B15
00000264   023c02f4           STW.D2T1      A4,*+B15[0]
00000268   00001628           MVK.S1        0x002c,A0
0000026c   00000068           MVKH.S1       0x0000,A0
00000270   023c08c0           SUB.D1        A15,A0,A4
00000274   02100264           LDW.D1T1      *+A4[0],A4
00000278   00006000           NOP           4
0000027c   07bd09c2           SUB.D2        B15,0x8,B15
00000280   023c02f4           STW.D2T1      A4,*+B15[0]
00000284   00001828           MVK.S1        0x0030,A0
00000288   00000068           MVKH.S1       0x0000,A0
0000028c   023c08c0           SUB.D1        A15,A0,A4
00000290   02100264           LDW.D1T1      *+A4[0],A4
00000294   00006000           NOP           4
00000298   031008f0           MV.D1         A4,A6
0000029c   023c02e6           LDW.D2T2      *+B15[0],B4
000002a0   00006000           NOP           4
000002a4   07bd0942           ADD.D2        B15,0x8,B15
000002a8   023c02e4           LDW.D2T1      *+B15[0],A4
000002ac   00006000           NOP           4
000002b0   07bd0942           ADD.D2        B15,0x8,B15
000002b4   0180002a           MVK.S2        0x0000,B3
000002b8   0180006a           MVKH.S2       0x0000,B3
000002bc   00000012           B.S2          0x0002a0
000002c0   00008000           NOP           5
000002c4            L$_ZNSt6stringC1EPKcj$ret0:
000002c4   07bd0942           ADD.D2        B15,0x8,B15
000002c8   0200a358           MVK.L1        0,A4
000002cc            L$return$_ZNSt6stringC1EPKcj:
000002cc   01bc2066           LDW.D1T2      *-A15[1],B3
000002d0   07bc18f2           MV.D2X        A15,B15
000002d4   07bc0264           LDW.D1T1      *+A15[0],A15
000002d8   00006000           NOP           4
000002dc   000c0362           B.S2          B3
000002e0   00008000           NOP           5
000002e4            _ZNSt6stringC1ERKS_:
000002e4            _ZNSt6stringC2ERKS_:
000002e4   07bc02f4           STW.D2T1      A15,*+B15[0]
000002e8   07bc18f0           MV.D1X        B15,A15
000002ec   01bc2076           STW.D1T2      B3,*-A15[1]
000002f0   00001c2a           MVK.S2        0x0038,B0
000002f4   0000006a           MVKH.S2       0x0000,B0
000002f8   07bc08c2           SUB.D2        B15,B0,B15
000002fc   00001828           MVK.S1        0x0030,A0
00000300   00000068           MVKH.S1       0x0000,A0
00000304   003c08c0           SUB.D1        A15,A0,A0
00000308   02000274           STW.D1T1      A4,*+A0[0]
0000030c   021018f0           MV.D1X        B4,A4
00000310   00001628           MVK.S1        0x002c,A0
00000314   00000068           MVKH.S1       0x0000,A0
00000318   003c08c0           SUB.D1        A15,A0,A0
0000031c   02000274           STW.D1T1      A4,*+A0[0]
00000320   07bd09c2           SUB.D2        B15,0x8,B15
00000324   00001828           MVK.S1        0x0030,A0
00000328   00000068           MVKH.S1       0x0000,A0
0000032c   023c08c0           SUB.D1        A15,A0,A4
00000330   02100264           LDW.D1T1      *+A4[0],A4
00000334   00006000           NOP           4
00000338   07bd09c2           SUB.D2        B15,0x8,B15
0000033c   023c02f4           STW.D2T1      A4,*+B15[0]
00000340   00001628           MVK.S1        0x002c,A0
00000344   00000068           MVKH.S1       0x0000,A0
00000348   023c08c0           SUB.D1        A15,A0,A4
0000034c   02100264           LDW.D1T1      *+A4[0],A4
00000350   00006000           NOP           4
00000354   02100264           LDW.D1T1      *+A4[0],A4
00000358   00006000           NOP           4
0000035c   07bd09c2           SUB.D2        B15,0x8,B15
00000360   023c02f4           STW.D2T1      A4,*+B15[0]
00000364   00001628           MVK.S1        0x002c,A0
00000368   00000068           MVKH.S1       0x0000,A0
0000036c   023c08c0           SUB.D1        A15,A0,A4
00000370   02100264           LDW.D1T1      *+A4[0],A4
00000374   00006000           NOP           4
00000378   02108940           ADD.D1        A4,0x4,A4
0000037c   02100264           LDW.D1T1      *+A4[0],A4
00000380   00006000           NOP           4
00000384   031008f0           MV.D1         A4,A6
00000388   023c02e6           LDW.D2T2      *+B15[0],B4
0000038c   00006000           NOP           4
00000390   07bd0942           ADD.D2        B15,0x8,B15
00000394   023c02e4           LDW.D2T1      *+B15[0],A4
00000398   00006000           NOP           4
0000039c   07bd0942           ADD.D2        B15,0x8,B15
000003a0   0180002a           MVK.S2        0x0000,B3
000003a4   0180006a           MVKH.S2       0x0000,B3
000003a8   00000012           B.S2          0x0003a0
000003ac   00008000           NOP           5
000003b0            L$_ZNSt6stringC1ERKS_$ret0:
000003b0   07bd0942           ADD.D2        B15,0x8,B15
000003b4   0200a358           MVK.L1        0,A4
000003b8            L$return$_ZNSt6stringC1ERKS_:
000003b8   01bc2066           LDW.D1T2      *-A15[1],B3
000003bc   07bc18f2           MV.D2X        A15,B15
000003c0   07bc0264           LDW.D1T1      *+A15[0],A15
000003c4   00006000           NOP           4
000003c8   000c0362           B.S2          B3
000003cc   00008000           NOP           5
000003d0            _ZNSt6stringC2Ejc:
000003d0            _ZNSt6stringC1Ejc:
000003d0   07bc02f4           STW.D2T1      A15,*+B15[0]
000003d4   07bc18f0           MV.D1X        B15,A15
000003d8   01bc2076           STW.D1T2      B3,*-A15[1]
000003dc   00001c2a           MVK.S2        0x0038,B0
000003e0   0000006a           MVKH.S2       0x0000,B0
000003e4   07bc08c2           SUB.D2        B15,B0,B15
000003e8   00001a28           MVK.S1        0x0034,A0
000003ec   00000068           MVKH.S1       0x0000,A0
000003f0   003c08c0           SUB.D1        A15,A0,A0
000003f4   02000274           STW.D1T1      A4,*+A0[0]
000003f8   021018f0           MV.D1X        B4,A4
000003fc   00001628           MVK.S1        0x002c,A0
00000400   00000068           MVKH.S1       0x0000,A0
00000404   003c08c0           SUB.D1        A15,A0,A0
00000408   02000274           STW.D1T1      A4,*+A0[0]
0000040c   021808f0           MV.D1         A6,A4
00000410   000016a8           MVK.S1        0x002d,A0
00000414   00000068           MVKH.S1       0x0000,A0
00000418   003c08c0           SUB.D1        A15,A0,A0
0000041c   02000234           STB.D1T1      A4,*+A0[0]
00000420   07bd09c2           SUB.D2        B15,0x8,B15
00000424   00001a28           MVK.S1        0x0034,A0
00000428   00000068           MVKH.S1       0x0000,A0
0000042c   023c08c0           SUB.D1        A15,A0,A4
00000430   02100264           LDW.D1T1      *+A4[0],A4
00000434   00006000           NOP           4
00000438   07bd09c2           SUB.D2        B15,0x8,B15
0000043c   023c02f4           STW.D2T1      A4,*+B15[0]
00000440   00001628           MVK.S1        0x002c,A0
00000444   00000068           MVKH.S1       0x0000,A0
00000448   023c08c0           SUB.D1        A15,A0,A4
0000044c   02100264           LDW.D1T1      *+A4[0],A4
00000450   00006000           NOP           4
00000454   021018f2           MV.D2X        A4,B4
00000458   023c02e4           LDW.D2T1      *+B15[0],A4
0000045c   00006000           NOP           4
00000460   07bd0942           ADD.D2        B15,0x8,B15
00000464   0180002a           MVK.S2        0x0000,B3
00000468   0180006a           MVKH.S2       0x0000,B3
0000046c   00000012           B.S2          0x000460
00000470   00008000           NOP           5
00000474            L$_ZNSt6stringC1Ejc$ret0:
00000474   07bd0942           ADD.D2        B15,0x8,B15
00000478   02000028           MVK.S1        0x0000,A4
0000047c   02000068           MVKH.S1       0x0000,A4
00000480   07bd09c2           SUB.D2        B15,0x8,B15
00000484   023c02f4           STW.D2T1      A4,*+B15[0]
00000488   00001c28           MVK.S1        0x0038,A0
0000048c   00000068           MVKH.S1       0x0000,A0
00000490   023c08c0           SUB.D1        A15,A0,A4
00000494   031008f0           MV.D1         A4,A6
00000498   023c02e4           LDW.D2T1      *+B15[0],A4
0000049c   00006000           NOP           4
000004a0   07bd0942           ADD.D2        B15,0x8,B15
000004a4   02180274           STW.D1T1      A4,*+A6[0]
000004a8            L$_ZNSt6stringC1Ejc$begin1:
000004a8   00001c28           MVK.S1        0x0038,A0
000004ac   00000068           MVKH.S1       0x0000,A0
000004b0   023c08c0           SUB.D1        A15,A0,A4
000004b4   02100264           LDW.D1T1      *+A4[0],A4
000004b8   00006000           NOP           4
000004bc   07bd09c2           SUB.D2        B15,0x8,B15
000004c0   023c02f4           STW.D2T1      A4,*+B15[0]
000004c4   00001628           MVK.S1        0x002c,A0
000004c8   00000068           MVKH.S1       0x0000,A0
000004cc   023c08c0           SUB.D1        A15,A0,A4
000004d0   02100264           LDW.D1T1      *+A4[0],A4
000004d4   00006000           NOP           4
000004d8   031008f0           MV.D1         A4,A6
000004dc   023c02e4           LDW.D2T1      *+B15[0],A4
000004e0   00006000           NOP           4
000004e4   07bd0942           ADD.D2        B15,0x8,B15
000004e8   02188bf8           CMPLTU.L1     A4,A6,A4
000004ec   02100a58           CMPEQ.L1      0,A4,A4
000004f0   02102bf0           XOR.D1        1,A4,A4
000004f4   009008f0           MV.D1         A4,A1
000004f8   90002292    [!A1]  B.S2          L$_ZNSt6stringC1Ejc$end1 (PC+276 = 0x000005f4)
000004fc   00008000           NOP           5
00000500   000016a8           MVK.S1        0x002d,A0
00000504   00000068           MVKH.S1       0x0000,A0
00000508   023c08c0           SUB.D1        A15,A0,A4
0000050c   02100224           LDB.D1T1      *+A4[0],A4
00000510   00006000           NOP           4
00000514   07bd09c2           SUB.D2        B15,0x8,B15
00000518   023c02f4           STW.D2T1      A4,*+B15[0]
0000051c   00001a28           MVK.S1        0x0034,A0
00000520   00000068           MVKH.S1       0x0000,A0
00000524   023c08c0           SUB.D1        A15,A0,A4
00000528   02100264           LDW.D1T1      *+A4[0],A4
0000052c   00006000           NOP           4
00000530   02100264           LDW.D1T1      *+A4[0],A4
00000534   00006000           NOP           4
00000538   07bd09c2           SUB.D2        B15,0x8,B15
0000053c   023c02f4           STW.D2T1      A4,*+B15[0]
00000540   00001c28           MVK.S1        0x0038,A0
00000544   00000068           MVKH.S1       0x0000,A0
00000548   023c08c0           SUB.D1        A15,A0,A4
0000054c   02100264           LDW.D1T1      *+A4[0],A4
00000550   00006000           NOP           4
00000554   07bd09c2           SUB.D2        B15,0x8,B15
00000558   023c02f4           STW.D2T1      A4,*+B15[0]
0000055c   020000a8           MVK.S1        0x0001,A4
00000560   02000068           MVKH.S1       0x0000,A4
00000564   031008f0           MV.D1         A4,A6
00000568   023c02e4           LDW.D2T1      *+B15[0],A4
0000056c   00006000           NOP           4
00000570   07bd0942           ADD.D2        B15,0x8,B15
00000574   02188800           MPY32.M1      A4,A6,A4
00000578   00004000           NOP           3
0000057c   031008f0           MV.D1         A4,A6
00000580   023c02e4           LDW.D2T1      *+B15[0],A4
00000584   00006000           NOP           4
00000588   07bd0942           ADD.D2        B15,0x8,B15
0000058c   0210c840           ADD.D1        A4,A6,A4
00000590   031008f0           MV.D1         A4,A6
00000594   023c02e4           LDW.D2T1      *+B15[0],A4
00000598   00006000           NOP           4
0000059c   07bd0942           ADD.D2        B15,0x8,B15
000005a0   02180234           STB.D1T1      A4,*+A6[0]
000005a4            L$_ZNSt6stringC1Ejc$step1:
000005a4   00001c28           MVK.S1        0x0038,A0
000005a8   00000068           MVKH.S1       0x0000,A0
000005ac   023c08c0           SUB.D1        A15,A0,A4
000005b0   07bd09c2           SUB.D2        B15,0x8,B15
000005b4   023c02f4           STW.D2T1      A4,*+B15[0]
000005b8   02100264           LDW.D1T1      *+A4[0],A4
000005bc   00006000           NOP           4
000005c0   07bd09c2           SUB.D2        B15,0x8,B15
000005c4   023c02f4           STW.D2T1      A4,*+B15[0]
000005c8   02102940           ADD.D1        A4,0x1,A4
000005cc   033c02e4           LDW.D2T1      *+B15[0],A6
000005d0   00006000           NOP           4
000005d4   07bd0942           ADD.D2        B15,0x8,B15
000005d8   01bc02e4           LDW.D2T1      *+B15[0],A3
000005dc   00006000           NOP           4
000005e0   07bd0942           ADD.D2        B15,0x8,B15
000005e4   020c0274           STW.D1T1      A4,*+A3[0]
000005e8   021808f0           MV.D1         A6,A4
000005ec   0fffd912           B.S2          L$_ZNSt6stringC1Ejc$begin1 (PC-312 = 0x000004a8)
000005f0   00008000           NOP           5
000005f4            L$_ZNSt6stringC1Ejc$end1:
000005f4   00001628           MVK.S1        0x002c,A0
000005f8   00000068           MVKH.S1       0x0000,A0
000005fc   023c08c0           SUB.D1        A15,A0,A4
00000600   02100264           LDW.D1T1      *+A4[0],A4
00000604   00006000           NOP           4
00000608   07bd09c2           SUB.D2        B15,0x8,B15
0000060c   023c02f4           STW.D2T1      A4,*+B15[0]
00000610   00001a28           MVK.S1        0x0034,A0
00000614   00000068           MVKH.S1       0x0000,A0
00000618   023c08c0           SUB.D1        A15,A0,A4
0000061c   02100264           LDW.D1T1      *+A4[0],A4
00000620   00006000           NOP           4
00000624   02108940           ADD.D1        A4,0x4,A4
00000628   031008f0           MV.D1         A4,A6
0000062c   023c02e4           LDW.D2T1      *+B15[0],A4
00000630   00006000           NOP           4
00000634   07bd0942           ADD.D2        B15,0x8,B15
00000638   02180274           STW.D1T1      A4,*+A6[0]
0000063c   02000028           MVK.S1        0x0000,A4
00000640   02000068           MVKH.S1       0x0000,A4
00000644   02131848           EXT.S1        A4,24,24,A4
00000648   07bd09c2           SUB.D2        B15,0x8,B15
0000064c   023c02f4           STW.D2T1      A4,*+B15[0]
00000650   00001a28           MVK.S1        0x0034,A0
00000654   00000068           MVKH.S1       0x0000,A0
00000658   023c08c0           SUB.D1        A15,A0,A4
0000065c   02100264           LDW.D1T1      *+A4[0],A4
00000660   00006000           NOP           4
00000664   02100264           LDW.D1T1      *+A4[0],A4
00000668   00006000           NOP           4
0000066c   07bd09c2           SUB.D2        B15,0x8,B15
00000670   023c02f4           STW.D2T1      A4,*+B15[0]
00000674   00001a28           MVK.S1        0x0034,A0
00000678   00000068           MVKH.S1       0x0000,A0
0000067c   023c08c0           SUB.D1        A15,A0,A4
00000680   02100264           LDW.D1T1      *+A4[0],A4
00000684   00006000           NOP           4
00000688   02108940           ADD.D1        A4,0x4,A4
0000068c   02100264           LDW.D1T1      *+A4[0],A4
00000690   00006000           NOP           4
00000694   07bd09c2           SUB.D2        B15,0x8,B15
00000698   023c02f4           STW.D2T1      A4,*+B15[0]
0000069c   020000a8           MVK.S1        0x0001,A4
000006a0   02000068           MVKH.S1       0x0000,A4
000006a4   031008f0           MV.D1         A4,A6
000006a8   023c02e4           LDW.D2T1      *+B15[0],A4
000006ac   00006000           NOP           4
000006b0   07bd0942           ADD.D2        B15,0x8,B15
000006b4   02188800           MPY32.M1      A4,A6,A4
000006b8   00004000           NOP           3
000006bc   031008f0           MV.D1         A4,A6
000006c0   023c02e4           LDW.D2T1      *+B15[0],A4
000006c4   00006000           NOP           4
000006c8   07bd0942           ADD.D2        B15,0x8,B15
000006cc   0210c840           ADD.D1        A4,A6,A4
000006d0   031008f0           MV.D1         A4,A6
000006d4   023c02e4           LDW.D2T1      *+B15[0],A4
000006d8   00006000           NOP           4
000006dc   07bd0942           ADD.D2        B15,0x8,B15
000006e0   02180234           STB.D1T1      A4,*+A6[0]
000006e4   0200a358           MVK.L1        0,A4
000006e8            L$return$_ZNSt6stringC1Ejc:
000006e8   01bc2066           LDW.D1T2      *-A15[1],B3
000006ec   07bc18f2           MV.D2X        A15,B15
000006f0   07bc0264           LDW.D1T1      *+A15[0],A15
000006f4   00006000           NOP           4
000006f8   000c0362           B.S2          B3
000006fc   00008000           NOP           5
00000700            _ZNSt6stringD1Ev:
00000700            _ZNSt6stringD2Ev:
00000700   07bc02f4           STW.D2T1      A15,*+B15[0]
00000704   07bc18f0           MV.D1X        B15,A15
00000708   01bc2076           STW.D1T2      B3,*-A15[1]
0000070c   00001c2a           MVK.S2        0x0038,B0
00000710   0000006a           MVKH.S2       0x0000,B0
00000714   07bc08c2           SUB.D2        B15,B0,B15
00000718   00001628           MVK.S1        0x002c,A0
0000071c   00000068           MVKH.S1       0x0000,A0
00000720   003c08c0           SUB.D1        A15,A0,A0
00000724   02000274           STW.D1T1      A4,*+A0[0]
00000728   07bd09c2           SUB.D2        B15,0x8,B15
0000072c   00001628           MVK.S1        0x002c,A0
00000730   00000068           MVKH.S1       0x0000,A0
00000734   023c08c0           SUB.D1        A15,A0,A4
00000738   02100264           LDW.D1T1      *+A4[0],A4
0000073c   00006000           NOP           4
00000740   02100264           LDW.D1T1      *+A4[0],A4
00000744   00006000           NOP           4
00000748   0180002a           MVK.S2        0x0000,B3
0000074c   0180006a           MVKH.S2       0x0000,B3
00000750   00000012           B.S2          0x000740
00000754   00008000           NOP           5
00000758            L$_ZNSt6stringD1Ev$ret0:
00000758   07bd0942           ADD.D2        B15,0x8,B15
0000075c   0200a358           MVK.L1        0,A4
00000760            L$return$_ZNSt6stringD1Ev:
00000760   01bc2066           LDW.D1T2      *-A15[1],B3
00000764   07bc18f2           MV.D2X        A15,B15
00000768   07bc0264           LDW.D1T1      *+A15[0],A15
0000076c   00006000           NOP           4
00000770   000c0362           B.S2          B3
00000774   00008000           NOP           5
00000778            _ZNSt6stringaSERKS_:
00000778   07bc02f4           STW.D2T1      A15,*+B15[0]
0000077c   07bc18f0           MV.D1X        B15,A15
00000780   01bc2076           STW.D1T2      B3,*-A15[1]
00000784   00001c2a           MVK.S2        0x0038,B0
00000788   0000006a           MVKH.S2       0x0000,B0
0000078c   07bc08c2           SUB.D2        B15,B0,B15
00000790   00001828           MVK.S1        0x0030,A0
00000794   00000068           MVKH.S1       0x0000,A0
00000798   003c08c0           SUB.D1        A15,A0,A0
0000079c   02000274           STW.D1T1      A4,*+A0[0]
000007a0   021018f0           MV.D1X        B4,A4
000007a4   00001628           MVK.S1        0x002c,A0
000007a8   00000068           MVKH.S1       0x0000,A0
000007ac   003c08c0           SUB.D1        A15,A0,A0
000007b0   02000274           STW.D1T1      A4,*+A0[0]
000007b4   00001828           MVK.S1        0x0030,A0
000007b8   00000068           MVKH.S1       0x0000,A0
000007bc   023c08c0           SUB.D1        A15,A0,A4
000007c0   02100264           LDW.D1T1      *+A4[0],A4
000007c4   00006000           NOP           4
000007c8   07bd09c2           SUB.D2        B15,0x8,B15
000007cc   023c02f4           STW.D2T1      A4,*+B15[0]
000007d0   00001628           MVK.S1        0x002c,A0
000007d4   00000068           MVKH.S1       0x0000,A0
000007d8   023c08c0           SUB.D1        A15,A0,A4
000007dc   02100264           LDW.D1T1      *+A4[0],A4
000007e0   00006000           NOP           4
000007e4   031008f0           MV.D1         A4,A6
000007e8   023c02e4           LDW.D2T1      *+B15[0],A4
000007ec   00006000           NOP           4
000007f0   07bd0942           ADD.D2        B15,0x8,B15
000007f4   02188a78           CMPEQ.L1      A4,A6,A4
000007f8   02102bf0           XOR.D1        1,A4,A4
000007fc   02100a58           CMPEQ.L1      0,A4,A4
00000800   02102bf0           XOR.D1        1,A4,A4
00000804   009008f0           MV.D1         A4,A1
00000808   90001492    [!A1]  B.S2          L$_ZNSt6stringaSERKS_$end0 (PC+164 = 0x000008a4)
0000080c   00008000           NOP           5
00000810   07bd09c2           SUB.D2        B15,0x8,B15
00000814   00001828           MVK.S1        0x0030,A0
00000818   00000068           MVKH.S1       0x0000,A0
0000081c   023c08c0           SUB.D1        A15,A0,A4
00000820   02100264           LDW.D1T1      *+A4[0],A4
00000824   00006000           NOP           4
00000828   07bd09c2           SUB.D2        B15,0x8,B15
0000082c   023c02f4           STW.D2T1      A4,*+B15[0]
00000830   00001628           MVK.S1        0x002c,A0
00000834   00000068           MVKH.S1       0x0000,A0
00000838   023c08c0           SUB.D1        A15,A0,A4
0000083c   02100264           LDW.D1T1      *+A4[0],A4
00000840   00006000           NOP           4
00000844   02100264           LDW.D1T1      *+A4[0],A4
00000848   00006000           NOP           4
0000084c   07bd09c2           SUB.D2        B15,0x8,B15
00000850   023c02f4           STW.D2T1      A4,*+B15[0]
00000854   00001628           MVK.S1        0x002c,A0
00000858   00000068           MVKH.S1       0x0000,A0
0000085c   023c08c0           SUB.D1        A15,A0,A4
00000860   02100264           LDW.D1T1      *+A4[0],A4
00000864   00006000           NOP           4
00000868   02108940           ADD.D1        A4,0x4,A4
0000086c   02100264           LDW.D1T1      *+A4[0],A4
00000870   00006000           NOP           4
00000874   031008f0           MV.D1         A4,A6
00000878   023c02e6           LDW.D2T2      *+B15[0],B4
0000087c   00006000           NOP           4
00000880   07bd0942           ADD.D2        B15,0x8,B15
00000884   023c02e4           LDW.D2T1      *+B15[0],A4
00000888   00006000           NOP           4
0000088c   07bd0942           ADD.D2        B15,0x8,B15
00000890   0180002a           MVK.S2        0x0000,B3
00000894   0180006a           MVKH.S2       0x0000,B3
00000898   00000012           B.S2          0x000880
0000089c   00008000           NOP           5
000008a0            L$_ZNSt6stringaSERKS_$ret1:
000008a0   07bd0942           ADD.D2        B15,0x8,B15
000008a4            L$_ZNSt6stringaSERKS_$end0:
000008a4   00001828           MVK.S1        0x0030,A0
000008a8   00000068           MVKH.S1       0x0000,A0
000008ac   023c08c0           SUB.D1        A15,A0,A4
000008b0   02100264           LDW.D1T1      *+A4[0],A4
000008b4   00006000           NOP           4
000008b8   00000492           B.S2          L$return$_ZNSt6stringaSERKS_ (PC+36 = 0x000008c4)
000008bc   00008000           NOP           5
000008c0   0200a358           MVK.L1        0,A4
000008c4            L$return$_ZNSt6stringaSERKS_:
000008c4   01bc2066           LDW.D1T2      *-A15[1],B3
000008c8   07bc18f2           MV.D2X        A15,B15
000008cc   07bc0264           LDW.D1T1      *+A15[0],A15
000008d0   00006000           NOP           4
000008d4   000c0362           B.S2          B3
000008d8   00008000           NOP           5
000008dc            _ZNSt6stringaSEPKc:
000008dc   07bc02f4           STW.D2T1      A15,*+B15[0]
000008e0   07bc18f0           MV.D1X        B15,A15
000008e4   01bc2076           STW.D1T2      B3,*-A15[1]
000008e8   00001c2a           MVK.S2        0x0038,B0
000008ec   0000006a           MVKH.S2       0x0000,B0
000008f0   07bc08c2           SUB.D2        B15,B0,B15
000008f4   00001828           MVK.S1        0x0030,A0
000008f8   00000068           MVKH.S1       0x0000,A0
000008fc   003c08c0           SUB.D1        A15,A0,A0
00000900   02000274           STW.D1T1      A4,*+A0[0]
00000904   021018f0           MV.D1X        B4,A4
00000908   00001628           MVK.S1        0x002c,A0
0000090c   00000068           MVKH.S1       0x0000,A0
00000910   003c08c0           SUB.D1        A15,A0,A0
00000914   02000274           STW.D1T1      A4,*+A0[0]
00000918   07bd09c2           SUB.D2        B15,0x8,B15
0000091c   00001828           MVK.S1        0x0030,A0
00000920   00000068           MVKH.S1       0x0000,A0
00000924   023c08c0           SUB.D1        A15,A0,A4
00000928   02100264           LDW.D1T1      *+A4[0],A4
0000092c   00006000           NOP           4
00000930   07bd09c2           SUB.D2        B15,0x8,B15
00000934   023c02f4           STW.D2T1      A4,*+B15[0]
00000938   00001628           MVK.S1        0x002c,A0
0000093c   00000068           MVKH.S1       0x0000,A0
00000940   023c08c0           SUB.D1        A15,A0,A4
00000944   02100264           LDW.D1T1      *+A4[0],A4
00000948   00006000           NOP           4
0000094c   07bd09c2           SUB.D2        B15,0x8,B15
00000950   023c02f4           STW.D2T1      A4,*+B15[0]
00000954   00001628           MVK.S1        0x002c,A0
00000958   00000068           MVKH.S1       0x0000,A0
0000095c   023c08c0           SUB.D1        A15,A0,A4
00000960   02100264           LDW.D1T1      *+A4[0],A4
00000964   00006000           NOP           4
00000968   07bd09c2           SUB.D2        B15,0x8,B15
0000096c   023c02f4           STW.D2T1      A4,*+B15[0]
00000970   02000028           MVK.S1        0x0000,A4
00000974   02000068           MVKH.S1       0x0000,A4
00000978   031008f0           MV.D1         A4,A6
0000097c   023c02e4           LDW.D2T1      *+B15[0],A4
00000980   00006000           NOP           4
00000984   07bd0942           ADD.D2        B15,0x8,B15
00000988   02188a78           CMPEQ.L1      A4,A6,A4
0000098c   02100a58           CMPEQ.L1      0,A4,A4
00000990   02102bf0           XOR.D1        1,A4,A4
00000994   009008f0           MV.D1         A4,A1
00000998   90000612    [!A1]  B.S2          L$_ZNSt6stringaSEPKc$else0 (PC+48 = 0x000009b0)
0000099c   00008000           NOP           5
000009a0   02000028           MVK.S1        0x0000,A4
000009a4   02000068           MVKH.S1       0x0000,A4
000009a8   00000792           B.S2          L$_ZNSt6stringaSEPKc$end0 (PC+60 = 0x000009dc)
000009ac   00008000           NOP           5
000009b0            L$_ZNSt6stringaSEPKc$else0:
000009b0   07bd09c2           SUB.D2        B15,0x8,B15
000009b4   00001628           MVK.S1        0x002c,A0
000009b8   00000068           MVKH.S1       0x0000,A0
000009bc   023c08c0           SUB.D1        A15,A0,A4
000009c0   02100264           LDW.D1T1      *+A4[0],A4
000009c4   00006000           NOP           4
000009c8   0180002a           MVK.S2        0x0000,B3
000009cc   0180006a           MVKH.S2       0x0000,B3
000009d0   00000012           B.S2          0x0009c0
000009d4   00008000           NOP           5
000009d8            L$_ZNSt6stringaSEPKc$ret1:
000009d8   07bd0942           ADD.D2        B15,0x8,B15
000009dc            L$_ZNSt6stringaSEPKc$end0:
000009dc   031008f0           MV.D1         A4,A6
000009e0   023c02e6           LDW.D2T2      *+B15[0],B4
000009e4   00006000           NOP           4
000009e8   07bd0942           ADD.D2        B15,0x8,B15
000009ec   023c02e4           LDW.D2T1      *+B15[0],A4
000009f0   00006000           NOP           4
000009f4   07bd0942           ADD.D2        B15,0x8,B15
000009f8   0180002a           MVK.S2        0x0000,B3
000009fc   0180006a           MVKH.S2       0x0000,B3
00000a00   00000012           B.S2          0x000a00
00000a04   00008000           NOP           5
00000a08            L$_ZNSt6stringaSEPKc$ret2:
00000a08   07bd0942           ADD.D2        B15,0x8,B15
00000a0c   00001828           MVK.S1        0x0030,A0
00000a10   00000068           MVKH.S1       0x0000,A0
00000a14   023c08c0           SUB.D1        A15,A0,A4
00000a18   02100264           LDW.D1T1      *+A4[0],A4
00000a1c   00006000           NOP           4
00000a20   00000192           B.S2          L$return$_ZNSt6stringaSEPKc (PC+12 = 0x00000a2c)
00000a24   00008000           NOP           5
00000a28   0200a358           MVK.L1        0,A4
00000a2c            L$return$_ZNSt6stringaSEPKc:
00000a2c   01bc2066           LDW.D1T2      *-A15[1],B3
00000a30   07bc18f2           MV.D2X        A15,B15
00000a34   07bc0264           LDW.D1T1      *+A15[0],A15
00000a38   00006000           NOP           4
00000a3c   000c0362           B.S2          B3
00000a40   00008000           NOP           5
00000a44            _ZNSt6stringaSEc:
00000a44   07bc02f4           STW.D2T1      A15,*+B15[0]
00000a48   07bc18f0           MV.D1X        B15,A15
00000a4c   01bc2076           STW.D1T2      B3,*-A15[1]
00000a50   00001c2a           MVK.S2        0x0038,B0
00000a54   0000006a           MVKH.S2       0x0000,B0
00000a58   07bc08c2           SUB.D2        B15,B0,B15
00000a5c   00001828           MVK.S1        0x0030,A0
00000a60   00000068           MVKH.S1       0x0000,A0
00000a64   003c08c0           SUB.D1        A15,A0,A0
00000a68   02000274           STW.D1T1      A4,*+A0[0]
00000a6c   021018f0           MV.D1X        B4,A4
00000a70   000014a8           MVK.S1        0x0029,A0
00000a74   00000068           MVKH.S1       0x0000,A0
00000a78   003c08c0           SUB.D1        A15,A0,A0
00000a7c   02000234           STB.D1T1      A4,*+A0[0]
00000a80   07bd09c2           SUB.D2        B15,0x8,B15
00000a84   00001828           MVK.S1        0x0030,A0
00000a88   00000068           MVKH.S1       0x0000,A0
00000a8c   023c08c0           SUB.D1        A15,A0,A4
00000a90   02100264           LDW.D1T1      *+A4[0],A4
00000a94   00006000           NOP           4
00000a98   07bd09c2           SUB.D2        B15,0x8,B15
00000a9c   023c02f4           STW.D2T1      A4,*+B15[0]
00000aa0   000014a8           MVK.S1        0x0029,A0
00000aa4   00000068           MVKH.S1       0x0000,A0
00000aa8   023c08c0           SUB.D1        A15,A0,A4
00000aac   07bd09c2           SUB.D2        B15,0x8,B15
00000ab0   023c02f4           STW.D2T1      A4,*+B15[0]
00000ab4   020000a8           MVK.S1        0x0001,A4
00000ab8   02000068           MVKH.S1       0x0000,A4
00000abc   031008f0           MV.D1         A4,A6
00000ac0   023c02e6           LDW.D2T2      *+B15[0],B4
00000ac4   00006000           NOP           4
00000ac8   07bd0942           ADD.D2        B15,0x8,B15
00000acc   023c02e4           LDW.D2T1      *+B15[0],A4
00000ad0   00006000           NOP           4
00000ad4   07bd0942           ADD.D2        B15,0x8,B15
00000ad8   0180002a           MVK.S2        0x0000,B3
00000adc   0180006a           MVKH.S2       0x0000,B3
00000ae0   00000012           B.S2          0x000ae0
00000ae4   00008000           NOP           5
00000ae8            L$_ZNSt6stringaSEc$ret0:
00000ae8   07bd0942           ADD.D2        B15,0x8,B15
00000aec   00001828           MVK.S1        0x0030,A0
00000af0   00000068           MVKH.S1       0x0000,A0
00000af4   023c08c0           SUB.D1        A15,A0,A4
00000af8   02100264           LDW.D1T1      *+A4[0],A4
00000afc   00006000           NOP           4
00000b00   00000192           B.S2          L$return$_ZNSt6stringaSEc (PC+12 = 0x00000b0c)
00000b04   00008000           NOP           5
00000b08   0200a358           MVK.L1        0,A4
00000b0c            L$return$_ZNSt6stringaSEc:
00000b0c   01bc2066           LDW.D1T2      *-A15[1],B3
00000b10   07bc18f2           MV.D2X        A15,B15
00000b14   07bc0264           LDW.D1T1      *+A15[0],A15
00000b18   00006000           NOP           4
00000b1c   000c0362           B.S2          B3
00000b20   00008000           NOP           5
00000b24            _ZNSt6stringpLERKS_:
00000b24   07bc02f4           STW.D2T1      A15,*+B15[0]
00000b28   07bc18f0           MV.D1X        B15,A15
00000b2c   01bc2076           STW.D1T2      B3,*-A15[1]
00000b30   00001c2a           MVK.S2        0x0038,B0
00000b34   0000006a           MVKH.S2       0x0000,B0
00000b38   07bc08c2           SUB.D2        B15,B0,B15
00000b3c   00001828           MVK.S1        0x0030,A0
00000b40   00000068           MVKH.S1       0x0000,A0
00000b44   003c08c0           SUB.D1        A15,A0,A0
00000b48   02000274           STW.D1T1      A4,*+A0[0]
00000b4c   021018f0           MV.D1X        B4,A4
00000b50   00001628           MVK.S1        0x002c,A0
00000b54   00000068           MVKH.S1       0x0000,A0
00000b58   003c08c0           SUB.D1        A15,A0,A0
00000b5c   02000274           STW.D1T1      A4,*+A0[0]
00000b60   07bd09c2           SUB.D2        B15,0x8,B15
00000b64   00001828           MVK.S1        0x0030,A0
00000b68   00000068           MVKH.S1       0x0000,A0
00000b6c   023c08c0           SUB.D1        A15,A0,A4
00000b70   02100264           LDW.D1T1      *+A4[0],A4
00000b74   00006000           NOP           4
00000b78   07bd09c2           SUB.D2        B15,0x8,B15
00000b7c   023c02f4           STW.D2T1      A4,*+B15[0]
00000b80   00001628           MVK.S1        0x002c,A0
00000b84   00000068           MVKH.S1       0x0000,A0
00000b88   023c08c0           SUB.D1        A15,A0,A4
00000b8c   02100264           LDW.D1T1      *+A4[0],A4
00000b90   00006000           NOP           4
00000b94   02100264           LDW.D1T1      *+A4[0],A4
00000b98   00006000           NOP           4
00000b9c   07bd09c2           SUB.D2        B15,0x8,B15
00000ba0   023c02f4           STW.D2T1      A4,*+B15[0]
00000ba4   00001628           MVK.S1        0x002c,A0
00000ba8   00000068           MVKH.S1       0x0000,A0
00000bac   023c08c0           SUB.D1        A15,A0,A4
00000bb0   02100264           LDW.D1T1      *+A4[0],A4
00000bb4   00006000           NOP           4
00000bb8   02108940           ADD.D1        A4,0x4,A4
00000bbc   02100264           LDW.D1T1      *+A4[0],A4
00000bc0   00006000           NOP           4
00000bc4   031008f0           MV.D1         A4,A6
00000bc8   023c02e6           LDW.D2T2      *+B15[0],B4
00000bcc   00006000           NOP           4
00000bd0   07bd0942           ADD.D2        B15,0x8,B15
00000bd4   023c02e4           LDW.D2T1      *+B15[0],A4
00000bd8   00006000           NOP           4
00000bdc   07bd0942           ADD.D2        B15,0x8,B15
00000be0   0180002a           MVK.S2        0x0000,B3
00000be4   0180006a           MVKH.S2       0x0000,B3
00000be8   00000012           B.S2          0x000be0
00000bec   00008000           NOP           5
00000bf0            L$_ZNSt6stringpLERKS_$ret0:
00000bf0   07bd0942           ADD.D2        B15,0x8,B15
00000bf4   00000412           B.S2          L$return$_ZNSt6stringpLERKS_ (PC+32 = 0x00000c00)
00000bf8   00008000           NOP           5
00000bfc   0200a358           MVK.L1        0,A4
00000c00            L$return$_ZNSt6stringpLERKS_:
00000c00   01bc2066           LDW.D1T2      *-A15[1],B3
00000c04   07bc18f2           MV.D2X        A15,B15
00000c08   07bc0264           LDW.D1T1      *+A15[0],A15
00000c0c   00006000           NOP           4
00000c10   000c0362           B.S2          B3
00000c14   00008000           NOP           5
00000c18            _ZNSt6stringpLEPKc:
00000c18   07bc02f4           STW.D2T1      A15,*+B15[0]
00000c1c   07bc18f0           MV.D1X        B15,A15
00000c20   01bc2076           STW.D1T2      B3,*-A15[1]
00000c24   00001c2a           MVK.S2        0x0038,B0
00000c28   0000006a           MVKH.S2       0x0000,B0
00000c2c   07bc08c2           SUB.D2        B15,B0,B15
00000c30   00001828           MVK.S1        0x0030,A0
00000c34   00000068           MVKH.S1       0x0000,A0
00000c38   003c08c0           SUB.D1        A15,A0,A0
00000c3c   02000274           STW.D1T1      A4,*+A0[0]
00000c40   021018f0           MV.D1X        B4,A4
00000c44   00001628           MVK.S1        0x002c,A0
00000c48   00000068           MVKH.S1       0x0000,A0
00000c4c   003c08c0           SUB.D1        A15,A0,A0
00000c50   02000274           STW.D1T1      A4,*+A0[0]
00000c54   07bd09c2           SUB.D2        B15,0x8,B15
00000c58   00001828           MVK.S1        0x0030,A0
00000c5c   00000068           MVKH.S1       0x0000,A0
00000c60   023c08c0           SUB.D1        A15,A0,A4
00000c64   02100264           LDW.D1T1      *+A4[0],A4
00000c68   00006000           NOP           4
00000c6c   07bd09c2           SUB.D2        B15,0x8,B15
00000c70   023c02f4           STW.D2T1      A4,*+B15[0]
00000c74   00001628           MVK.S1        0x002c,A0
00000c78   00000068           MVKH.S1       0x0000,A0
00000c7c   023c08c0           SUB.D1        A15,A0,A4
00000c80   02100264           LDW.D1T1      *+A4[0],A4
00000c84   00006000           NOP           4
00000c88   07bd09c2           SUB.D2        B15,0x8,B15
00000c8c   023c02f4           STW.D2T1      A4,*+B15[0]
00000c90   00001628           MVK.S1        0x002c,A0
00000c94   00000068           MVKH.S1       0x0000,A0
00000c98   023c08c0           SUB.D1        A15,A0,A4
00000c9c   02100264           LDW.D1T1      *+A4[0],A4
00000ca0   00006000           NOP           4
00000ca4   07bd09c2           SUB.D2        B15,0x8,B15
00000ca8   023c02f4           STW.D2T1      A4,*+B15[0]
00000cac   02000028           MVK.S1        0x0000,A4
00000cb0   02000068           MVKH.S1       0x0000,A4
00000cb4   031008f0           MV.D1         A4,A6
00000cb8   023c02e4           LDW.D2T1      *+B15[0],A4
00000cbc   00006000           NOP           4
00000cc0   07bd0942           ADD.D2        B15,0x8,B15
00000cc4   02188a78           CMPEQ.L1      A4,A6,A4
00000cc8   02100a58           CMPEQ.L1      0,A4,A4
00000ccc   02102bf0           XOR.D1        1,A4,A4
00000cd0   009008f0           MV.D1         A4,A1
00000cd4   90000592    [!A1]  B.S2          L$_ZNSt6stringpLEPKc$else0 (PC+44 = 0x00000cec)
00000cd8   00008000           NOP           5
00000cdc   02000028           MVK.S1        0x0000,A4
00000ce0   02000068           MVKH.S1       0x0000,A4
00000ce4   00000712           B.S2          L$_ZNSt6stringpLEPKc$end0 (PC+56 = 0x00000d18)
00000ce8   00008000           NOP           5
00000cec            L$_ZNSt6stringpLEPKc$else0:
00000cec   07bd09c2           SUB.D2        B15,0x8,B15
00000cf0   00001628           MVK.S1        0x002c,A0
00000cf4   00000068           MVKH.S1       0x0000,A0
00000cf8   023c08c0           SUB.D1        A15,A0,A4
00000cfc   02100264           LDW.D1T1      *+A4[0],A4
00000d00   00006000           NOP           4
00000d04   0180002a           MVK.S2        0x0000,B3
00000d08   0180006a           MVKH.S2       0x0000,B3
00000d0c   00000012           B.S2          0x000d00
00000d10   00008000           NOP           5
00000d14            L$_ZNSt6stringpLEPKc$ret1:
00000d14   07bd0942           ADD.D2        B15,0x8,B15
00000d18            L$_ZNSt6stringpLEPKc$end0:
00000d18   031008f0           MV.D1         A4,A6
00000d1c   023c02e6           LDW.D2T2      *+B15[0],B4
00000d20   00006000           NOP           4
00000d24   07bd0942           ADD.D2        B15,0x8,B15
00000d28   023c02e4           LDW.D2T1      *+B15[0],A4
00000d2c   00006000           NOP           4
00000d30   07bd0942           ADD.D2        B15,0x8,B15
00000d34   0180002a           MVK.S2        0x0000,B3
00000d38   0180006a           MVKH.S2       0x0000,B3
00000d3c   00000012           B.S2          0x000d20
00000d40   00008000           NOP           5
00000d44            L$_ZNSt6stringpLEPKc$ret2:
00000d44   07bd0942           ADD.D2        B15,0x8,B15
00000d48   00000292           B.S2          L$return$_ZNSt6stringpLEPKc (PC+20 = 0x00000d54)
00000d4c   00008000           NOP           5
00000d50   0200a358           MVK.L1        0,A4
00000d54            L$return$_ZNSt6stringpLEPKc:
00000d54   01bc2066           LDW.D1T2      *-A15[1],B3
00000d58   07bc18f2           MV.D2X        A15,B15
00000d5c   07bc0264           LDW.D1T1      *+A15[0],A15
00000d60   00006000           NOP           4
00000d64   000c0362           B.S2          B3
00000d68   00008000           NOP           5
00000d6c            _ZNSt6stringpLEc:
00000d6c   07bc02f4           STW.D2T1      A15,*+B15[0]
00000d70   07bc18f0           MV.D1X        B15,A15
00000d74   01bc2076           STW.D1T2      B3,*-A15[1]
00000d78   00001c2a           MVK.S2        0x0038,B0
00000d7c   0000006a           MVKH.S2       0x0000,B0
00000d80   07bc08c2           SUB.D2        B15,B0,B15
00000d84   00001828           MVK.S1        0x0030,A0
00000d88   00000068           MVKH.S1       0x0000,A0
00000d8c   003c08c0           SUB.D1        A15,A0,A0
00000d90   02000274           STW.D1T1      A4,*+A0[0]
00000d94   021018f0           MV.D1X        B4,A4
00000d98   000014a8           MVK.S1        0x0029,A0
00000d9c   00000068           MVKH.S1       0x0000,A0
00000da0   003c08c0           SUB.D1        A15,A0,A0
00000da4   02000234           STB.D1T1      A4,*+A0[0]
00000da8   07bd09c2           SUB.D2        B15,0x8,B15
00000dac   00001828           MVK.S1        0x0030,A0
00000db0   00000068           MVKH.S1       0x0000,A0
00000db4   023c08c0           SUB.D1        A15,A0,A4
00000db8   02100264           LDW.D1T1      *+A4[0],A4
00000dbc   00006000           NOP           4
00000dc0   07bd09c2           SUB.D2        B15,0x8,B15
00000dc4   023c02f4           STW.D2T1      A4,*+B15[0]
00000dc8   000014a8           MVK.S1        0x0029,A0
00000dcc   00000068           MVKH.S1       0x0000,A0
00000dd0   023c08c0           SUB.D1        A15,A0,A4
00000dd4   07bd09c2           SUB.D2        B15,0x8,B15
00000dd8   023c02f4           STW.D2T1      A4,*+B15[0]
00000ddc   020000a8           MVK.S1        0x0001,A4
00000de0   02000068           MVKH.S1       0x0000,A4
00000de4   031008f0           MV.D1         A4,A6
00000de8   023c02e6           LDW.D2T2      *+B15[0],B4
00000dec   00006000           NOP           4
00000df0   07bd0942           ADD.D2        B15,0x8,B15
00000df4   023c02e4           LDW.D2T1      *+B15[0],A4
00000df8   00006000           NOP           4
00000dfc   07bd0942           ADD.D2        B15,0x8,B15
00000e00   0180002a           MVK.S2        0x0000,B3
00000e04   0180006a           MVKH.S2       0x0000,B3
00000e08   00000012           B.S2          0x000e00
00000e0c   00008000           NOP           5
00000e10            L$_ZNSt6stringpLEc$ret0:
00000e10   07bd0942           ADD.D2        B15,0x8,B15
00000e14   00000412           B.S2          L$return$_ZNSt6stringpLEc (PC+32 = 0x00000e20)
00000e18   00008000           NOP           5
00000e1c   0200a358           MVK.L1        0,A4
00000e20            L$return$_ZNSt6stringpLEc:
00000e20   01bc2066           LDW.D1T2      *-A15[1],B3
00000e24   07bc18f2           MV.D2X        A15,B15
00000e28   07bc0264           LDW.D1T1      *+A15[0],A15
00000e2c   00006000           NOP           4
00000e30   000c0362           B.S2          B3
00000e34   00008000           NOP           5
00000e38            _ZNSt6stringixEj:
00000e38   07bc02f4           STW.D2T1      A15,*+B15[0]
00000e3c   07bc18f0           MV.D1X        B15,A15
00000e40   00001c2a           MVK.S2        0x0038,B0
00000e44   0000006a           MVKH.S2       0x0000,B0
00000e48   07bc08c2           SUB.D2        B15,B0,B15
00000e4c   00001828           MVK.S1        0x0030,A0
00000e50   00000068           MVKH.S1       0x0000,A0
00000e54   003c08c0           SUB.D1        A15,A0,A0
00000e58   02000274           STW.D1T1      A4,*+A0[0]
00000e5c   021018f0           MV.D1X        B4,A4
00000e60   00001628           MVK.S1        0x002c,A0
00000e64   00000068           MVKH.S1       0x0000,A0
00000e68   003c08c0           SUB.D1        A15,A0,A0
00000e6c   02000274           STW.D1T1      A4,*+A0[0]
00000e70   00001828           MVK.S1        0x0030,A0
00000e74   00000068           MVKH.S1       0x0000,A0
00000e78   023c08c0           SUB.D1        A15,A0,A4
00000e7c   02100264           LDW.D1T1      *+A4[0],A4
00000e80   00006000           NOP           4
00000e84   02100264           LDW.D1T1      *+A4[0],A4
00000e88   00006000           NOP           4
00000e8c   07bd09c2           SUB.D2        B15,0x8,B15
00000e90   023c02f4           STW.D2T1      A4,*+B15[0]
00000e94   00001628           MVK.S1        0x002c,A0
00000e98   00000068           MVKH.S1       0x0000,A0
00000e9c   023c08c0           SUB.D1        A15,A0,A4
00000ea0   02100264           LDW.D1T1      *+A4[0],A4
00000ea4   00006000           NOP           4
00000ea8   07bd09c2           SUB.D2        B15,0x8,B15
00000eac   023c02f4           STW.D2T1      A4,*+B15[0]
00000eb0   020000a8           MVK.S1        0x0001,A4
00000eb4   02000068           MVKH.S1       0x0000,A4
00000eb8   031008f0           MV.D1         A4,A6
00000ebc   023c02e4           LDW.D2T1      *+B15[0],A4
00000ec0   00006000           NOP           4
00000ec4   07bd0942           ADD.D2        B15,0x8,B15
00000ec8   02188800           MPY32.M1      A4,A6,A4
00000ecc   00004000           NOP           3
00000ed0   031008f0           MV.D1         A4,A6
00000ed4   023c02e4           LDW.D2T1      *+B15[0],A4
00000ed8   00006000           NOP           4
00000edc   07bd0942           ADD.D2        B15,0x8,B15
00000ee0   0210c840           ADD.D1        A4,A6,A4
00000ee4   00000212           B.S2          L$return$_ZNSt6stringixEj (PC+16 = 0x00000ef0)
00000ee8   00008000           NOP           5
00000eec   0200a358           MVK.L1        0,A4
00000ef0            L$return$_ZNSt6stringixEj:
00000ef0   07bc18f2           MV.D2X        A15,B15
00000ef4   07bc0264           LDW.D1T1      *+A15[0],A15
00000ef8   00006000           NOP           4
00000efc   000c0362           B.S2          B3
00000f00   00008000           NOP           5
00000f04            _ZNKSt6stringixEj:
00000f04   07bc02f4           STW.D2T1      A15,*+B15[0]
00000f08   07bc18f0           MV.D1X        B15,A15
00000f0c   00001c2a           MVK.S2        0x0038,B0
00000f10   0000006a           MVKH.S2       0x0000,B0
00000f14   07bc08c2           SUB.D2        B15,B0,B15
00000f18   00001828           MVK.S1        0x0030,A0
00000f1c   00000068           MVKH.S1       0x0000,A0
00000f20   003c08c0           SUB.D1        A15,A0,A0
00000f24   02000274           STW.D1T1      A4,*+A0[0]
00000f28   021018f0           MV.D1X        B4,A4
00000f2c   00001628           MVK.S1        0x002c,A0
00000f30   00000068           MVKH.S1       0x0000,A0
00000f34   003c08c0           SUB.D1        A15,A0,A0
00000f38   02000274           STW.D1T1      A4,*+A0[0]
00000f3c   00001828           MVK.S1        0x0030,A0
00000f40   00000068           MVKH.S1       0x0000,A0
00000f44   023c08c0           SUB.D1        A15,A0,A4
00000f48   02100264           LDW.D1T1      *+A4[0],A4
00000f4c   00006000           NOP           4
00000f50   02100264           LDW.D1T1      *+A4[0],A4
00000f54   00006000           NOP           4
00000f58   07bd09c2           SUB.D2        B15,0x8,B15
00000f5c   023c02f4           STW.D2T1      A4,*+B15[0]
00000f60   00001628           MVK.S1        0x002c,A0
00000f64   00000068           MVKH.S1       0x0000,A0
00000f68   023c08c0           SUB.D1        A15,A0,A4
00000f6c   02100264           LDW.D1T1      *+A4[0],A4
00000f70   00006000           NOP           4
00000f74   07bd09c2           SUB.D2        B15,0x8,B15
00000f78   023c02f4           STW.D2T1      A4,*+B15[0]
00000f7c   020000a8           MVK.S1        0x0001,A4
00000f80   02000068           MVKH.S1       0x0000,A4
00000f84   031008f0           MV.D1         A4,A6
00000f88   023c02e4           LDW.D2T1      *+B15[0],A4
00000f8c   00006000           NOP           4
00000f90   07bd0942           ADD.D2        B15,0x8,B15
00000f94   02188800           MPY32.M1      A4,A6,A4
00000f98   00004000           NOP           3
00000f9c   031008f0           MV.D1         A4,A6
00000fa0   023c02e4           LDW.D2T1      *+B15[0],A4
00000fa4   00006000           NOP           4
00000fa8   07bd0942           ADD.D2        B15,0x8,B15
00000fac   0210c840           ADD.D1        A4,A6,A4
00000fb0   00000392           B.S2          L$return$_ZNKSt6stringixEj (PC+28 = 0x00000fbc)
00000fb4   00008000           NOP           5
00000fb8   0200a358           MVK.L1        0,A4
00000fbc            L$return$_ZNKSt6stringixEj:
00000fbc   07bc18f2           MV.D2X        A15,B15
00000fc0   07bc0264           LDW.D1T1      *+A15[0],A15
00000fc4   00006000           NOP           4
00000fc8   000c0362           B.S2          B3
00000fcc   00008000           NOP           5
00000fd0            _ZNKSt6string4sizeEv:
00000fd0   07bc02f4           STW.D2T1      A15,*+B15[0]
00000fd4   07bc18f0           MV.D1X        B15,A15
00000fd8   00001c2a           MVK.S2        0x0038,B0
00000fdc   0000006a           MVKH.S2       0x0000,B0
00000fe0   07bc08c2           SUB.D2        B15,B0,B15
00000fe4   00001628           MVK.S1        0x002c,A0
00000fe8   00000068           MVKH.S1       0x0000,A0
00000fec   003c08c0           SUB.D1        A15,A0,A0
00000ff0   02000274           STW.D1T1      A4,*+A0[0]
00000ff4   00001628           MVK.S1        0x002c,A0
00000ff8   00000068           MVKH.S1       0x0000,A0
00000ffc   023c08c0           SUB.D1        A15,A0,A4
00001000   02100264           LDW.D1T1      *+A4[0],A4
00001004   00006000           NOP           4
00001008   02108940           ADD.D1        A4,0x4,A4
0000100c   02100264           LDW.D1T1      *+A4[0],A4
00001010   00006000           NOP           4
00001014   00000412           B.S2          L$return$_ZNKSt6string4sizeEv (PC+32 = 0x00001020)
00001018   00008000           NOP           5
0000101c   0200a358           MVK.L1        0,A4
00001020            L$return$_ZNKSt6string4sizeEv:
00001020   07bc18f2           MV.D2X        A15,B15
00001024   07bc0264           LDW.D1T1      *+A15[0],A15
00001028   00006000           NOP           4
0000102c   000c0362           B.S2          B3
00001030   00008000           NOP           5
00001034            _ZNKSt6string6lengthEv:
00001034   07bc02f4           STW.D2T1      A15,*+B15[0]
00001038   07bc18f0           MV.D1X        B15,A15
0000103c   00001c2a           MVK.S2        0x0038,B0
00001040   0000006a           MVKH.S2       0x0000,B0
00001044   07bc08c2           SUB.D2        B15,B0,B15
00001048   00001628           MVK.S1        0x002c,A0
0000104c   00000068           MVKH.S1       0x0000,A0
00001050   003c08c0           SUB.D1        A15,A0,A0
00001054   02000274           STW.D1T1      A4,*+A0[0]
00001058   00001628           MVK.S1        0x002c,A0
0000105c   00000068           MVKH.S1       0x0000,A0
00001060   023c08c0           SUB.D1        A15,A0,A4
00001064   02100264           LDW.D1T1      *+A4[0],A4
00001068   00006000           NOP           4
0000106c   02108940           ADD.D1        A4,0x4,A4
00001070   02100264           LDW.D1T1      *+A4[0],A4
00001074   00006000           NOP           4
00001078   00000492           B.S2          L$return$_ZNKSt6string6lengthEv (PC+36 = 0x00001084)
0000107c   00008000           NOP           5
00001080   0200a358           MVK.L1        0,A4
00001084            L$return$_ZNKSt6string6lengthEv:
00001084   07bc18f2           MV.D2X        A15,B15
00001088   07bc0264           LDW.D1T1      *+A15[0],A15
0000108c   00006000           NOP           4
00001090   000c0362           B.S2          B3
00001094   00008000           NOP           5
00001098            _ZNKSt6string5emptyEv:
00001098   07bc02f4           STW.D2T1      A15,*+B15[0]
0000109c   07bc18f0           MV.D1X        B15,A15
000010a0   00001c2a           MVK.S2        0x0038,B0
000010a4   0000006a           MVKH.S2       0x0000,B0
000010a8   07bc08c2           SUB.D2        B15,B0,B15
000010ac   00001628           MVK.S1        0x002c,A0
000010b0   00000068           MVKH.S1       0x0000,A0
000010b4   003c08c0           SUB.D1        A15,A0,A0
000010b8   02000274           STW.D1T1      A4,*+A0[0]
000010bc   00001628           MVK.S1        0x002c,A0
000010c0   00000068           MVKH.S1       0x0000,A0
000010c4   023c08c0           SUB.D1        A15,A0,A4
000010c8   02100264           LDW.D1T1      *+A4[0],A4
000010cc   00006000           NOP           4
000010d0   02108940           ADD.D1        A4,0x4,A4
000010d4   02100264           LDW.D1T1      *+A4[0],A4
000010d8   00006000           NOP           4
000010dc   07bd09c2           SUB.D2        B15,0x8,B15
000010e0   023c02f4           STW.D2T1      A4,*+B15[0]
000010e4   02000028           MVK.S1        0x0000,A4
000010e8   02000068           MVKH.S1       0x0000,A4
000010ec   031008f0           MV.D1         A4,A6
000010f0   023c02e4           LDW.D2T1      *+B15[0],A4
000010f4   00006000           NOP           4
000010f8   07bd0942           ADD.D2        B15,0x8,B15
000010fc   02188a78           CMPEQ.L1      A4,A6,A4
00001100   00000192           B.S2          L$return$_ZNKSt6string5emptyEv (PC+12 = 0x0000110c)
00001104   00008000           NOP           5
00001108   0200a358           MVK.L1        0,A4
0000110c            L$return$_ZNKSt6string5emptyEv:
0000110c   07bc18f2           MV.D2X        A15,B15
00001110   07bc0264           LDW.D1T1      *+A15[0],A15
00001114   00006000           NOP           4
00001118   000c0362           B.S2          B3
0000111c   00008000           NOP           5
00001120            _ZNKSt6string5c_strEv:
00001120   07bc02f4           STW.D2T1      A15,*+B15[0]
00001124   07bc18f0           MV.D1X        B15,A15
00001128   00001c2a           MVK.S2        0x0038,B0
0000112c   0000006a           MVKH.S2       0x0000,B0
00001130   07bc08c2           SUB.D2        B15,B0,B15
00001134   00001628           MVK.S1        0x002c,A0
00001138   00000068           MVKH.S1       0x0000,A0
0000113c   003c08c0           SUB.D1        A15,A0,A0
00001140   02000274           STW.D1T1      A4,*+A0[0]
00001144   00001628           MVK.S1        0x002c,A0
00001148   00000068           MVKH.S1       0x0000,A0
0000114c   023c08c0           SUB.D1        A15,A0,A4
00001150   02100264           LDW.D1T1      *+A4[0],A4
00001154   00006000           NOP           4
00001158   02100264           LDW.D1T1      *+A4[0],A4
0000115c   00006000           NOP           4
00001160   00000192           B.S2          L$return$_ZNKSt6string5c_strEv (PC+12 = 0x0000116c)
00001164   00008000           NOP           5
00001168   0200a358           MVK.L1        0,A4
0000116c            L$return$_ZNKSt6string5c_strEv:
0000116c   07bc18f2           MV.D2X        A15,B15
00001170   07bc0264           LDW.D1T1      *+A15[0],A15
00001174   00006000           NOP           4
00001178   000c0362           B.S2          B3
0000117c   00008000           NOP           5
00001180            _ZNKSt6string4dataEv:
00001180   07bc02f4           STW.D2T1      A15,*+B15[0]
00001184   07bc18f0           MV.D1X        B15,A15
00001188   00001c2a           MVK.S2        0x0038,B0
0000118c   0000006a           MVKH.S2       0x0000,B0
00001190   07bc08c2           SUB.D2        B15,B0,B15
00001194   00001628           MVK.S1        0x002c,A0
00001198   00000068           MVKH.S1       0x0000,A0
0000119c   003c08c0           SUB.D1        A15,A0,A0
000011a0   02000274           STW.D1T1      A4,*+A0[0]
000011a4   00001628           MVK.S1        0x002c,A0
000011a8   00000068           MVKH.S1       0x0000,A0
000011ac   023c08c0           SUB.D1        A15,A0,A4
000011b0   02100264           LDW.D1T1      *+A4[0],A4
000011b4   00006000           NOP           4
000011b8   02100264           LDW.D1T1      *+A4[0],A4
000011bc   00006000           NOP           4
000011c0   00000192           B.S2          L$return$_ZNKSt6string4dataEv (PC+12 = 0x000011cc)
000011c4   00008000           NOP           5
000011c8   0200a358           MVK.L1        0,A4
000011cc            L$return$_ZNKSt6string4dataEv:
000011cc   07bc18f2           MV.D2X        A15,B15
000011d0   07bc0264           LDW.D1T1      *+A15[0],A15
000011d4   00006000           NOP           4
000011d8   000c0362           B.S2          B3
000011dc   00008000           NOP           5
000011e0            _ZNSt6string5clearEv:
000011e0   07bc02f4           STW.D2T1      A15,*+B15[0]
000011e4   07bc18f0           MV.D1X        B15,A15
000011e8   00001c2a           MVK.S2        0x0038,B0
000011ec   0000006a           MVKH.S2       0x0000,B0
000011f0   07bc08c2           SUB.D2        B15,B0,B15
000011f4   00001628           MVK.S1        0x002c,A0
000011f8   00000068           MVKH.S1       0x0000,A0
000011fc   003c08c0           SUB.D1        A15,A0,A0
00001200   02000274           STW.D1T1      A4,*+A0[0]
00001204   02000028           MVK.S1        0x0000,A4
00001208   02000068           MVKH.S1       0x0000,A4
0000120c   07bd09c2           SUB.D2        B15,0x8,B15
00001210   023c02f4           STW.D2T1      A4,*+B15[0]
00001214   00001628           MVK.S1        0x002c,A0
00001218   00000068           MVKH.S1       0x0000,A0
0000121c   023c08c0           SUB.D1        A15,A0,A4
00001220   02100264           LDW.D1T1      *+A4[0],A4
00001224   00006000           NOP           4
00001228   02108940           ADD.D1        A4,0x4,A4
0000122c   031008f0           MV.D1         A4,A6
00001230   023c02e4           LDW.D2T1      *+B15[0],A4
00001234   00006000           NOP           4
00001238   07bd0942           ADD.D2        B15,0x8,B15
0000123c   02180274           STW.D1T1      A4,*+A6[0]
00001240   02000028           MVK.S1        0x0000,A4
00001244   02000068           MVKH.S1       0x0000,A4
00001248   02131848           EXT.S1        A4,24,24,A4
0000124c   07bd09c2           SUB.D2        B15,0x8,B15
00001250   023c02f4           STW.D2T1      A4,*+B15[0]
00001254   00001628           MVK.S1        0x002c,A0
00001258   00000068           MVKH.S1       0x0000,A0
0000125c   023c08c0           SUB.D1        A15,A0,A4
00001260   02100264           LDW.D1T1      *+A4[0],A4
00001264   00006000           NOP           4
00001268   02100264           LDW.D1T1      *+A4[0],A4
0000126c   00006000           NOP           4
00001270   07bd09c2           SUB.D2        B15,0x8,B15
00001274   023c02f4           STW.D2T1      A4,*+B15[0]
00001278   02000028           MVK.S1        0x0000,A4
0000127c   02000068           MVKH.S1       0x0000,A4
00001280   07bd09c2           SUB.D2        B15,0x8,B15
00001284   023c02f4           STW.D2T1      A4,*+B15[0]
00001288   020000a8           MVK.S1        0x0001,A4
0000128c   02000068           MVKH.S1       0x0000,A4
00001290   031008f0           MV.D1         A4,A6
00001294   023c02e4           LDW.D2T1      *+B15[0],A4
00001298   00006000           NOP           4
0000129c   07bd0942           ADD.D2        B15,0x8,B15
000012a0   02188800           MPY32.M1      A4,A6,A4
000012a4   00004000           NOP           3
000012a8   031008f0           MV.D1         A4,A6
000012ac   023c02e4           LDW.D2T1      *+B15[0],A4
000012b0   00006000           NOP           4
000012b4   07bd0942           ADD.D2        B15,0x8,B15
000012b8   0210c840           ADD.D1        A4,A6,A4
000012bc   031008f0           MV.D1         A4,A6
000012c0   023c02e4           LDW.D2T1      *+B15[0],A4
000012c4   00006000           NOP           4
000012c8   07bd0942           ADD.D2        B15,0x8,B15
000012cc   02180234           STB.D1T1      A4,*+A6[0]
000012d0   0200a358           MVK.L1        0,A4
000012d4            L$return$_ZNSt6string5clearEv:
000012d4   07bc18f2           MV.D2X        A15,B15
000012d8   07bc0264           LDW.D1T1      *+A15[0],A15
000012dc   00006000           NOP           4
000012e0   000c0362           B.S2          B3
000012e4   00008000           NOP           5
000012e8            _ZNSt6string9push_backEc:
000012e8   07bc02f4           STW.D2T1      A15,*+B15[0]
000012ec   07bc18f0           MV.D1X        B15,A15
000012f0   01bc2076           STW.D1T2      B3,*-A15[1]
000012f4   00001c2a           MVK.S2        0x0038,B0
000012f8   0000006a           MVKH.S2       0x0000,B0
000012fc   07bc08c2           SUB.D2        B15,B0,B15
00001300   00001828           MVK.S1        0x0030,A0
00001304   00000068           MVKH.S1       0x0000,A0
00001308   003c08c0           SUB.D1        A15,A0,A0
0000130c   02000274           STW.D1T1      A4,*+A0[0]
00001310   021018f0           MV.D1X        B4,A4
00001314   000014a8           MVK.S1        0x0029,A0
00001318   00000068           MVKH.S1       0x0000,A0
0000131c   003c08c0           SUB.D1        A15,A0,A0
00001320   02000234           STB.D1T1      A4,*+A0[0]
00001324   07bd09c2           SUB.D2        B15,0x8,B15
00001328   00001828           MVK.S1        0x0030,A0
0000132c   00000068           MVKH.S1       0x0000,A0
00001330   023c08c0           SUB.D1        A15,A0,A4
00001334   02100264           LDW.D1T1      *+A4[0],A4
00001338   00006000           NOP           4
0000133c   07bd09c2           SUB.D2        B15,0x8,B15
00001340   023c02f4           STW.D2T1      A4,*+B15[0]
00001344   000014a8           MVK.S1        0x0029,A0
00001348   00000068           MVKH.S1       0x0000,A0
0000134c   023c08c0           SUB.D1        A15,A0,A4
00001350   07bd09c2           SUB.D2        B15,0x8,B15
00001354   023c02f4           STW.D2T1      A4,*+B15[0]
00001358   020000a8           MVK.S1        0x0001,A4
0000135c   02000068           MVKH.S1       0x0000,A4
00001360   031008f0           MV.D1         A4,A6
00001364   023c02e6           LDW.D2T2      *+B15[0],B4
00001368   00006000           NOP           4
0000136c   07bd0942           ADD.D2        B15,0x8,B15
00001370   023c02e4           LDW.D2T1      *+B15[0],A4
00001374   00006000           NOP           4
00001378   07bd0942           ADD.D2        B15,0x8,B15
0000137c   0180002a           MVK.S2        0x0000,B3
00001380   0180006a           MVKH.S2       0x0000,B3
00001384   00000012           B.S2          0x001380
00001388   00008000           NOP           5
0000138c            L$_ZNSt6string9push_backEc$ret0:
0000138c   07bd0942           ADD.D2        B15,0x8,B15
00001390   0200a358           MVK.L1        0,A4
00001394            L$return$_ZNSt6string9push_backEc:
00001394   01bc2066           LDW.D1T2      *-A15[1],B3
00001398   07bc18f2           MV.D2X        A15,B15
0000139c   07bc0264           LDW.D1T1      *+A15[0],A15
000013a0   00006000           NOP           4
000013a4   000c0362           B.S2          B3
000013a8   00008000           NOP           5
000013ac            _ZNSt6string8pop_backEv:
000013ac   07bc02f4           STW.D2T1      A15,*+B15[0]
000013b0   07bc18f0           MV.D1X        B15,A15
000013b4   00001c2a           MVK.S2        0x0038,B0
000013b8   0000006a           MVKH.S2       0x0000,B0
000013bc   07bc08c2           SUB.D2        B15,B0,B15
000013c0   00001628           MVK.S1        0x002c,A0
000013c4   00000068           MVKH.S1       0x0000,A0
000013c8   003c08c0           SUB.D1        A15,A0,A0
000013cc   02000274           STW.D1T1      A4,*+A0[0]
000013d0   00001628           MVK.S1        0x002c,A0
000013d4   00000068           MVKH.S1       0x0000,A0
000013d8   023c08c0           SUB.D1        A15,A0,A4
000013dc   02100264           LDW.D1T1      *+A4[0],A4
000013e0   00006000           NOP           4
000013e4   02108940           ADD.D1        A4,0x4,A4
000013e8   02100264           LDW.D1T1      *+A4[0],A4
000013ec   00006000           NOP           4
000013f0   07bd09c2           SUB.D2        B15,0x8,B15
000013f4   023c02f4           STW.D2T1      A4,*+B15[0]
000013f8   02000028           MVK.S1        0x0000,A4
000013fc   02000068           MVKH.S1       0x0000,A4
00001400   031008f0           MV.D1         A4,A6
00001404   023c02e4           LDW.D2T1      *+B15[0],A4
00001408   00006000           NOP           4
0000140c   07bd0942           ADD.D2        B15,0x8,B15
00001410   02188a78           CMPEQ.L1      A4,A6,A4
00001414   02102bf0           XOR.D1        1,A4,A4
00001418   02100a58           CMPEQ.L1      0,A4,A4
0000141c   02102bf0           XOR.D1        1,A4,A4
00001420   009008f0           MV.D1         A4,A1
00001424   90002112    [!A1]  B.S2          L$_ZNSt6string8pop_backEv$end0 (PC+264 = 0x00001528)
00001428   00008000           NOP           5
0000142c   00001628           MVK.S1        0x002c,A0
00001430   00000068           MVKH.S1       0x0000,A0
00001434   023c08c0           SUB.D1        A15,A0,A4
00001438   02100264           LDW.D1T1      *+A4[0],A4
0000143c   00006000           NOP           4
00001440   02108940           ADD.D1        A4,0x4,A4
00001444   07bd09c2           SUB.D2        B15,0x8,B15
00001448   023c02f4           STW.D2T1      A4,*+B15[0]
0000144c   02100264           LDW.D1T1      *+A4[0],A4
00001450   00006000           NOP           4
00001454   07bd09c2           SUB.D2        B15,0x8,B15
00001458   023c02f4           STW.D2T1      A4,*+B15[0]
0000145c   021029c0           SUB.D1        A4,0x1,A4
00001460   033c02e4           LDW.D2T1      *+B15[0],A6
00001464   00006000           NOP           4
00001468   07bd0942           ADD.D2        B15,0x8,B15
0000146c   01bc02e4           LDW.D2T1      *+B15[0],A3
00001470   00006000           NOP           4
00001474   07bd0942           ADD.D2        B15,0x8,B15
00001478   020c0274           STW.D1T1      A4,*+A3[0]
0000147c   021808f0           MV.D1         A6,A4
00001480   02000028           MVK.S1        0x0000,A4
00001484   02000068           MVKH.S1       0x0000,A4
00001488   02131848           EXT.S1        A4,24,24,A4
0000148c   07bd09c2           SUB.D2        B15,0x8,B15
00001490   023c02f4           STW.D2T1      A4,*+B15[0]
00001494   00001628           MVK.S1        0x002c,A0
00001498   00000068           MVKH.S1       0x0000,A0
0000149c   023c08c0           SUB.D1        A15,A0,A4
000014a0   02100264           LDW.D1T1      *+A4[0],A4
000014a4   00006000           NOP           4
000014a8   02100264           LDW.D1T1      *+A4[0],A4
000014ac   00006000           NOP           4
000014b0   07bd09c2           SUB.D2        B15,0x8,B15
000014b4   023c02f4           STW.D2T1      A4,*+B15[0]
000014b8   00001628           MVK.S1        0x002c,A0
000014bc   00000068           MVKH.S1       0x0000,A0
000014c0   023c08c0           SUB.D1        A15,A0,A4
000014c4   02100264           LDW.D1T1      *+A4[0],A4
000014c8   00006000           NOP           4
000014cc   02108940           ADD.D1        A4,0x4,A4
000014d0   02100264           LDW.D1T1      *+A4[0],A4
000014d4   00006000           NOP           4
000014d8   07bd09c2           SUB.D2        B15,0x8,B15
000014dc   023c02f4           STW.D2T1      A4,*+B15[0]
000014e0   020000a8           MVK.S1        0x0001,A4
000014e4   02000068           MVKH.S1       0x0000,A4
000014e8   031008f0           MV.D1         A4,A6
000014ec   023c02e4           LDW.D2T1      *+B15[0],A4
000014f0   00006000           NOP           4
000014f4   07bd0942           ADD.D2        B15,0x8,B15
000014f8   02188800           MPY32.M1      A4,A6,A4
000014fc   00004000           NOP           3
00001500   031008f0           MV.D1         A4,A6
00001504   023c02e4           LDW.D2T1      *+B15[0],A4
00001508   00006000           NOP           4
0000150c   07bd0942           ADD.D2        B15,0x8,B15
00001510   0210c840           ADD.D1        A4,A6,A4
00001514   031008f0           MV.D1         A4,A6
00001518   023c02e4           LDW.D2T1      *+B15[0],A4
0000151c   00006000           NOP           4
00001520   07bd0942           ADD.D2        B15,0x8,B15
00001524   02180234           STB.D1T1      A4,*+A6[0]
00001528            L$_ZNSt6string8pop_backEv$end0:
00001528   0200a358           MVK.L1        0,A4
0000152c            L$return$_ZNSt6string8pop_backEv:
0000152c   07bc18f2           MV.D2X        A15,B15
00001530   07bc0264           LDW.D1T1      *+A15[0],A15
00001534   00006000           NOP           4
00001538   000c0362           B.S2          B3
0000153c   00008000           NOP           5
00001540            _ZNSt6string4backEv:
00001540   07bc02f4           STW.D2T1      A15,*+B15[0]
00001544   07bc18f0           MV.D1X        B15,A15
00001548   00001c2a           MVK.S2        0x0038,B0
0000154c   0000006a           MVKH.S2       0x0000,B0
00001550   07bc08c2           SUB.D2        B15,B0,B15
00001554   00001628           MVK.S1        0x002c,A0
00001558   00000068           MVKH.S1       0x0000,A0
0000155c   003c08c0           SUB.D1        A15,A0,A0
00001560   02000274           STW.D1T1      A4,*+A0[0]
00001564   00001628           MVK.S1        0x002c,A0
00001568   00000068           MVKH.S1       0x0000,A0
0000156c   023c08c0           SUB.D1        A15,A0,A4
00001570   02100264           LDW.D1T1      *+A4[0],A4
00001574   00006000           NOP           4
00001578   02100264           LDW.D1T1      *+A4[0],A4
0000157c   00006000           NOP           4
00001580   07bd09c2           SUB.D2        B15,0x8,B15
00001584   023c02f4           STW.D2T1      A4,*+B15[0]
00001588   00001628           MVK.S1        0x002c,A0
0000158c   00000068           MVKH.S1       0x0000,A0
00001590   023c08c0           SUB.D1        A15,A0,A4
00001594   02100264           LDW.D1T1      *+A4[0],A4
00001598   00006000           NOP           4
0000159c   02108940           ADD.D1        A4,0x4,A4
000015a0   02100264           LDW.D1T1      *+A4[0],A4
000015a4   00006000           NOP           4
000015a8   07bd09c2           SUB.D2        B15,0x8,B15
000015ac   023c02f4           STW.D2T1      A4,*+B15[0]
000015b0   020000a8           MVK.S1        0x0001,A4
000015b4   02000068           MVKH.S1       0x0000,A4
000015b8   031008f0           MV.D1         A4,A6
000015bc   023c02e4           LDW.D2T1      *+B15[0],A4
000015c0   00006000           NOP           4
000015c4   07bd0942           ADD.D2        B15,0x8,B15
000015c8   0210c8c0           SUB.D1        A4,A6,A4
000015cc   07bd09c2           SUB.D2        B15,0x8,B15
000015d0   023c02f4           STW.D2T1      A4,*+B15[0]
000015d4   020000a8           MVK.S1        0x0001,A4
000015d8   02000068           MVKH.S1       0x0000,A4
000015dc   031008f0           MV.D1         A4,A6
000015e0   023c02e4           LDW.D2T1      *+B15[0],A4
000015e4   00006000           NOP           4
000015e8   07bd0942           ADD.D2        B15,0x8,B15
000015ec   02188800           MPY32.M1      A4,A6,A4
000015f0   00004000           NOP           3
000015f4   031008f0           MV.D1         A4,A6
000015f8   023c02e4           LDW.D2T1      *+B15[0],A4
000015fc   00006000           NOP           4
00001600   07bd0942           ADD.D2        B15,0x8,B15
00001604   0210c840           ADD.D1        A4,A6,A4
00001608   00000292           B.S2          L$return$_ZNSt6string4backEv (PC+20 = 0x00001614)
0000160c   00008000           NOP           5
00001610   0200a358           MVK.L1        0,A4
00001614            L$return$_ZNSt6string4backEv:
00001614   07bc18f2           MV.D2X        A15,B15
00001618   07bc0264           LDW.D1T1      *+A15[0],A15
0000161c   00006000           NOP           4
00001620   000c0362           B.S2          B3
00001624   00008000           NOP           5
00001628            _ZNKSt6string4backEv:
00001628   07bc02f4           STW.D2T1      A15,*+B15[0]
0000162c   07bc18f0           MV.D1X        B15,A15
00001630   00001c2a           MVK.S2        0x0038,B0
00001634   0000006a           MVKH.S2       0x0000,B0
00001638   07bc08c2           SUB.D2        B15,B0,B15
0000163c   00001628           MVK.S1        0x002c,A0
00001640   00000068           MVKH.S1       0x0000,A0
00001644   003c08c0           SUB.D1        A15,A0,A0
00001648   02000274           STW.D1T1      A4,*+A0[0]
0000164c   00001628           MVK.S1        0x002c,A0
00001650   00000068           MVKH.S1       0x0000,A0
00001654   023c08c0           SUB.D1        A15,A0,A4
00001658   02100264           LDW.D1T1      *+A4[0],A4
0000165c   00006000           NOP           4
00001660   02100264           LDW.D1T1      *+A4[0],A4
00001664   00006000           NOP           4
00001668   07bd09c2           SUB.D2        B15,0x8,B15
0000166c   023c02f4           STW.D2T1      A4,*+B15[0]
00001670   00001628           MVK.S1        0x002c,A0
00001674   00000068           MVKH.S1       0x0000,A0
00001678   023c08c0           SUB.D1        A15,A0,A4
0000167c   02100264           LDW.D1T1      *+A4[0],A4
00001680   00006000           NOP           4
00001684   02108940           ADD.D1        A4,0x4,A4
00001688   02100264           LDW.D1T1      *+A4[0],A4
0000168c   00006000           NOP           4
00001690   07bd09c2           SUB.D2        B15,0x8,B15
00001694   023c02f4           STW.D2T1      A4,*+B15[0]
00001698   020000a8           MVK.S1        0x0001,A4
0000169c   02000068           MVKH.S1       0x0000,A4
000016a0   031008f0           MV.D1         A4,A6
000016a4   023c02e4           LDW.D2T1      *+B15[0],A4
000016a8   00006000           NOP           4
000016ac   07bd0942           ADD.D2        B15,0x8,B15
000016b0   0210c8c0           SUB.D1        A4,A6,A4
000016b4   07bd09c2           SUB.D2        B15,0x8,B15
000016b8   023c02f4           STW.D2T1      A4,*+B15[0]
000016bc   020000a8           MVK.S1        0x0001,A4
000016c0   02000068           MVKH.S1       0x0000,A4
000016c4   031008f0           MV.D1         A4,A6
000016c8   023c02e4           LDW.D2T1      *+B15[0],A4
000016cc   00006000           NOP           4
000016d0   07bd0942           ADD.D2        B15,0x8,B15
000016d4   02188800           MPY32.M1      A4,A6,A4
000016d8   00004000           NOP           3
000016dc   031008f0           MV.D1         A4,A6
000016e0   023c02e4           LDW.D2T1      *+B15[0],A4
000016e4   00006000           NOP           4
000016e8   07bd0942           ADD.D2        B15,0x8,B15
000016ec   0210c840           ADD.D1        A4,A6,A4
000016f0   00000392           B.S2          L$return$_ZNKSt6string4backEv (PC+28 = 0x000016fc)
000016f4   00008000           NOP           5
000016f8   0200a358           MVK.L1        0,A4
000016fc            L$return$_ZNKSt6string4backEv:
000016fc   07bc18f2           MV.D2X        A15,B15
00001700   07bc0264           LDW.D1T1      *+A15[0],A15
00001704   00006000           NOP           4
00001708   000c0362           B.S2          B3
0000170c   00008000           NOP           5
00001710            _ZNSt6string5frontEv:
00001710   07bc02f4           STW.D2T1      A15,*+B15[0]
00001714   07bc18f0           MV.D1X        B15,A15
00001718   00001c2a           MVK.S2        0x0038,B0
0000171c   0000006a           MVKH.S2       0x0000,B0
00001720   07bc08c2           SUB.D2        B15,B0,B15
00001724   00001628           MVK.S1        0x002c,A0
00001728   00000068           MVKH.S1       0x0000,A0
0000172c   003c08c0           SUB.D1        A15,A0,A0
00001730   02000274           STW.D1T1      A4,*+A0[0]
00001734   00001628           MVK.S1        0x002c,A0
00001738   00000068           MVKH.S1       0x0000,A0
0000173c   023c08c0           SUB.D1        A15,A0,A4
00001740   02100264           LDW.D1T1      *+A4[0],A4
00001744   00006000           NOP           4
00001748   02100264           LDW.D1T1      *+A4[0],A4
0000174c   00006000           NOP           4
00001750   07bd09c2           SUB.D2        B15,0x8,B15
00001754   023c02f4           STW.D2T1      A4,*+B15[0]
00001758   02000028           MVK.S1        0x0000,A4
0000175c   02000068           MVKH.S1       0x0000,A4
00001760   07bd09c2           SUB.D2        B15,0x8,B15
00001764   023c02f4           STW.D2T1      A4,*+B15[0]
00001768   020000a8           MVK.S1        0x0001,A4
0000176c   02000068           MVKH.S1       0x0000,A4
00001770   031008f0           MV.D1         A4,A6
00001774   023c02e4           LDW.D2T1      *+B15[0],A4
00001778   00006000           NOP           4
0000177c   07bd0942           ADD.D2        B15,0x8,B15
00001780   02188800           MPY32.M1      A4,A6,A4
00001784   00004000           NOP           3
00001788   031008f0           MV.D1         A4,A6
0000178c   023c02e4           LDW.D2T1      *+B15[0],A4
00001790   00006000           NOP           4
00001794   07bd0942           ADD.D2        B15,0x8,B15
00001798   0210c840           ADD.D1        A4,A6,A4
0000179c   00000512           B.S2          L$return$_ZNSt6string5frontEv (PC+40 = 0x000017a8)
000017a0   00008000           NOP           5
000017a4   0200a358           MVK.L1        0,A4
000017a8            L$return$_ZNSt6string5frontEv:
000017a8   07bc18f2           MV.D2X        A15,B15
000017ac   07bc0264           LDW.D1T1      *+A15[0],A15
000017b0   00006000           NOP           4
000017b4   000c0362           B.S2          B3
000017b8   00008000           NOP           5
000017bc            _ZNKSt6string5frontEv:
000017bc   07bc02f4           STW.D2T1      A15,*+B15[0]
000017c0   07bc18f0           MV.D1X        B15,A15
000017c4   00001c2a           MVK.S2        0x0038,B0
000017c8   0000006a           MVKH.S2       0x0000,B0
000017cc   07bc08c2           SUB.D2        B15,B0,B15
000017d0   00001628           MVK.S1        0x002c,A0
000017d4   00000068           MVKH.S1       0x0000,A0
000017d8   003c08c0           SUB.D1        A15,A0,A0
000017dc   02000274           STW.D1T1      A4,*+A0[0]
000017e0   00001628           MVK.S1        0x002c,A0
000017e4   00000068           MVKH.S1       0x0000,A0
000017e8   023c08c0           SUB.D1        A15,A0,A4
000017ec   02100264           LDW.D1T1      *+A4[0],A4
000017f0   00006000           NOP           4
000017f4   02100264           LDW.D1T1      *+A4[0],A4
000017f8   00006000           NOP           4
000017fc   07bd09c2           SUB.D2        B15,0x8,B15
00001800   023c02f4           STW.D2T1      A4,*+B15[0]
00001804   02000028           MVK.S1        0x0000,A4
00001808   02000068           MVKH.S1       0x0000,A4
0000180c   07bd09c2           SUB.D2        B15,0x8,B15
00001810   023c02f4           STW.D2T1      A4,*+B15[0]
00001814   020000a8           MVK.S1        0x0001,A4
00001818   02000068           MVKH.S1       0x0000,A4
0000181c   031008f0           MV.D1         A4,A6
00001820   023c02e4           LDW.D2T1      *+B15[0],A4
00001824   00006000           NOP           4
00001828   07bd0942           ADD.D2        B15,0x8,B15
0000182c   02188800           MPY32.M1      A4,A6,A4
00001830   00004000           NOP           3
00001834   031008f0           MV.D1         A4,A6
00001838   023c02e4           LDW.D2T1      *+B15[0],A4
0000183c   00006000           NOP           4
00001840   07bd0942           ADD.D2        B15,0x8,B15
00001844   0210c840           ADD.D1        A4,A6,A4
00001848   00000292           B.S2          L$return$_ZNKSt6string5frontEv (PC+20 = 0x00001854)
0000184c   00008000           NOP           5
00001850   0200a358           MVK.L1        0,A4
00001854            L$return$_ZNKSt6string5frontEv:
00001854   07bc18f2           MV.D2X        A15,B15
00001858   07bc0264           LDW.D1T1      *+A15[0],A15
0000185c   00006000           NOP           4
00001860   000c0362           B.S2          B3
00001864   00008000           NOP           5
00001868            _ZNSt6string5beginEv:
00001868   07bc02f4           STW.D2T1      A15,*+B15[0]
0000186c   07bc18f0           MV.D1X        B15,A15
00001870   00001c2a           MVK.S2        0x0038,B0
00001874   0000006a           MVKH.S2       0x0000,B0
00001878   07bc08c2           SUB.D2        B15,B0,B15
0000187c   00001628           MVK.S1        0x002c,A0
00001880   00000068           MVKH.S1       0x0000,A0
00001884   003c08c0           SUB.D1        A15,A0,A0
00001888   02000274           STW.D1T1      A4,*+A0[0]
0000188c   00001628           MVK.S1        0x002c,A0
00001890   00000068           MVKH.S1       0x0000,A0
00001894   023c08c0           SUB.D1        A15,A0,A4
00001898   02100264           LDW.D1T1      *+A4[0],A4
0000189c   00006000           NOP           4
000018a0   02100264           LDW.D1T1      *+A4[0],A4
000018a4   00006000           NOP           4
000018a8   00000292           B.S2          L$return$_ZNSt6string5beginEv (PC+20 = 0x000018b4)
000018ac   00008000           NOP           5
000018b0   0200a358           MVK.L1        0,A4
000018b4            L$return$_ZNSt6string5beginEv:
000018b4   07bc18f2           MV.D2X        A15,B15
000018b8   07bc0264           LDW.D1T1      *+A15[0],A15
000018bc   00006000           NOP           4
000018c0   000c0362           B.S2          B3
000018c4   00008000           NOP           5
000018c8            _ZNSt6string3endEv:
000018c8   07bc02f4           STW.D2T1      A15,*+B15[0]
000018cc   07bc18f0           MV.D1X        B15,A15
000018d0   00001c2a           MVK.S2        0x0038,B0
000018d4   0000006a           MVKH.S2       0x0000,B0
000018d8   07bc08c2           SUB.D2        B15,B0,B15
000018dc   00001628           MVK.S1        0x002c,A0
000018e0   00000068           MVKH.S1       0x0000,A0
000018e4   003c08c0           SUB.D1        A15,A0,A0
000018e8   02000274           STW.D1T1      A4,*+A0[0]
000018ec   00001628           MVK.S1        0x002c,A0
000018f0   00000068           MVKH.S1       0x0000,A0
000018f4   023c08c0           SUB.D1        A15,A0,A4
000018f8   02100264           LDW.D1T1      *+A4[0],A4
000018fc   00006000           NOP           4
00001900   02100264           LDW.D1T1      *+A4[0],A4
00001904   00006000           NOP           4
00001908   07bd09c2           SUB.D2        B15,0x8,B15
0000190c   023c02f4           STW.D2T1      A4,*+B15[0]
00001910   00001628           MVK.S1        0x002c,A0
00001914   00000068           MVKH.S1       0x0000,A0
00001918   023c08c0           SUB.D1        A15,A0,A4
0000191c   02100264           LDW.D1T1      *+A4[0],A4
00001920   00006000           NOP           4
00001924   02108940           ADD.D1        A4,0x4,A4
00001928   02100264           LDW.D1T1      *+A4[0],A4
0000192c   00006000           NOP           4
00001930   07bd09c2           SUB.D2        B15,0x8,B15
00001934   023c02f4           STW.D2T1      A4,*+B15[0]
00001938   020000a8           MVK.S1        0x0001,A4
0000193c   02000068           MVKH.S1       0x0000,A4
00001940   031008f0           MV.D1         A4,A6
00001944   023c02e4           LDW.D2T1      *+B15[0],A4
00001948   00006000           NOP           4
0000194c   07bd0942           ADD.D2        B15,0x8,B15
00001950   02188800           MPY32.M1      A4,A6,A4
00001954   00004000           NOP           3
00001958   031008f0           MV.D1         A4,A6
0000195c   023c02e4           LDW.D2T1      *+B15[0],A4
00001960   00006000           NOP           4
00001964   07bd0942           ADD.D2        B15,0x8,B15
00001968   0210c840           ADD.D1        A4,A6,A4
0000196c   00000312           B.S2          L$return$_ZNSt6string3endEv (PC+24 = 0x00001978)
00001970   00008000           NOP           5
00001974   0200a358           MVK.L1        0,A4
00001978            L$return$_ZNSt6string3endEv:
00001978   07bc18f2           MV.D2X        A15,B15
0000197c   07bc0264           LDW.D1T1      *+A15[0],A15
00001980   00006000           NOP           4
00001984   000c0362           B.S2          B3
00001988   00008000           NOP           5
0000198c            _ZNKSt6string5beginEv:
0000198c   07bc02f4           STW.D2T1      A15,*+B15[0]
00001990   07bc18f0           MV.D1X        B15,A15
00001994   00001c2a           MVK.S2        0x0038,B0
00001998   0000006a           MVKH.S2       0x0000,B0
0000199c   07bc08c2           SUB.D2        B15,B0,B15
000019a0   00001628           MVK.S1        0x002c,A0
000019a4   00000068           MVKH.S1       0x0000,A0
000019a8   003c08c0           SUB.D1        A15,A0,A0
000019ac   02000274           STW.D1T1      A4,*+A0[0]
000019b0   00001628           MVK.S1        0x002c,A0
000019b4   00000068           MVKH.S1       0x0000,A0
000019b8   023c08c0           SUB.D1        A15,A0,A4
000019bc   02100264           LDW.D1T1      *+A4[0],A4
000019c0   00006000           NOP           4
000019c4   02100264           LDW.D1T1      *+A4[0],A4
000019c8   00006000           NOP           4
000019cc   00000312           B.S2          L$return$_ZNKSt6string5beginEv (PC+24 = 0x000019d8)
000019d0   00008000           NOP           5
000019d4   0200a358           MVK.L1        0,A4
000019d8            L$return$_ZNKSt6string5beginEv:
000019d8   07bc18f2           MV.D2X        A15,B15
000019dc   07bc0264           LDW.D1T1      *+A15[0],A15
000019e0   00006000           NOP           4
000019e4   000c0362           B.S2          B3
000019e8   00008000           NOP           5
000019ec            _ZNKSt6string3endEv:
000019ec   07bc02f4           STW.D2T1      A15,*+B15[0]
000019f0   07bc18f0           MV.D1X        B15,A15
000019f4   00001c2a           MVK.S2        0x0038,B0
000019f8   0000006a           MVKH.S2       0x0000,B0
000019fc   07bc08c2           SUB.D2        B15,B0,B15
00001a00   00001628           MVK.S1        0x002c,A0
00001a04   00000068           MVKH.S1       0x0000,A0
00001a08   003c08c0           SUB.D1        A15,A0,A0
00001a0c   02000274           STW.D1T1      A4,*+A0[0]
00001a10   00001628           MVK.S1        0x002c,A0
00001a14   00000068           MVKH.S1       0x0000,A0
00001a18   023c08c0           SUB.D1        A15,A0,A4
00001a1c   02100264           LDW.D1T1      *+A4[0],A4
00001a20   00006000           NOP           4
00001a24   02100264           LDW.D1T1      *+A4[0],A4
00001a28   00006000           NOP           4
00001a2c   07bd09c2           SUB.D2        B15,0x8,B15
00001a30   023c02f4           STW.D2T1      A4,*+B15[0]
00001a34   00001628           MVK.S1        0x002c,A0
00001a38   00000068           MVKH.S1       0x0000,A0
00001a3c   023c08c0           SUB.D1        A15,A0,A4
00001a40   02100264           LDW.D1T1      *+A4[0],A4
00001a44   00006000           NOP           4
00001a48   02108940           ADD.D1        A4,0x4,A4
00001a4c   02100264           LDW.D1T1      *+A4[0],A4
00001a50   00006000           NOP           4
00001a54   07bd09c2           SUB.D2        B15,0x8,B15
00001a58   023c02f4           STW.D2T1      A4,*+B15[0]
00001a5c   020000a8           MVK.S1        0x0001,A4
00001a60   02000068           MVKH.S1       0x0000,A4
00001a64   031008f0           MV.D1         A4,A6
00001a68   023c02e4           LDW.D2T1      *+B15[0],A4
00001a6c   00006000           NOP           4
00001a70   07bd0942           ADD.D2        B15,0x8,B15
00001a74   02188800           MPY32.M1      A4,A6,A4
00001a78   00004000           NOP           3
00001a7c   031008f0           MV.D1         A4,A6
00001a80   023c02e4           LDW.D2T1      *+B15[0],A4
00001a84   00006000           NOP           4
00001a88   07bd0942           ADD.D2        B15,0x8,B15
00001a8c   0210c840           ADD.D1        A4,A6,A4
00001a90   00000392           B.S2          L$return$_ZNKSt6string3endEv (PC+28 = 0x00001a9c)
00001a94   00008000           NOP           5
00001a98   0200a358           MVK.L1        0,A4
00001a9c            L$return$_ZNKSt6string3endEv:
00001a9c   07bc18f2           MV.D2X        A15,B15
00001aa0   07bc0264           LDW.D1T1      *+A15[0],A15
00001aa4   00006000           NOP           4
00001aa8   000c0362           B.S2          B3
00001aac   00008000           NOP           5
00001ab0            _ZNSt6string6appendERKS_:
00001ab0   07bc02f4           STW.D2T1      A15,*+B15[0]
00001ab4   07bc18f0           MV.D1X        B15,A15
00001ab8   01bc2076           STW.D1T2      B3,*-A15[1]
00001abc   00001c2a           MVK.S2        0x0038,B0
00001ac0   0000006a           MVKH.S2       0x0000,B0
00001ac4   07bc08c2           SUB.D2        B15,B0,B15
00001ac8   00001828           MVK.S1        0x0030,A0
00001acc   00000068           MVKH.S1       0x0000,A0
00001ad0   003c08c0           SUB.D1        A15,A0,A0
00001ad4   02000274           STW.D1T1      A4,*+A0[0]
00001ad8   021018f0           MV.D1X        B4,A4
00001adc   00001628           MVK.S1        0x002c,A0
00001ae0   00000068           MVKH.S1       0x0000,A0
00001ae4   003c08c0           SUB.D1        A15,A0,A0
00001ae8   02000274           STW.D1T1      A4,*+A0[0]
00001aec   07bd09c2           SUB.D2        B15,0x8,B15
00001af0   00001828           MVK.S1        0x0030,A0
00001af4   00000068           MVKH.S1       0x0000,A0
00001af8   023c08c0           SUB.D1        A15,A0,A4
00001afc   02100264           LDW.D1T1      *+A4[0],A4
00001b00   00006000           NOP           4
00001b04   07bd09c2           SUB.D2        B15,0x8,B15
00001b08   023c02f4           STW.D2T1      A4,*+B15[0]
00001b0c   00001628           MVK.S1        0x002c,A0
00001b10   00000068           MVKH.S1       0x0000,A0
00001b14   023c08c0           SUB.D1        A15,A0,A4
00001b18   02100264           LDW.D1T1      *+A4[0],A4
00001b1c   00006000           NOP           4
00001b20   02100264           LDW.D1T1      *+A4[0],A4
00001b24   00006000           NOP           4
00001b28   07bd09c2           SUB.D2        B15,0x8,B15
00001b2c   023c02f4           STW.D2T1      A4,*+B15[0]
00001b30   00001628           MVK.S1        0x002c,A0
00001b34   00000068           MVKH.S1       0x0000,A0
00001b38   023c08c0           SUB.D1        A15,A0,A4
00001b3c   02100264           LDW.D1T1      *+A4[0],A4
00001b40   00006000           NOP           4
00001b44   02108940           ADD.D1        A4,0x4,A4
00001b48   02100264           LDW.D1T1      *+A4[0],A4
00001b4c   00006000           NOP           4
00001b50   031008f0           MV.D1         A4,A6
00001b54   023c02e6           LDW.D2T2      *+B15[0],B4
00001b58   00006000           NOP           4
00001b5c   07bd0942           ADD.D2        B15,0x8,B15
00001b60   023c02e4           LDW.D2T1      *+B15[0],A4
00001b64   00006000           NOP           4
00001b68   07bd0942           ADD.D2        B15,0x8,B15
00001b6c   0180002a           MVK.S2        0x0000,B3
00001b70   0180006a           MVKH.S2       0x0000,B3
00001b74   00000012           B.S2          0x001b60
00001b78   00008000           NOP           5
00001b7c            L$_ZNSt6string6appendERKS_$ret0:
00001b7c   07bd0942           ADD.D2        B15,0x8,B15
00001b80   00000192           B.S2          L$return$_ZNSt6string6appendERKS_ (PC+12 = 0x00001b8c)
00001b84   00008000           NOP           5
00001b88   0200a358           MVK.L1        0,A4
00001b8c            L$return$_ZNSt6string6appendERKS_:
00001b8c   01bc2066           LDW.D1T2      *-A15[1],B3
00001b90   07bc18f2           MV.D2X        A15,B15
00001b94   07bc0264           LDW.D1T1      *+A15[0],A15
00001b98   00006000           NOP           4
00001b9c   000c0362           B.S2          B3
00001ba0   00008000           NOP           5
00001ba4            _ZNSt6string6appendEPKc:
00001ba4   07bc02f4           STW.D2T1      A15,*+B15[0]
00001ba8   07bc18f0           MV.D1X        B15,A15
00001bac   01bc2076           STW.D1T2      B3,*-A15[1]
00001bb0   00001c2a           MVK.S2        0x0038,B0
00001bb4   0000006a           MVKH.S2       0x0000,B0
00001bb8   07bc08c2           SUB.D2        B15,B0,B15
00001bbc   00001828           MVK.S1        0x0030,A0
00001bc0   00000068           MVKH.S1       0x0000,A0
00001bc4   003c08c0           SUB.D1        A15,A0,A0
00001bc8   02000274           STW.D1T1      A4,*+A0[0]
00001bcc   021018f0           MV.D1X        B4,A4
00001bd0   00001628           MVK.S1        0x002c,A0
00001bd4   00000068           MVKH.S1       0x0000,A0
00001bd8   003c08c0           SUB.D1        A15,A0,A0
00001bdc   02000274           STW.D1T1      A4,*+A0[0]
00001be0   07bd09c2           SUB.D2        B15,0x8,B15
00001be4   00001828           MVK.S1        0x0030,A0
00001be8   00000068           MVKH.S1       0x0000,A0
00001bec   023c08c0           SUB.D1        A15,A0,A4
00001bf0   02100264           LDW.D1T1      *+A4[0],A4
00001bf4   00006000           NOP           4
00001bf8   07bd09c2           SUB.D2        B15,0x8,B15
00001bfc   023c02f4           STW.D2T1      A4,*+B15[0]
00001c00   00001628           MVK.S1        0x002c,A0
00001c04   00000068           MVKH.S1       0x0000,A0
00001c08   023c08c0           SUB.D1        A15,A0,A4
00001c0c   02100264           LDW.D1T1      *+A4[0],A4
00001c10   00006000           NOP           4
00001c14   07bd09c2           SUB.D2        B15,0x8,B15
00001c18   023c02f4           STW.D2T1      A4,*+B15[0]
00001c1c   00001628           MVK.S1        0x002c,A0
00001c20   00000068           MVKH.S1       0x0000,A0
00001c24   023c08c0           SUB.D1        A15,A0,A4
00001c28   02100264           LDW.D1T1      *+A4[0],A4
00001c2c   00006000           NOP           4
00001c30   07bd09c2           SUB.D2        B15,0x8,B15
00001c34   023c02f4           STW.D2T1      A4,*+B15[0]
00001c38   02000028           MVK.S1        0x0000,A4
00001c3c   02000068           MVKH.S1       0x0000,A4
00001c40   031008f0           MV.D1         A4,A6
00001c44   023c02e4           LDW.D2T1      *+B15[0],A4
00001c48   00006000           NOP           4
00001c4c   07bd0942           ADD.D2        B15,0x8,B15
00001c50   02188a78           CMPEQ.L1      A4,A6,A4
00001c54   02100a58           CMPEQ.L1      0,A4,A4
00001c58   02102bf0           XOR.D1        1,A4,A4
00001c5c   009008f0           MV.D1         A4,A1
00001c60   90000312    [!A1]  B.S2          L$_ZNSt6string6appendEPKc$else0 (PC+24 = 0x00001c78)
00001c64   00008000           NOP           5
00001c68   02000028           MVK.S1        0x0000,A4
00001c6c   02000068           MVKH.S1       0x0000,A4
00001c70   00000892           B.S2          L$_ZNSt6string6appendEPKc$end0 (PC+68 = 0x00001ca4)
00001c74   00008000           NOP           5
00001c78            L$_ZNSt6string6appendEPKc$else0:
00001c78   07bd09c2           SUB.D2        B15,0x8,B15
00001c7c   00001628           MVK.S1        0x002c,A0
00001c80   00000068           MVKH.S1       0x0000,A0
00001c84   023c08c0           SUB.D1        A15,A0,A4
00001c88   02100264           LDW.D1T1      *+A4[0],A4
00001c8c   00006000           NOP           4
00001c90   0180002a           MVK.S2        0x0000,B3
00001c94   0180006a           MVKH.S2       0x0000,B3
00001c98   00000012           B.S2          0x001c80
00001c9c   00008000           NOP           5
00001ca0            L$_ZNSt6string6appendEPKc$ret1:
00001ca0   07bd0942           ADD.D2        B15,0x8,B15
00001ca4            L$_ZNSt6string6appendEPKc$end0:
00001ca4   031008f0           MV.D1         A4,A6
00001ca8   023c02e6           LDW.D2T2      *+B15[0],B4
00001cac   00006000           NOP           4
00001cb0   07bd0942           ADD.D2        B15,0x8,B15
00001cb4   023c02e4           LDW.D2T1      *+B15[0],A4
00001cb8   00006000           NOP           4
00001cbc   07bd0942           ADD.D2        B15,0x8,B15
00001cc0   0180002a           MVK.S2        0x0000,B3
00001cc4   0180006a           MVKH.S2       0x0000,B3
00001cc8   00000012           B.S2          0x001cc0
00001ccc   00008000           NOP           5
00001cd0            L$_ZNSt6string6appendEPKc$ret2:
00001cd0   07bd0942           ADD.D2        B15,0x8,B15
00001cd4   00000412           B.S2          L$return$_ZNSt6string6appendEPKc (PC+32 = 0x00001ce0)
00001cd8   00008000           NOP           5
00001cdc   0200a358           MVK.L1        0,A4
00001ce0            L$return$_ZNSt6string6appendEPKc:
00001ce0   01bc2066           LDW.D1T2      *-A15[1],B3
00001ce4   07bc18f2           MV.D2X        A15,B15
00001ce8   07bc0264           LDW.D1T1      *+A15[0],A15
00001cec   00006000           NOP           4
00001cf0   000c0362           B.S2          B3
00001cf4   00008000           NOP           5
00001cf8            _ZNSt6string6appendEPKcj:
00001cf8   07bc02f4           STW.D2T1      A15,*+B15[0]
00001cfc   07bc18f0           MV.D1X        B15,A15
00001d00   01bc2076           STW.D1T2      B3,*-A15[1]
00001d04   00001c2a           MVK.S2        0x0038,B0
00001d08   0000006a           MVKH.S2       0x0000,B0
00001d0c   07bc08c2           SUB.D2        B15,B0,B15
00001d10   00001a28           MVK.S1        0x0034,A0
00001d14   00000068           MVKH.S1       0x0000,A0
00001d18   003c08c0           SUB.D1        A15,A0,A0
00001d1c   02000274           STW.D1T1      A4,*+A0[0]
00001d20   021018f0           MV.D1X        B4,A4
00001d24   00001628           MVK.S1        0x002c,A0
00001d28   00000068           MVKH.S1       0x0000,A0
00001d2c   003c08c0           SUB.D1        A15,A0,A0
00001d30   02000274           STW.D1T1      A4,*+A0[0]
00001d34   021808f0           MV.D1         A6,A4
00001d38   00001828           MVK.S1        0x0030,A0
00001d3c   00000068           MVKH.S1       0x0000,A0
00001d40   003c08c0           SUB.D1        A15,A0,A0
00001d44   02000274           STW.D1T1      A4,*+A0[0]
00001d48   07bd09c2           SUB.D2        B15,0x8,B15
00001d4c   00001a28           MVK.S1        0x0034,A0
00001d50   00000068           MVKH.S1       0x0000,A0
00001d54   023c08c0           SUB.D1        A15,A0,A4
00001d58   02100264           LDW.D1T1      *+A4[0],A4
00001d5c   00006000           NOP           4
00001d60   07bd09c2           SUB.D2        B15,0x8,B15
00001d64   023c02f4           STW.D2T1      A4,*+B15[0]
00001d68   00001628           MVK.S1        0x002c,A0
00001d6c   00000068           MVKH.S1       0x0000,A0
00001d70   023c08c0           SUB.D1        A15,A0,A4
00001d74   02100264           LDW.D1T1      *+A4[0],A4
00001d78   00006000           NOP           4
00001d7c   07bd09c2           SUB.D2        B15,0x8,B15
00001d80   023c02f4           STW.D2T1      A4,*+B15[0]
00001d84   00001828           MVK.S1        0x0030,A0
00001d88   00000068           MVKH.S1       0x0000,A0
00001d8c   023c08c0           SUB.D1        A15,A0,A4
00001d90   02100264           LDW.D1T1      *+A4[0],A4
00001d94   00006000           NOP           4
00001d98   031008f0           MV.D1         A4,A6
00001d9c   023c02e6           LDW.D2T2      *+B15[0],B4
00001da0   00006000           NOP           4
00001da4   07bd0942           ADD.D2        B15,0x8,B15
00001da8   023c02e4           LDW.D2T1      *+B15[0],A4
00001dac   00006000           NOP           4
00001db0   07bd0942           ADD.D2        B15,0x8,B15
00001db4   0180002a           MVK.S2        0x0000,B3
00001db8   0180006a           MVKH.S2       0x0000,B3
00001dbc   00000012           B.S2          0x001da0
00001dc0   00008000           NOP           5
00001dc4            L$_ZNSt6string6appendEPKcj$ret0:
00001dc4   07bd0942           ADD.D2        B15,0x8,B15
00001dc8   00000292           B.S2          L$return$_ZNSt6string6appendEPKcj (PC+20 = 0x00001dd4)
00001dcc   00008000           NOP           5
00001dd0   0200a358           MVK.L1        0,A4
00001dd4            L$return$_ZNSt6string6appendEPKcj:
00001dd4   01bc2066           LDW.D1T2      *-A15[1],B3
00001dd8   07bc18f2           MV.D2X        A15,B15
00001ddc   07bc0264           LDW.D1T1      *+A15[0],A15
00001de0   00006000           NOP           4
00001de4   000c0362           B.S2          B3
00001de8   00008000           NOP           5
00001dec            _ZNSt6string6appendEjc:
00001dec   07bc02f4           STW.D2T1      A15,*+B15[0]
00001df0   07bc18f0           MV.D1X        B15,A15
00001df4   01bc2076           STW.D1T2      B3,*-A15[1]
00001df8   00001c2a           MVK.S2        0x0038,B0
00001dfc   0000006a           MVKH.S2       0x0000,B0
00001e00   07bc08c2           SUB.D2        B15,B0,B15
00001e04   00001a28           MVK.S1        0x0034,A0
00001e08   00000068           MVKH.S1       0x0000,A0
00001e0c   003c08c0           SUB.D1        A15,A0,A0
00001e10   02000274           STW.D1T1      A4,*+A0[0]
00001e14   021018f0           MV.D1X        B4,A4
00001e18   00001628           MVK.S1        0x002c,A0
00001e1c   00000068           MVKH.S1       0x0000,A0
00001e20   003c08c0           SUB.D1        A15,A0,A0
00001e24   02000274           STW.D1T1      A4,*+A0[0]
00001e28   021808f0           MV.D1         A6,A4
00001e2c   000016a8           MVK.S1        0x002d,A0
00001e30   00000068           MVKH.S1       0x0000,A0
00001e34   003c08c0           SUB.D1        A15,A0,A0
00001e38   02000234           STB.D1T1      A4,*+A0[0]
00001e3c   02000028           MVK.S1        0x0000,A4
00001e40   02000068           MVKH.S1       0x0000,A4
00001e44   07bd09c2           SUB.D2        B15,0x8,B15
00001e48   023c02f4           STW.D2T1      A4,*+B15[0]
00001e4c   00001c28           MVK.S1        0x0038,A0
00001e50   00000068           MVKH.S1       0x0000,A0
00001e54   023c08c0           SUB.D1        A15,A0,A4
00001e58   031008f0           MV.D1         A4,A6
00001e5c   023c02e4           LDW.D2T1      *+B15[0],A4
00001e60   00006000           NOP           4
00001e64   07bd0942           ADD.D2        B15,0x8,B15
00001e68   02180274           STW.D1T1      A4,*+A6[0]
00001e6c            L$_ZNSt6string6appendEjc$begin0:
00001e6c   00001c28           MVK.S1        0x0038,A0
00001e70   00000068           MVKH.S1       0x0000,A0
00001e74   023c08c0           SUB.D1        A15,A0,A4
00001e78   02100264           LDW.D1T1      *+A4[0],A4
00001e7c   00006000           NOP           4
00001e80   07bd09c2           SUB.D2        B15,0x8,B15
00001e84   023c02f4           STW.D2T1      A4,*+B15[0]
00001e88   00001628           MVK.S1        0x002c,A0
00001e8c   00000068           MVKH.S1       0x0000,A0
00001e90   023c08c0           SUB.D1        A15,A0,A4
00001e94   02100264           LDW.D1T1      *+A4[0],A4
00001e98   00006000           NOP           4
00001e9c   031008f0           MV.D1         A4,A6
00001ea0   023c02e4           LDW.D2T1      *+B15[0],A4
00001ea4   00006000           NOP           4
00001ea8   07bd0942           ADD.D2        B15,0x8,B15
00001eac   02188bf8           CMPLTU.L1     A4,A6,A4
00001eb0   02100a58           CMPEQ.L1      0,A4,A4
00001eb4   02102bf0           XOR.D1        1,A4,A4
00001eb8   009008f0           MV.D1         A4,A1
00001ebc   90001c12    [!A1]  B.S2          L$_ZNSt6string6appendEjc$end0 (PC+224 = 0x00001f80)
00001ec0   00008000           NOP           5
00001ec4   07bd09c2           SUB.D2        B15,0x8,B15
00001ec8   00001a28           MVK.S1        0x0034,A0
00001ecc   00000068           MVKH.S1       0x0000,A0
00001ed0   023c08c0           SUB.D1        A15,A0,A4
00001ed4   02100264           LDW.D1T1      *+A4[0],A4
00001ed8   00006000           NOP           4
00001edc   07bd09c2           SUB.D2        B15,0x8,B15
00001ee0   023c02f4           STW.D2T1      A4,*+B15[0]
00001ee4   000016a8           MVK.S1        0x002d,A0
00001ee8   00000068           MVKH.S1       0x0000,A0
00001eec   023c08c0           SUB.D1        A15,A0,A4
00001ef0   07bd09c2           SUB.D2        B15,0x8,B15
00001ef4   023c02f4           STW.D2T1      A4,*+B15[0]
00001ef8   020000a8           MVK.S1        0x0001,A4
00001efc   02000068           MVKH.S1       0x0000,A4
00001f00   031008f0           MV.D1         A4,A6
00001f04   023c02e6           LDW.D2T2      *+B15[0],B4
00001f08   00006000           NOP           4
00001f0c   07bd0942           ADD.D2        B15,0x8,B15
00001f10   023c02e4           LDW.D2T1      *+B15[0],A4
00001f14   00006000           NOP           4
00001f18   07bd0942           ADD.D2        B15,0x8,B15
00001f1c   0180002a           MVK.S2        0x0000,B3
00001f20   0180006a           MVKH.S2       0x0000,B3
00001f24   00000012           B.S2          0x001f20
00001f28   00008000           NOP           5
00001f2c            L$_ZNSt6string6appendEjc$ret1:
00001f2c   07bd0942           ADD.D2        B15,0x8,B15
00001f30            L$_ZNSt6string6appendEjc$step0:
00001f30   00001c28           MVK.S1        0x0038,A0
00001f34   00000068           MVKH.S1       0x0000,A0
00001f38   023c08c0           SUB.D1        A15,A0,A4
00001f3c   07bd09c2           SUB.D2        B15,0x8,B15
00001f40   023c02f4           STW.D2T1      A4,*+B15[0]
00001f44   02100264           LDW.D1T1      *+A4[0],A4
00001f48   00006000           NOP           4
00001f4c   07bd09c2           SUB.D2        B15,0x8,B15
00001f50   023c02f4           STW.D2T1      A4,*+B15[0]
00001f54   02102940           ADD.D1        A4,0x1,A4
00001f58   033c02e4           LDW.D2T1      *+B15[0],A6
00001f5c   00006000           NOP           4
00001f60   07bd0942           ADD.D2        B15,0x8,B15
00001f64   01bc02e4           LDW.D2T1      *+B15[0],A3
00001f68   00006000           NOP           4
00001f6c   07bd0942           ADD.D2        B15,0x8,B15
00001f70   020c0274           STW.D1T1      A4,*+A3[0]
00001f74   021808f0           MV.D1         A6,A4
00001f78   0fffe192           B.S2          L$_ZNSt6string6appendEjc$begin0 (PC-244 = 0x00001e6c)
00001f7c   00008000           NOP           5
00001f80            L$_ZNSt6string6appendEjc$end0:
00001f80   00001a28           MVK.S1        0x0034,A0
00001f84   00000068           MVKH.S1       0x0000,A0
00001f88   023c08c0           SUB.D1        A15,A0,A4
00001f8c   02100264           LDW.D1T1      *+A4[0],A4
00001f90   00006000           NOP           4
00001f94   00000412           B.S2          L$return$_ZNSt6string6appendEjc (PC+32 = 0x00001fa0)
00001f98   00008000           NOP           5
00001f9c   0200a358           MVK.L1        0,A4
00001fa0            L$return$_ZNSt6string6appendEjc:
00001fa0   01bc2066           LDW.D1T2      *-A15[1],B3
00001fa4   07bc18f2           MV.D2X        A15,B15
00001fa8   07bc0264           LDW.D1T1      *+A15[0],A15
00001fac   00006000           NOP           4
00001fb0   000c0362           B.S2          B3
00001fb4   00008000           NOP           5
00001fb8            _ZNSt6string7reserveEj:
00001fb8   07bc02f4           STW.D2T1      A15,*+B15[0]
00001fbc   07bc18f0           MV.D1X        B15,A15
00001fc0   01bc2076           STW.D1T2      B3,*-A15[1]
00001fc4   00001c2a           MVK.S2        0x0038,B0
00001fc8   0000006a           MVKH.S2       0x0000,B0
00001fcc   07bc08c2           SUB.D2        B15,B0,B15
00001fd0   00001828           MVK.S1        0x0030,A0
00001fd4   00000068           MVKH.S1       0x0000,A0
00001fd8   003c08c0           SUB.D1        A15,A0,A0
00001fdc   02000274           STW.D1T1      A4,*+A0[0]
00001fe0   021018f0           MV.D1X        B4,A4
00001fe4   00001628           MVK.S1        0x002c,A0
00001fe8   00000068           MVKH.S1       0x0000,A0
00001fec   003c08c0           SUB.D1        A15,A0,A0
00001ff0   02000274           STW.D1T1      A4,*+A0[0]
00001ff4   00001628           MVK.S1        0x002c,A0
00001ff8   00000068           MVKH.S1       0x0000,A0
00001ffc   023c08c0           SUB.D1        A15,A0,A4
00002000   02100264           LDW.D1T1      *+A4[0],A4
00002004   00006000           NOP           4
00002008   07bd09c2           SUB.D2        B15,0x8,B15
0000200c   023c02f4           STW.D2T1      A4,*+B15[0]
00002010   00001828           MVK.S1        0x0030,A0
00002014   00000068           MVKH.S1       0x0000,A0
00002018   023c08c0           SUB.D1        A15,A0,A4
0000201c   02100264           LDW.D1T1      *+A4[0],A4
00002020   00006000           NOP           4
00002024   02110940           ADD.D1        A4,0x8,A4
00002028   02100264           LDW.D1T1      *+A4[0],A4
0000202c   00006000           NOP           4
00002030   031008f0           MV.D1         A4,A6
00002034   023c02e4           LDW.D2T1      *+B15[0],A4
00002038   00006000           NOP           4
0000203c   07bd0942           ADD.D2        B15,0x8,B15
00002040   021889f8           CMPGTU.L1     A4,A6,A4
00002044   02100a58           CMPEQ.L1      0,A4,A4
00002048   02102bf0           XOR.D1        1,A4,A4
0000204c   009008f0           MV.D1         A4,A1
00002050   80000c12    [ A1]  B.S2          L$_ZNSt6string7reserveEj$shortcut1 (PC+96 = 0x000020a0)
00002054   00008000           NOP           5
00002058   00001828           MVK.S1        0x0030,A0
0000205c   00000068           MVKH.S1       0x0000,A0
00002060   023c08c0           SUB.D1        A15,A0,A4
00002064   02100264           LDW.D1T1      *+A4[0],A4
00002068   00006000           NOP           4
0000206c   02100264           LDW.D1T1      *+A4[0],A4
00002070   00006000           NOP           4
00002074   07bd09c2           SUB.D2        B15,0x8,B15
00002078   023c02f4           STW.D2T1      A4,*+B15[0]
0000207c   02000028           MVK.S1        0x0000,A4
00002080   02000068           MVKH.S1       0x0000,A4
00002084   031008f0           MV.D1         A4,A6
00002088   023c02e4           LDW.D2T1      *+B15[0],A4
0000208c   00006000           NOP           4
00002090   07bd0942           ADD.D2        B15,0x8,B15
00002094   02188a78           CMPEQ.L1      A4,A6,A4
00002098   02100a58           CMPEQ.L1      0,A4,A4
0000209c   02102bf0           XOR.D1        1,A4,A4
000020a0            L$_ZNSt6string7reserveEj$shortcut1:
000020a0   02100a58           CMPEQ.L1      0,A4,A4
000020a4   02102bf0           XOR.D1        1,A4,A4
000020a8   009008f0           MV.D1         A4,A1
000020ac   90000d92    [!A1]  B.S2          L$_ZNSt6string7reserveEj$end0 (PC+108 = 0x0000210c)
000020b0   00008000           NOP           5
000020b4   07bd09c2           SUB.D2        B15,0x8,B15
000020b8   00001828           MVK.S1        0x0030,A0
000020bc   00000068           MVKH.S1       0x0000,A0
000020c0   023c08c0           SUB.D1        A15,A0,A4
000020c4   02100264           LDW.D1T1      *+A4[0],A4
000020c8   00006000           NOP           4
000020cc   07bd09c2           SUB.D2        B15,0x8,B15
000020d0   023c02f4           STW.D2T1      A4,*+B15[0]
000020d4   00001628           MVK.S1        0x002c,A0
000020d8   00000068           MVKH.S1       0x0000,A0
000020dc   023c08c0           SUB.D1        A15,A0,A4
000020e0   02100264           LDW.D1T1      *+A4[0],A4
000020e4   00006000           NOP           4
000020e8   021018f2           MV.D2X        A4,B4
000020ec   023c02e4           LDW.D2T1      *+B15[0],A4
000020f0   00006000           NOP           4
000020f4   07bd0942           ADD.D2        B15,0x8,B15
000020f8   0180002a           MVK.S2        0x0000,B3
000020fc   0180006a           MVKH.S2       0x0000,B3
00002100   00000012           B.S2          0x002100
00002104   00008000           NOP           5
00002108            L$_ZNSt6string7reserveEj$ret2:
00002108   07bd0942           ADD.D2        B15,0x8,B15
0000210c            L$_ZNSt6string7reserveEj$end0:
0000210c   0200a358           MVK.L1        0,A4
00002110            L$return$_ZNSt6string7reserveEj:
00002110   01bc2066           LDW.D1T2      *-A15[1],B3
00002114   07bc18f2           MV.D2X        A15,B15
00002118   07bc0264           LDW.D1T1      *+A15[0],A15
0000211c   00006000           NOP           4
00002120   000c0362           B.S2          B3
00002124   00008000           NOP           5
00002128            _ZNSt6string6resizeEjc:
00002128   07bc02f4           STW.D2T1      A15,*+B15[0]
0000212c   07bc18f0           MV.D1X        B15,A15
00002130   01bc2076           STW.D1T2      B3,*-A15[1]
00002134   00001c2a           MVK.S2        0x0038,B0
00002138   0000006a           MVKH.S2       0x0000,B0
0000213c   07bc08c2           SUB.D2        B15,B0,B15
00002140   00001a28           MVK.S1        0x0034,A0
00002144   00000068           MVKH.S1       0x0000,A0
00002148   003c08c0           SUB.D1        A15,A0,A0
0000214c   02000274           STW.D1T1      A4,*+A0[0]
00002150   021018f0           MV.D1X        B4,A4
00002154   00001628           MVK.S1        0x002c,A0
00002158   00000068           MVKH.S1       0x0000,A0
0000215c   003c08c0           SUB.D1        A15,A0,A0
00002160   02000274           STW.D1T1      A4,*+A0[0]
00002164   021808f0           MV.D1         A6,A4
00002168   000016a8           MVK.S1        0x002d,A0
0000216c   00000068           MVKH.S1       0x0000,A0
00002170   003c08c0           SUB.D1        A15,A0,A0
00002174   02000234           STB.D1T1      A4,*+A0[0]
00002178   00001628           MVK.S1        0x002c,A0
0000217c   00000068           MVKH.S1       0x0000,A0
00002180   023c08c0           SUB.D1        A15,A0,A4
00002184   02100264           LDW.D1T1      *+A4[0],A4
00002188   00006000           NOP           4
0000218c   07bd09c2           SUB.D2        B15,0x8,B15
00002190   023c02f4           STW.D2T1      A4,*+B15[0]
00002194   00001a28           MVK.S1        0x0034,A0
00002198   00000068           MVKH.S1       0x0000,A0
0000219c   023c08c0           SUB.D1        A15,A0,A4
000021a0   02100264           LDW.D1T1      *+A4[0],A4
000021a4   00006000           NOP           4
000021a8   02108940           ADD.D1        A4,0x4,A4
000021ac   02100264           LDW.D1T1      *+A4[0],A4
000021b0   00006000           NOP           4
000021b4   031008f0           MV.D1         A4,A6
000021b8   023c02e4           LDW.D2T1      *+B15[0],A4
000021bc   00006000           NOP           4
000021c0   07bd0942           ADD.D2        B15,0x8,B15
000021c4   021889f8           CMPGTU.L1     A4,A6,A4
000021c8   02100a58           CMPEQ.L1      0,A4,A4
000021cc   02102bf0           XOR.D1        1,A4,A4
000021d0   009008f0           MV.D1         A4,A1
000021d4   90004112    [!A1]  B.S2          L$_ZNSt6string6resizeEjc$end0 (PC+520 = 0x000023c8)
000021d8   00008000           NOP           5
000021dc   07bd09c2           SUB.D2        B15,0x8,B15
000021e0   00001a28           MVK.S1        0x0034,A0
000021e4   00000068           MVKH.S1       0x0000,A0
000021e8   023c08c0           SUB.D1        A15,A0,A4
000021ec   02100264           LDW.D1T1      *+A4[0],A4
000021f0   00006000           NOP           4
000021f4   07bd09c2           SUB.D2        B15,0x8,B15
000021f8   023c02f4           STW.D2T1      A4,*+B15[0]
000021fc   00001628           MVK.S1        0x002c,A0
00002200   00000068           MVKH.S1       0x0000,A0
00002204   023c08c0           SUB.D1        A15,A0,A4
00002208   02100264           LDW.D1T1      *+A4[0],A4
0000220c   00006000           NOP           4
00002210   021018f2           MV.D2X        A4,B4
00002214   023c02e4           LDW.D2T1      *+B15[0],A4
00002218   00006000           NOP           4
0000221c   07bd0942           ADD.D2        B15,0x8,B15
00002220   0180002a           MVK.S2        0x0000,B3
00002224   0180006a           MVKH.S2       0x0000,B3
00002228   00000012           B.S2          0x002220
0000222c   00008000           NOP           5
00002230            L$_ZNSt6string6resizeEjc$ret1:
00002230   07bd0942           ADD.D2        B15,0x8,B15
00002234   00001a28           MVK.S1        0x0034,A0
00002238   00000068           MVKH.S1       0x0000,A0
0000223c   023c08c0           SUB.D1        A15,A0,A4
00002240   02100264           LDW.D1T1      *+A4[0],A4
00002244   00006000           NOP           4
00002248   02108940           ADD.D1        A4,0x4,A4
0000224c   02100264           LDW.D1T1      *+A4[0],A4
00002250   00006000           NOP           4
00002254   07bd09c2           SUB.D2        B15,0x8,B15
00002258   023c02f4           STW.D2T1      A4,*+B15[0]
0000225c   00001c28           MVK.S1        0x0038,A0
00002260   00000068           MVKH.S1       0x0000,A0
00002264   023c08c0           SUB.D1        A15,A0,A4
00002268   031008f0           MV.D1         A4,A6
0000226c   023c02e4           LDW.D2T1      *+B15[0],A4
00002270   00006000           NOP           4
00002274   07bd0942           ADD.D2        B15,0x8,B15
00002278   02180274           STW.D1T1      A4,*+A6[0]
0000227c            L$_ZNSt6string6resizeEjc$begin2:
0000227c   00001c28           MVK.S1        0x0038,A0
00002280   00000068           MVKH.S1       0x0000,A0
00002284   023c08c0           SUB.D1        A15,A0,A4
00002288   02100264           LDW.D1T1      *+A4[0],A4
0000228c   00006000           NOP           4
00002290   07bd09c2           SUB.D2        B15,0x8,B15
00002294   023c02f4           STW.D2T1      A4,*+B15[0]
00002298   00001628           MVK.S1        0x002c,A0
0000229c   00000068           MVKH.S1       0x0000,A0
000022a0   023c08c0           SUB.D1        A15,A0,A4
000022a4   02100264           LDW.D1T1      *+A4[0],A4
000022a8   00006000           NOP           4
000022ac   031008f0           MV.D1         A4,A6
000022b0   023c02e4           LDW.D2T1      *+B15[0],A4
000022b4   00006000           NOP           4
000022b8   07bd0942           ADD.D2        B15,0x8,B15
000022bc   02188bf8           CMPLTU.L1     A4,A6,A4
000022c0   02100a58           CMPEQ.L1      0,A4,A4
000022c4   02102bf0           XOR.D1        1,A4,A4
000022c8   009008f0           MV.D1         A4,A1
000022cc   90002112    [!A1]  B.S2          L$_ZNSt6string6resizeEjc$end0 (PC+264 = 0x000023c8)
000022d0   00008000           NOP           5
000022d4   000016a8           MVK.S1        0x002d,A0
000022d8   00000068           MVKH.S1       0x0000,A0
000022dc   023c08c0           SUB.D1        A15,A0,A4
000022e0   02100224           LDB.D1T1      *+A4[0],A4
000022e4   00006000           NOP           4
000022e8   07bd09c2           SUB.D2        B15,0x8,B15
000022ec   023c02f4           STW.D2T1      A4,*+B15[0]
000022f0   00001a28           MVK.S1        0x0034,A0
000022f4   00000068           MVKH.S1       0x0000,A0
000022f8   023c08c0           SUB.D1        A15,A0,A4
000022fc   02100264           LDW.D1T1      *+A4[0],A4
00002300   00006000           NOP           4
00002304   02100264           LDW.D1T1      *+A4[0],A4
00002308   00006000           NOP           4
0000230c   07bd09c2           SUB.D2        B15,0x8,B15
00002310   023c02f4           STW.D2T1      A4,*+B15[0]
00002314   00001c28           MVK.S1        0x0038,A0
00002318   00000068           MVKH.S1       0x0000,A0
0000231c   023c08c0           SUB.D1        A15,A0,A4
00002320   02100264           LDW.D1T1      *+A4[0],A4
00002324   00006000           NOP           4
00002328   07bd09c2           SUB.D2        B15,0x8,B15
0000232c   023c02f4           STW.D2T1      A4,*+B15[0]
00002330   020000a8           MVK.S1        0x0001,A4
00002334   02000068           MVKH.S1       0x0000,A4
00002338   031008f0           MV.D1         A4,A6
0000233c   023c02e4           LDW.D2T1      *+B15[0],A4
00002340   00006000           NOP           4
00002344   07bd0942           ADD.D2        B15,0x8,B15
00002348   02188800           MPY32.M1      A4,A6,A4
0000234c   00004000           NOP           3
00002350   031008f0           MV.D1         A4,A6
00002354   023c02e4           LDW.D2T1      *+B15[0],A4
00002358   00006000           NOP           4
0000235c   07bd0942           ADD.D2        B15,0x8,B15
00002360   0210c840           ADD.D1        A4,A6,A4
00002364   031008f0           MV.D1         A4,A6
00002368   023c02e4           LDW.D2T1      *+B15[0],A4
0000236c   00006000           NOP           4
00002370   07bd0942           ADD.D2        B15,0x8,B15
00002374   02180234           STB.D1T1      A4,*+A6[0]
00002378            L$_ZNSt6string6resizeEjc$step2:
00002378   00001c28           MVK.S1        0x0038,A0
0000237c   00000068           MVKH.S1       0x0000,A0
00002380   023c08c0           SUB.D1        A15,A0,A4
00002384   07bd09c2           SUB.D2        B15,0x8,B15
00002388   023c02f4           STW.D2T1      A4,*+B15[0]
0000238c   02100264           LDW.D1T1      *+A4[0],A4
00002390   00006000           NOP           4
00002394   07bd09c2           SUB.D2        B15,0x8,B15
00002398   023c02f4           STW.D2T1      A4,*+B15[0]
0000239c   02102940           ADD.D1        A4,0x1,A4
000023a0   033c02e4           LDW.D2T1      *+B15[0],A6
000023a4   00006000           NOP           4
000023a8   07bd0942           ADD.D2        B15,0x8,B15
000023ac   01bc02e4           LDW.D2T1      *+B15[0],A3
000023b0   00006000           NOP           4
000023b4   07bd0942           ADD.D2        B15,0x8,B15
000023b8   020c0274           STW.D1T1      A4,*+A3[0]
000023bc   021808f0           MV.D1         A6,A4
000023c0   0fffd792           B.S2          L$_ZNSt6string6resizeEjc$begin2 (PC-324 = 0x0000227c)
000023c4   00008000           NOP           5
000023c8            L$_ZNSt6string6resizeEjc$end2:
000023c8            L$_ZNSt6string6resizeEjc$end0:
000023c8   00001628           MVK.S1        0x002c,A0
000023cc   00000068           MVKH.S1       0x0000,A0
000023d0   023c08c0           SUB.D1        A15,A0,A4
000023d4   02100264           LDW.D1T1      *+A4[0],A4
000023d8   00006000           NOP           4
000023dc   07bd09c2           SUB.D2        B15,0x8,B15
000023e0   023c02f4           STW.D2T1      A4,*+B15[0]
000023e4   00001a28           MVK.S1        0x0034,A0
000023e8   00000068           MVKH.S1       0x0000,A0
000023ec   023c08c0           SUB.D1        A15,A0,A4
000023f0   02100264           LDW.D1T1      *+A4[0],A4
000023f4   00006000           NOP           4
000023f8   02108940           ADD.D1        A4,0x4,A4
000023fc   031008f0           MV.D1         A4,A6
00002400   023c02e4           LDW.D2T1      *+B15[0],A4
00002404   00006000           NOP           4
00002408   07bd0942           ADD.D2        B15,0x8,B15
0000240c   02180274           STW.D1T1      A4,*+A6[0]
00002410   02000028           MVK.S1        0x0000,A4
00002414   02000068           MVKH.S1       0x0000,A4
00002418   02131848           EXT.S1        A4,24,24,A4
0000241c   07bd09c2           SUB.D2        B15,0x8,B15
00002420   023c02f4           STW.D2T1      A4,*+B15[0]
00002424   00001a28           MVK.S1        0x0034,A0
00002428   00000068           MVKH.S1       0x0000,A0
0000242c   023c08c0           SUB.D1        A15,A0,A4
00002430   02100264           LDW.D1T1      *+A4[0],A4
00002434   00006000           NOP           4
00002438   02100264           LDW.D1T1      *+A4[0],A4
0000243c   00006000           NOP           4
00002440   07bd09c2           SUB.D2        B15,0x8,B15
00002444   023c02f4           STW.D2T1      A4,*+B15[0]
00002448   00001a28           MVK.S1        0x0034,A0
0000244c   00000068           MVKH.S1       0x0000,A0
00002450   023c08c0           SUB.D1        A15,A0,A4
00002454   02100264           LDW.D1T1      *+A4[0],A4
00002458   00006000           NOP           4
0000245c   02108940           ADD.D1        A4,0x4,A4
00002460   02100264           LDW.D1T1      *+A4[0],A4
00002464   00006000           NOP           4
00002468   07bd09c2           SUB.D2        B15,0x8,B15
0000246c   023c02f4           STW.D2T1      A4,*+B15[0]
00002470   020000a8           MVK.S1        0x0001,A4
00002474   02000068           MVKH.S1       0x0000,A4
00002478   031008f0           MV.D1         A4,A6
0000247c   023c02e4           LDW.D2T1      *+B15[0],A4
00002480   00006000           NOP           4
00002484   07bd0942           ADD.D2        B15,0x8,B15
00002488   02188800           MPY32.M1      A4,A6,A4
0000248c   00004000           NOP           3
00002490   031008f0           MV.D1         A4,A6
00002494   023c02e4           LDW.D2T1      *+B15[0],A4
00002498   00006000           NOP           4
0000249c   07bd0942           ADD.D2        B15,0x8,B15
000024a0   0210c840           ADD.D1        A4,A6,A4
000024a4   031008f0           MV.D1         A4,A6
000024a8   023c02e4           LDW.D2T1      *+B15[0],A4
000024ac   00006000           NOP           4
000024b0   07bd0942           ADD.D2        B15,0x8,B15
000024b4   02180234           STB.D1T1      A4,*+A6[0]
000024b8   0200a358           MVK.L1        0,A4
000024bc            L$return$_ZNSt6string6resizeEjc:
000024bc   01bc2066           LDW.D1T2      *-A15[1],B3
000024c0   07bc18f2           MV.D2X        A15,B15
000024c4   07bc0264           LDW.D1T1      *+A15[0],A15
000024c8   00006000           NOP           4
000024cc   000c0362           B.S2          B3
000024d0   00008000           NOP           5
000024d4            _ZNSt6string6resizeEj:
000024d4   07bc02f4           STW.D2T1      A15,*+B15[0]
000024d8   07bc18f0           MV.D1X        B15,A15
000024dc   01bc2076           STW.D1T2      B3,*-A15[1]
000024e0   00001c2a           MVK.S2        0x0038,B0
000024e4   0000006a           MVKH.S2       0x0000,B0
000024e8   07bc08c2           SUB.D2        B15,B0,B15
000024ec   00001828           MVK.S1        0x0030,A0
000024f0   00000068           MVKH.S1       0x0000,A0
000024f4   003c08c0           SUB.D1        A15,A0,A0
000024f8   02000274           STW.D1T1      A4,*+A0[0]
000024fc   021018f0           MV.D1X        B4,A4
00002500   00001628           MVK.S1        0x002c,A0
00002504   00000068           MVKH.S1       0x0000,A0
00002508   003c08c0           SUB.D1        A15,A0,A0
0000250c   02000274           STW.D1T1      A4,*+A0[0]
00002510   07bd09c2           SUB.D2        B15,0x8,B15
00002514   00001828           MVK.S1        0x0030,A0
00002518   00000068           MVKH.S1       0x0000,A0
0000251c   023c08c0           SUB.D1        A15,A0,A4
00002520   02100264           LDW.D1T1      *+A4[0],A4
00002524   00006000           NOP           4
00002528   07bd09c2           SUB.D2        B15,0x8,B15
0000252c   023c02f4           STW.D2T1      A4,*+B15[0]
00002530   00001628           MVK.S1        0x002c,A0
00002534   00000068           MVKH.S1       0x0000,A0
00002538   023c08c0           SUB.D1        A15,A0,A4
0000253c   02100264           LDW.D1T1      *+A4[0],A4
00002540   00006000           NOP           4
00002544   07bd09c2           SUB.D2        B15,0x8,B15
00002548   023c02f4           STW.D2T1      A4,*+B15[0]
0000254c   02000028           MVK.S1        0x0000,A4
00002550   02000068           MVKH.S1       0x0000,A4
00002554   02131848           EXT.S1        A4,24,24,A4
00002558   031008f0           MV.D1         A4,A6
0000255c   023c02e6           LDW.D2T2      *+B15[0],B4
00002560   00006000           NOP           4
00002564   07bd0942           ADD.D2        B15,0x8,B15
00002568   023c02e4           LDW.D2T1      *+B15[0],A4
0000256c   00006000           NOP           4
00002570   07bd0942           ADD.D2        B15,0x8,B15
00002574   0180002a           MVK.S2        0x0000,B3
00002578   0180006a           MVKH.S2       0x0000,B3
0000257c   00000012           B.S2          0x002560
00002580   00008000           NOP           5
00002584            L$_ZNSt6string6resizeEj$ret0:
00002584   07bd0942           ADD.D2        B15,0x8,B15
00002588   0200a358           MVK.L1        0,A4
0000258c            L$return$_ZNSt6string6resizeEj:
0000258c   01bc2066           LDW.D1T2      *-A15[1],B3
00002590   07bc18f2           MV.D2X        A15,B15
00002594   07bc0264           LDW.D1T1      *+A15[0],A15
00002598   00006000           NOP           4
0000259c   000c0362           B.S2          B3
000025a0   00008000           NOP           5
000025a4            _ZNKSt6string6substrEjj:
000025a4   07bc02f4           STW.D2T1      A15,*+B15[0]
000025a8   07bc18f0           MV.D1X        B15,A15
000025ac   01bc2076           STW.D1T2      B3,*-A15[1]
000025b0   00002c2a           MVK.S2        0x0058,B0
000025b4   0000006a           MVKH.S2       0x0000,B0
000025b8   07bc08c2           SUB.D2        B15,B0,B15
000025bc   00002028           MVK.S1        0x0040,A0
000025c0   00000068           MVKH.S1       0x0000,A0
000025c4   003c08c0           SUB.D1        A15,A0,A0
000025c8   02000274           STW.D1T1      A4,*+A0[0]
000025cc   021018f0           MV.D1X        B4,A4
000025d0   00001a28           MVK.S1        0x0034,A0
000025d4   00000068           MVKH.S1       0x0000,A0
000025d8   003c08c0           SUB.D1        A15,A0,A0
000025dc   02000274           STW.D1T1      A4,*+A0[0]
000025e0   021808f0           MV.D1         A6,A4
000025e4   00001628           MVK.S1        0x002c,A0
000025e8   00000068           MVKH.S1       0x0000,A0
000025ec   003c08c0           SUB.D1        A15,A0,A0
000025f0   02000274           STW.D1T1      A4,*+A0[0]
000025f4   021818f0           MV.D1X        B6,A4
000025f8   00001828           MVK.S1        0x0030,A0
000025fc   00000068           MVKH.S1       0x0000,A0
00002600   003c08c0           SUB.D1        A15,A0,A0
00002604   02000274           STW.D1T1      A4,*+A0[0]
00002608   02000028           MVK.S1        0x0000,A4
0000260c   02000068           MVKH.S1       0x0000,A4
00002610   07bd09c2           SUB.D2        B15,0x8,B15
00002614   023c02f4           STW.D2T1      A4,*+B15[0]
00002618   00002a28           MVK.S1        0x0054,A0
0000261c   00000068           MVKH.S1       0x0000,A0
00002620   023c08c0           SUB.D1        A15,A0,A4
00002624   031008f0           MV.D1         A4,A6
00002628   023c02e4           LDW.D2T1      *+B15[0],A4
0000262c   00006000           NOP           4
00002630   07bd0942           ADD.D2        B15,0x8,B15
00002634   02180274           STW.D1T1      A4,*+A6[0]
00002638   00001628           MVK.S1        0x002c,A0
0000263c   00000068           MVKH.S1       0x0000,A0
00002640   023c08c0           SUB.D1        A15,A0,A4
00002644   02100264           LDW.D1T1      *+A4[0],A4
00002648   00006000           NOP           4
0000264c   07bd09c2           SUB.D2        B15,0x8,B15
00002650   023c02f4           STW.D2T1      A4,*+B15[0]
00002654   00001a28           MVK.S1        0x0034,A0
00002658   00000068           MVKH.S1       0x0000,A0
0000265c   023c08c0           SUB.D1        A15,A0,A4
00002660   02100264           LDW.D1T1      *+A4[0],A4
00002664   00006000           NOP           4
00002668   02108940           ADD.D1        A4,0x4,A4
0000266c   02100264           LDW.D1T1      *+A4[0],A4
00002670   00006000           NOP           4
00002674   031008f0           MV.D1         A4,A6
00002678   023c02e4           LDW.D2T1      *+B15[0],A4
0000267c   00006000           NOP           4
00002680   07bd0942           ADD.D2        B15,0x8,B15
00002684   021889f8           CMPGTU.L1     A4,A6,A4
00002688   02100a58           CMPEQ.L1      0,A4,A4
0000268c   02102bf0           XOR.D1        1,A4,A4
00002690   009008f0           MV.D1         A4,A1
00002694   90000c92    [!A1]  B.S2          L$_ZNKSt6string6substrEjj$end0 (PC+100 = 0x000026e4)
00002698   00008000           NOP           5
0000269c   00001a28           MVK.S1        0x0034,A0
000026a0   00000068           MVKH.S1       0x0000,A0
000026a4   023c08c0           SUB.D1        A15,A0,A4
000026a8   02100264           LDW.D1T1      *+A4[0],A4
000026ac   00006000           NOP           4
000026b0   02108940           ADD.D1        A4,0x4,A4
000026b4   02100264           LDW.D1T1      *+A4[0],A4
000026b8   00006000           NOP           4
000026bc   07bd09c2           SUB.D2        B15,0x8,B15
000026c0   023c02f4           STW.D2T1      A4,*+B15[0]
000026c4   00001628           MVK.S1        0x002c,A0
000026c8   00000068           MVKH.S1       0x0000,A0
000026cc   023c08c0           SUB.D1        A15,A0,A4
000026d0   031008f0           MV.D1         A4,A6
000026d4   023c02e4           LDW.D2T1      *+B15[0],A4
000026d8   00006000           NOP           4
000026dc   07bd0942           ADD.D2        B15,0x8,B15
000026e0   02180274           STW.D1T1      A4,*+A6[0]
000026e4            L$_ZNKSt6string6substrEjj$end0:
000026e4   00001a28           MVK.S1        0x0034,A0
000026e8   00000068           MVKH.S1       0x0000,A0
000026ec   023c08c0           SUB.D1        A15,A0,A4
000026f0   02100264           LDW.D1T1      *+A4[0],A4
000026f4   00006000           NOP           4
000026f8   02108940           ADD.D1        A4,0x4,A4
000026fc   02100264           LDW.D1T1      *+A4[0],A4
00002700   00006000           NOP           4
00002704   07bd09c2           SUB.D2        B15,0x8,B15
00002708   023c02f4           STW.D2T1      A4,*+B15[0]
0000270c   00001628           MVK.S1        0x002c,A0
00002710   00000068           MVKH.S1       0x0000,A0
00002714   023c08c0           SUB.D1        A15,A0,A4
00002718   02100264           LDW.D1T1      *+A4[0],A4
0000271c   00006000           NOP           4
00002720   031008f0           MV.D1         A4,A6
00002724   023c02e4           LDW.D2T1      *+B15[0],A4
00002728   00006000           NOP           4
0000272c   07bd0942           ADD.D2        B15,0x8,B15
00002730   0210c8c0           SUB.D1        A4,A6,A4
00002734   07bd09c2           SUB.D2        B15,0x8,B15
00002738   023c02f4           STW.D2T1      A4,*+B15[0]
0000273c   00002228           MVK.S1        0x0044,A0
00002740   00000068           MVKH.S1       0x0000,A0
00002744   023c08c0           SUB.D1        A15,A0,A4
00002748   031008f0           MV.D1         A4,A6
0000274c   023c02e4           LDW.D2T1      *+B15[0],A4
00002750   00006000           NOP           4
00002754   07bd0942           ADD.D2        B15,0x8,B15
00002758   02180274           STW.D1T1      A4,*+A6[0]
0000275c   07bd09c2           SUB.D2        B15,0x8,B15
00002760   00002828           MVK.S1        0x0050,A0
00002764   00000068           MVKH.S1       0x0000,A0
00002768   023c08c0           SUB.D1        A15,A0,A4
0000276c   07bd09c2           SUB.D2        B15,0x8,B15
00002770   023c02f4           STW.D2T1      A4,*+B15[0]
00002774   00001a28           MVK.S1        0x0034,A0
00002778   00000068           MVKH.S1       0x0000,A0
0000277c   023c08c0           SUB.D1        A15,A0,A4
00002780   02100264           LDW.D1T1      *+A4[0],A4
00002784   00006000           NOP           4
00002788   02100264           LDW.D1T1      *+A4[0],A4
0000278c   00006000           NOP           4
00002790   07bd09c2           SUB.D2        B15,0x8,B15
00002794   023c02f4           STW.D2T1      A4,*+B15[0]
00002798   00001628           MVK.S1        0x002c,A0
0000279c   00000068           MVKH.S1       0x0000,A0
000027a0   023c08c0           SUB.D1        A15,A0,A4
000027a4   02100264           LDW.D1T1      *+A4[0],A4
000027a8   00006000           NOP           4
000027ac   07bd09c2           SUB.D2        B15,0x8,B15
000027b0   023c02f4           STW.D2T1      A4,*+B15[0]
000027b4   020000a8           MVK.S1        0x0001,A4
000027b8   02000068           MVKH.S1       0x0000,A4
000027bc   031008f0           MV.D1         A4,A6
000027c0   023c02e4           LDW.D2T1      *+B15[0],A4
000027c4   00006000           NOP           4
000027c8   07bd0942           ADD.D2        B15,0x8,B15
000027cc   02188800           MPY32.M1      A4,A6,A4
000027d0   00004000           NOP           3
000027d4   031008f0           MV.D1         A4,A6
000027d8   023c02e4           LDW.D2T1      *+B15[0],A4
000027dc   00006000           NOP           4
000027e0   07bd0942           ADD.D2        B15,0x8,B15
000027e4   0210c840           ADD.D1        A4,A6,A4
000027e8   07bd09c2           SUB.D2        B15,0x8,B15
000027ec   023c02f4           STW.D2T1      A4,*+B15[0]
000027f0   00001828           MVK.S1        0x0030,A0
000027f4   00000068           MVKH.S1       0x0000,A0
000027f8   023c08c0           SUB.D1        A15,A0,A4
000027fc   02100264           LDW.D1T1      *+A4[0],A4
00002800   00006000           NOP           4
00002804   07bd09c2           SUB.D2        B15,0x8,B15
00002808   023c02f4           STW.D2T1      A4,*+B15[0]
0000280c   00002228           MVK.S1        0x0044,A0
00002810   00000068           MVKH.S1       0x0000,A0
00002814   023c08c0           SUB.D1        A15,A0,A4
00002818   02100264           LDW.D1T1      *+A4[0],A4
0000281c   00006000           NOP           4
00002820   031008f0           MV.D1         A4,A6
00002824   023c02e4           LDW.D2T1      *+B15[0],A4
00002828   00006000           NOP           4
0000282c   07bd0942           ADD.D2        B15,0x8,B15
00002830   021889f8           CMPGTU.L1     A4,A6,A4
00002834   02100a58           CMPEQ.L1      0,A4,A4
00002838   02102bf0           XOR.D1        1,A4,A4
0000283c   009008f0           MV.D1         A4,A1
00002840   90000392    [!A1]  B.S2          L$_ZNKSt6string6substrEjj$else1 (PC+28 = 0x0000285c)
00002844   00008000           NOP           5
00002848   00002228           MVK.S1        0x0044,A0
0000284c   00000068           MVKH.S1       0x0000,A0
00002850   023c08c0           SUB.D1        A15,A0,A4
00002854   00000512           B.S2          L$_ZNKSt6string6substrEjj$end1 (PC+40 = 0x00002868)
00002858   00008000           NOP           5
0000285c            L$_ZNKSt6string6substrEjj$else1:
0000285c   00001828           MVK.S1        0x0030,A0
00002860   00000068           MVKH.S1       0x0000,A0
00002864   023c08c0           SUB.D1        A15,A0,A4
00002868            L$_ZNKSt6string6substrEjj$end1:
00002868   02100264           LDW.D1T1      *+A4[0],A4
0000286c   00006000           NOP           4
00002870   031008f0           MV.D1         A4,A6
00002874   023c02e6           LDW.D2T2      *+B15[0],B4
00002878   00006000           NOP           4
0000287c   07bd0942           ADD.D2        B15,0x8,B15
00002880   023c02e4           LDW.D2T1      *+B15[0],A4
00002884   00006000           NOP           4
00002888   07bd0942           ADD.D2        B15,0x8,B15
0000288c   0180002a           MVK.S2        0x0000,B3
00002890   0180006a           MVKH.S2       0x0000,B3
00002894   00000012           B.S2          0x002880
00002898   00008000           NOP           5
0000289c            L$_ZNKSt6string6substrEjj$ret2:
0000289c   07bd0942           ADD.D2        B15,0x8,B15
000028a0   020000a8           MVK.S1        0x0001,A4
000028a4   02000068           MVKH.S1       0x0000,A4
000028a8   07bd09c2           SUB.D2        B15,0x8,B15
000028ac   023c02f4           STW.D2T1      A4,*+B15[0]
000028b0   00002a28           MVK.S1        0x0054,A0
000028b4   00000068           MVKH.S1       0x0000,A0
000028b8   023c08c0           SUB.D1        A15,A0,A4
000028bc   031008f0           MV.D1         A4,A6
000028c0   023c02e4           LDW.D2T1      *+B15[0],A4
000028c4   00006000           NOP           4
000028c8   07bd0942           ADD.D2        B15,0x8,B15
000028cc   02180274           STW.D1T1      A4,*+A6[0]
000028d0   00002828           MVK.S1        0x0050,A0
000028d4   00000068           MVKH.S1       0x0000,A0
000028d8   023c08c0           SUB.D1        A15,A0,A4
000028dc   00002028           MVK.S1        0x0040,A0
000028e0   00000068           MVKH.S1       0x0000,A0
000028e4   033c08c0           SUB.D1        A15,A0,A6
000028e8   03180264           LDW.D1T1      *+A6[0],A6
000028ec   00006000           NOP           4
000028f0   00100940           MV.D1         A4,A0
000028f4   01800264           LDW.D1T1      *+A0[0],A3
000028f8   00006000           NOP           4
000028fc   00180940           MV.D1         A6,A0
00002900   01800274           STW.D1T1      A3,*+A0[0]
00002904   00108940           ADD.D1        A4,0x4,A0
00002908   01800264           LDW.D1T1      *+A0[0],A3
0000290c   00006000           NOP           4
00002910   00188940           ADD.D1        A6,0x4,A0
00002914   01800274           STW.D1T1      A3,*+A0[0]
00002918   00110940           ADD.D1        A4,0x8,A0
0000291c   01800264           LDW.D1T1      *+A0[0],A3
00002920   00006000           NOP           4
00002924   00190940           ADD.D1        A6,0x8,A0
00002928   01800274           STW.D1T1      A3,*+A0[0]
0000292c            L$_ZNKSt6string6substrEjj$noresult3:
0000292c   021808f0           MV.D1         A6,A4
00002930   00000592           B.S2          L$return$_ZNKSt6string6substrEjj (PC+44 = 0x0000294c)
00002934   00008000           NOP           5
00002938   00002028           MVK.S1        0x0040,A0
0000293c   00000068           MVKH.S1       0x0000,A0
00002940   023c08c0           SUB.D1        A15,A0,A4
00002944   02100264           LDW.D1T1      *+A4[0],A4
00002948   00006000           NOP           4
0000294c            L$return$_ZNKSt6string6substrEjj:
0000294c   01bc2066           LDW.D1T2      *-A15[1],B3
00002950   07bc18f2           MV.D2X        A15,B15
00002954   07bc0264           LDW.D1T1      *+A15[0],A15
00002958   00006000           NOP           4
0000295c   000c0362           B.S2          B3
00002960   00008000           NOP           5
00002964            _ZNKSt6string6substrEj:
00002964   07bc02f4           STW.D2T1      A15,*+B15[0]
00002968   07bc18f0           MV.D1X        B15,A15
0000296c   01bc2076           STW.D1T2      B3,*-A15[1]
00002970   0000242a           MVK.S2        0x0048,B0
00002974   0000006a           MVKH.S2       0x0000,B0
00002978   07bc08c2           SUB.D2        B15,B0,B15
0000297c   00001c28           MVK.S1        0x0038,A0
00002980   00000068           MVKH.S1       0x0000,A0
00002984   003c08c0           SUB.D1        A15,A0,A0
00002988   02000274           STW.D1T1      A4,*+A0[0]
0000298c   021018f0           MV.D1X        B4,A4
00002990   00001828           MVK.S1        0x0030,A0
00002994   00000068           MVKH.S1       0x0000,A0
00002998   003c08c0           SUB.D1        A15,A0,A0
0000299c   02000274           STW.D1T1      A4,*+A0[0]
000029a0   021808f0           MV.D1         A6,A4
000029a4   00001628           MVK.S1        0x002c,A0
000029a8   00000068           MVKH.S1       0x0000,A0
000029ac   003c08c0           SUB.D1        A15,A0,A0
000029b0   02000274           STW.D1T1      A4,*+A0[0]
000029b4   07bd09c2           SUB.D2        B15,0x8,B15
000029b8   00001828           MVK.S1        0x0030,A0
000029bc   00000068           MVKH.S1       0x0000,A0
000029c0   023c08c0           SUB.D1        A15,A0,A4
000029c4   02100264           LDW.D1T1      *+A4[0],A4
000029c8   00006000           NOP           4
000029cc   07bd09c2           SUB.D2        B15,0x8,B15
000029d0   023c02f4           STW.D2T1      A4,*+B15[0]
000029d4   00001628           MVK.S1        0x002c,A0
000029d8   00000068           MVKH.S1       0x0000,A0
000029dc   023c08c0           SUB.D1        A15,A0,A4
000029e0   02100264           LDW.D1T1      *+A4[0],A4
000029e4   00006000           NOP           4
000029e8   07bd09c2           SUB.D2        B15,0x8,B15
000029ec   023c02f4           STW.D2T1      A4,*+B15[0]
000029f0   027fffa8           MVK.S1        0xffffffff,A4
000029f4   027fffe8           MVKH.S1       0xffff0000,A4
000029f8   031018f2           MV.D2X        A4,B6
000029fc   033c02e4           LDW.D2T1      *+B15[0],A6
00002a00   00006000           NOP           4
00002a04   07bd0942           ADD.D2        B15,0x8,B15
00002a08   023c02e6           LDW.D2T2      *+B15[0],B4
00002a0c   00006000           NOP           4
00002a10   07bd0942           ADD.D2        B15,0x8,B15
00002a14   00002228           MVK.S1        0x0044,A0
00002a18   00000068           MVKH.S1       0x0000,A0
00002a1c   023c08c0           SUB.D1        A15,A0,A4
00002a20   0180002a           MVK.S2        0x0000,B3
00002a24   0180006a           MVKH.S2       0x0000,B3
00002a28   00000012           B.S2          0x002a20
00002a2c   00008000           NOP           5
00002a30            L$_ZNKSt6string6substrEj$ret0:
00002a30   07bd0942           ADD.D2        B15,0x8,B15
00002a34   00002228           MVK.S1        0x0044,A0
00002a38   00000068           MVKH.S1       0x0000,A0
00002a3c   023c08c0           SUB.D1        A15,A0,A4
00002a40   00001c28           MVK.S1        0x0038,A0
00002a44   00000068           MVKH.S1       0x0000,A0
00002a48   033c08c0           SUB.D1        A15,A0,A6
00002a4c   03180264           LDW.D1T1      *+A6[0],A6
00002a50   00006000           NOP           4
00002a54   00100940           MV.D1         A4,A0
00002a58   01800264           LDW.D1T1      *+A0[0],A3
00002a5c   00006000           NOP           4
00002a60   00180940           MV.D1         A6,A0
00002a64   01800274           STW.D1T1      A3,*+A0[0]
00002a68   00108940           ADD.D1        A4,0x4,A0
00002a6c   01800264           LDW.D1T1      *+A0[0],A3
00002a70   00006000           NOP           4
00002a74   00188940           ADD.D1        A6,0x4,A0
00002a78   01800274           STW.D1T1      A3,*+A0[0]
00002a7c   00110940           ADD.D1        A4,0x8,A0
00002a80   01800264           LDW.D1T1      *+A0[0],A3
00002a84   00006000           NOP           4
00002a88   00190940           ADD.D1        A6,0x8,A0
00002a8c   01800274           STW.D1T1      A3,*+A0[0]
00002a90            L$_ZNKSt6string6substrEj$noresult1:
00002a90   021808f0           MV.D1         A6,A4
00002a94   00000612           B.S2          L$return$_ZNKSt6string6substrEj (PC+48 = 0x00002ab0)
00002a98   00008000           NOP           5
00002a9c   00001c28           MVK.S1        0x0038,A0
00002aa0   00000068           MVKH.S1       0x0000,A0
00002aa4   023c08c0           SUB.D1        A15,A0,A4
00002aa8   02100264           LDW.D1T1      *+A4[0],A4
00002aac   00006000           NOP           4
00002ab0            L$return$_ZNKSt6string6substrEj:
00002ab0   01bc2066           LDW.D1T2      *-A15[1],B3
00002ab4   07bc18f2           MV.D2X        A15,B15
00002ab8   07bc0264           LDW.D1T1      *+A15[0],A15
00002abc   00006000           NOP           4
00002ac0   000c0362           B.S2          B3
00002ac4   00008000           NOP           5
00002ac8            _ZNKSt6string6substrEv:
00002ac8   07bc02f4           STW.D2T1      A15,*+B15[0]
00002acc   07bc18f0           MV.D1X        B15,A15
00002ad0   01bc2076           STW.D1T2      B3,*-A15[1]
00002ad4   0000242a           MVK.S2        0x0048,B0
00002ad8   0000006a           MVKH.S2       0x0000,B0
00002adc   07bc08c2           SUB.D2        B15,B0,B15
00002ae0   00001c28           MVK.S1        0x0038,A0
00002ae4   00000068           MVKH.S1       0x0000,A0
00002ae8   003c08c0           SUB.D1        A15,A0,A0
00002aec   02000274           STW.D1T1      A4,*+A0[0]
00002af0   021018f0           MV.D1X        B4,A4
00002af4   00001628           MVK.S1        0x002c,A0
00002af8   00000068           MVKH.S1       0x0000,A0
00002afc   003c08c0           SUB.D1        A15,A0,A0
00002b00   02000274           STW.D1T1      A4,*+A0[0]
00002b04   07bd09c2           SUB.D2        B15,0x8,B15
00002b08   00001628           MVK.S1        0x002c,A0
00002b0c   00000068           MVKH.S1       0x0000,A0
00002b10   023c08c0           SUB.D1        A15,A0,A4
00002b14   02100264           LDW.D1T1      *+A4[0],A4
00002b18   00006000           NOP           4
00002b1c   07bd09c2           SUB.D2        B15,0x8,B15
00002b20   023c02f4           STW.D2T1      A4,*+B15[0]
00002b24   02000028           MVK.S1        0x0000,A4
00002b28   02000068           MVKH.S1       0x0000,A4
00002b2c   07bd09c2           SUB.D2        B15,0x8,B15
00002b30   023c02f4           STW.D2T1      A4,*+B15[0]
00002b34   027fffa8           MVK.S1        0xffffffff,A4
00002b38   027fffe8           MVKH.S1       0xffff0000,A4
00002b3c   031018f2           MV.D2X        A4,B6
00002b40   033c02e4           LDW.D2T1      *+B15[0],A6
00002b44   00006000           NOP           4
00002b48   07bd0942           ADD.D2        B15,0x8,B15
00002b4c   023c02e6           LDW.D2T2      *+B15[0],B4
00002b50   00006000           NOP           4
00002b54   07bd0942           ADD.D2        B15,0x8,B15
00002b58   00002228           MVK.S1        0x0044,A0
00002b5c   00000068           MVKH.S1       0x0000,A0
00002b60   023c08c0           SUB.D1        A15,A0,A4
00002b64   0180002a           MVK.S2        0x0000,B3
00002b68   0180006a           MVKH.S2       0x0000,B3
00002b6c   00000012           B.S2          0x002b60
00002b70   00008000           NOP           5
00002b74            L$_ZNKSt6string6substrEv$ret0:
00002b74   07bd0942           ADD.D2        B15,0x8,B15
00002b78   00002228           MVK.S1        0x0044,A0
00002b7c   00000068           MVKH.S1       0x0000,A0
00002b80   023c08c0           SUB.D1        A15,A0,A4
00002b84   00001c28           MVK.S1        0x0038,A0
00002b88   00000068           MVKH.S1       0x0000,A0
00002b8c   033c08c0           SUB.D1        A15,A0,A6
00002b90   03180264           LDW.D1T1      *+A6[0],A6
00002b94   00006000           NOP           4
00002b98   00100940           MV.D1         A4,A0
00002b9c   01800264           LDW.D1T1      *+A0[0],A3
00002ba0   00006000           NOP           4
00002ba4   00180940           MV.D1         A6,A0
00002ba8   01800274           STW.D1T1      A3,*+A0[0]
00002bac   00108940           ADD.D1        A4,0x4,A0
00002bb0   01800264           LDW.D1T1      *+A0[0],A3
00002bb4   00006000           NOP           4
00002bb8   00188940           ADD.D1        A6,0x4,A0
00002bbc   01800274           STW.D1T1      A3,*+A0[0]
00002bc0   00110940           ADD.D1        A4,0x8,A0
00002bc4   01800264           LDW.D1T1      *+A0[0],A3
00002bc8   00006000           NOP           4
00002bcc   00190940           ADD.D1        A6,0x8,A0
00002bd0   01800274           STW.D1T1      A3,*+A0[0]
00002bd4            L$_ZNKSt6string6substrEv$noresult1:
00002bd4   021808f0           MV.D1         A6,A4
00002bd8   00000692           B.S2          L$return$_ZNKSt6string6substrEv (PC+52 = 0x00002bf4)
00002bdc   00008000           NOP           5
00002be0   00001c28           MVK.S1        0x0038,A0
00002be4   00000068           MVKH.S1       0x0000,A0
00002be8   023c08c0           SUB.D1        A15,A0,A4
00002bec   02100264           LDW.D1T1      *+A4[0],A4
00002bf0   00006000           NOP           4
00002bf4            L$return$_ZNKSt6string6substrEv:
00002bf4   01bc2066           LDW.D1T2      *-A15[1],B3
00002bf8   07bc18f2           MV.D2X        A15,B15
00002bfc   07bc0264           LDW.D1T1      *+A15[0],A15
00002c00   00006000           NOP           4
00002c04   000c0362           B.S2          B3
00002c08   00008000           NOP           5
00002c0c            _ZNKSt6string4findEcj:
00002c0c   07bc02f4           STW.D2T1      A15,*+B15[0]
00002c10   07bc18f0           MV.D1X        B15,A15
00002c14   00001c2a           MVK.S2        0x0038,B0
00002c18   0000006a           MVKH.S2       0x0000,B0
00002c1c   07bc08c2           SUB.D2        B15,B0,B15
00002c20   00001a28           MVK.S1        0x0034,A0
00002c24   00000068           MVKH.S1       0x0000,A0
00002c28   003c08c0           SUB.D1        A15,A0,A0
00002c2c   02000274           STW.D1T1      A4,*+A0[0]
00002c30   021018f0           MV.D1X        B4,A4
00002c34   000014a8           MVK.S1        0x0029,A0
00002c38   00000068           MVKH.S1       0x0000,A0
00002c3c   003c08c0           SUB.D1        A15,A0,A0
00002c40   02000234           STB.D1T1      A4,*+A0[0]
00002c44   021808f0           MV.D1         A6,A4
00002c48   00001828           MVK.S1        0x0030,A0
00002c4c   00000068           MVKH.S1       0x0000,A0
00002c50   003c08c0           SUB.D1        A15,A0,A0
00002c54   02000274           STW.D1T1      A4,*+A0[0]
00002c58   00001828           MVK.S1        0x0030,A0
00002c5c   00000068           MVKH.S1       0x0000,A0
00002c60   023c08c0           SUB.D1        A15,A0,A4
00002c64   02100264           LDW.D1T1      *+A4[0],A4
00002c68   00006000           NOP           4
00002c6c   07bd09c2           SUB.D2        B15,0x8,B15
00002c70   023c02f4           STW.D2T1      A4,*+B15[0]
00002c74   00001c28           MVK.S1        0x0038,A0
00002c78   00000068           MVKH.S1       0x0000,A0
00002c7c   023c08c0           SUB.D1        A15,A0,A4
00002c80   031008f0           MV.D1         A4,A6
00002c84   023c02e4           LDW.D2T1      *+B15[0],A4
00002c88   00006000           NOP           4
00002c8c   07bd0942           ADD.D2        B15,0x8,B15
00002c90   02180274           STW.D1T1      A4,*+A6[0]
00002c94            L$_ZNKSt6string4findEcj$begin0:
00002c94   00001c28           MVK.S1        0x0038,A0
00002c98   00000068           MVKH.S1       0x0000,A0
00002c9c   023c08c0           SUB.D1        A15,A0,A4
00002ca0   02100264           LDW.D1T1      *+A4[0],A4
00002ca4   00006000           NOP           4
00002ca8   07bd09c2           SUB.D2        B15,0x8,B15
00002cac   023c02f4           STW.D2T1      A4,*+B15[0]
00002cb0   00001a28           MVK.S1        0x0034,A0
00002cb4   00000068           MVKH.S1       0x0000,A0
00002cb8   023c08c0           SUB.D1        A15,A0,A4
00002cbc   02100264           LDW.D1T1      *+A4[0],A4
00002cc0   00006000           NOP           4
00002cc4   02108940           ADD.D1        A4,0x4,A4
00002cc8   02100264           LDW.D1T1      *+A4[0],A4
00002ccc   00006000           NOP           4
00002cd0   031008f0           MV.D1         A4,A6
00002cd4   023c02e4           LDW.D2T1      *+B15[0],A4
00002cd8   00006000           NOP           4
00002cdc   07bd0942           ADD.D2        B15,0x8,B15
00002ce0   02188bf8           CMPLTU.L1     A4,A6,A4
00002ce4   02100a58           CMPEQ.L1      0,A4,A4
00002ce8   02102bf0           XOR.D1        1,A4,A4
00002cec   009008f0           MV.D1         A4,A1
00002cf0   90002892    [!A1]  B.S2          L$_ZNKSt6string4findEcj$end0 (PC+324 = 0x00002e24)
00002cf4   00008000           NOP           5
00002cf8   00001a28           MVK.S1        0x0034,A0
00002cfc   00000068           MVKH.S1       0x0000,A0
00002d00   023c08c0           SUB.D1        A15,A0,A4
00002d04   02100264           LDW.D1T1      *+A4[0],A4
00002d08   00006000           NOP           4
00002d0c   02100264           LDW.D1T1      *+A4[0],A4
00002d10   00006000           NOP           4
00002d14   07bd09c2           SUB.D2        B15,0x8,B15
00002d18   023c02f4           STW.D2T1      A4,*+B15[0]
00002d1c   00001c28           MVK.S1        0x0038,A0
00002d20   00000068           MVKH.S1       0x0000,A0
00002d24   023c08c0           SUB.D1        A15,A0,A4
00002d28   02100264           LDW.D1T1      *+A4[0],A4
00002d2c   00006000           NOP           4
00002d30   07bd09c2           SUB.D2        B15,0x8,B15
00002d34   023c02f4           STW.D2T1      A4,*+B15[0]
00002d38   020000a8           MVK.S1        0x0001,A4
00002d3c   02000068           MVKH.S1       0x0000,A4
00002d40   031008f0           MV.D1         A4,A6
00002d44   023c02e4           LDW.D2T1      *+B15[0],A4
00002d48   00006000           NOP           4
00002d4c   07bd0942           ADD.D2        B15,0x8,B15
00002d50   02188800           MPY32.M1      A4,A6,A4
00002d54   00004000           NOP           3
00002d58   031008f0           MV.D1         A4,A6
00002d5c   023c02e4           LDW.D2T1      *+B15[0],A4
00002d60   00006000           NOP           4
00002d64   07bd0942           ADD.D2        B15,0x8,B15
00002d68   0210c840           ADD.D1        A4,A6,A4
00002d6c   02100224           LDB.D1T1      *+A4[0],A4
00002d70   00006000           NOP           4
00002d74   07bd09c2           SUB.D2        B15,0x8,B15
00002d78   023c02f4           STW.D2T1      A4,*+B15[0]
00002d7c   000014a8           MVK.S1        0x0029,A0
00002d80   00000068           MVKH.S1       0x0000,A0
00002d84   023c08c0           SUB.D1        A15,A0,A4
00002d88   02100224           LDB.D1T1      *+A4[0],A4
00002d8c   00006000           NOP           4
00002d90   031008f0           MV.D1         A4,A6
00002d94   023c02e4           LDW.D2T1      *+B15[0],A4
00002d98   00006000           NOP           4
00002d9c   07bd0942           ADD.D2        B15,0x8,B15
00002da0   02188a78           CMPEQ.L1      A4,A6,A4
00002da4   02100a58           CMPEQ.L1      0,A4,A4
00002da8   02102bf0           XOR.D1        1,A4,A4
00002dac   009008f0           MV.D1         A4,A1
00002db0   90000692    [!A1]  B.S2          L$_ZNKSt6string4findEcj$step0 (PC+52 = 0x00002dd4)
00002db4   00008000           NOP           5
00002db8   00001c28           MVK.S1        0x0038,A0
00002dbc   00000068           MVKH.S1       0x0000,A0
00002dc0   023c08c0           SUB.D1        A15,A0,A4
00002dc4   02100264           LDW.D1T1      *+A4[0],A4
00002dc8   00006000           NOP           4
00002dcc   00000f12           B.S2          L$return$_ZNKSt6string4findEcj (PC+120 = 0x00002e38)
00002dd0   00008000           NOP           5
00002dd4            L$_ZNKSt6string4findEcj$end1:
00002dd4            L$_ZNKSt6string4findEcj$step0:
00002dd4   00001c28           MVK.S1        0x0038,A0
00002dd8   00000068           MVKH.S1       0x0000,A0
00002ddc   023c08c0           SUB.D1        A15,A0,A4
00002de0   07bd09c2           SUB.D2        B15,0x8,B15
00002de4   023c02f4           STW.D2T1      A4,*+B15[0]
00002de8   02100264           LDW.D1T1      *+A4[0],A4
00002dec   00006000           NOP           4
00002df0   07bd09c2           SUB.D2        B15,0x8,B15
00002df4   023c02f4           STW.D2T1      A4,*+B15[0]
00002df8   02102940           ADD.D1        A4,0x1,A4
00002dfc   033c02e4           LDW.D2T1      *+B15[0],A6
00002e00   00006000           NOP           4
00002e04   07bd0942           ADD.D2        B15,0x8,B15
00002e08   01bc02e4           LDW.D2T1      *+B15[0],A3
00002e0c   00006000           NOP           4
00002e10   07bd0942           ADD.D2        B15,0x8,B15
00002e14   020c0274           STW.D1T1      A4,*+A3[0]
00002e18   021808f0           MV.D1         A6,A4
00002e1c   0fffd292           B.S2          L$_ZNKSt6string4findEcj$begin0 (PC-364 = 0x00002c94)
00002e20   00008000           NOP           5
00002e24            L$_ZNKSt6string4findEcj$end0:
00002e24   027fffa8           MVK.S1        0xffffffff,A4
00002e28   027fffe8           MVKH.S1       0xffff0000,A4
00002e2c   00000312           B.S2          L$return$_ZNKSt6string4findEcj (PC+24 = 0x00002e38)
00002e30   00008000           NOP           5
00002e34   0200a358           MVK.L1        0,A4
00002e38            L$return$_ZNKSt6string4findEcj:
00002e38   07bc18f2           MV.D2X        A15,B15
00002e3c   07bc0264           LDW.D1T1      *+A15[0],A15
00002e40   00006000           NOP           4
00002e44   000c0362           B.S2          B3
00002e48   00008000           NOP           5
00002e4c            _ZNKSt6string4findEc:
00002e4c   07bc02f4           STW.D2T1      A15,*+B15[0]
00002e50   07bc18f0           MV.D1X        B15,A15
00002e54   01bc2076           STW.D1T2      B3,*-A15[1]
00002e58   00001c2a           MVK.S2        0x0038,B0
00002e5c   0000006a           MVKH.S2       0x0000,B0
00002e60   07bc08c2           SUB.D2        B15,B0,B15
00002e64   00001828           MVK.S1        0x0030,A0
00002e68   00000068           MVKH.S1       0x0000,A0
00002e6c   003c08c0           SUB.D1        A15,A0,A0
00002e70   02000274           STW.D1T1      A4,*+A0[0]
00002e74   021018f0           MV.D1X        B4,A4
00002e78   000014a8           MVK.S1        0x0029,A0
00002e7c   00000068           MVKH.S1       0x0000,A0
00002e80   003c08c0           SUB.D1        A15,A0,A0
00002e84   02000234           STB.D1T1      A4,*+A0[0]
00002e88   07bd09c2           SUB.D2        B15,0x8,B15
00002e8c   00001828           MVK.S1        0x0030,A0
00002e90   00000068           MVKH.S1       0x0000,A0
00002e94   023c08c0           SUB.D1        A15,A0,A4
00002e98   02100264           LDW.D1T1      *+A4[0],A4
00002e9c   00006000           NOP           4
00002ea0   07bd09c2           SUB.D2        B15,0x8,B15
00002ea4   023c02f4           STW.D2T1      A4,*+B15[0]
00002ea8   000014a8           MVK.S1        0x0029,A0
00002eac   00000068           MVKH.S1       0x0000,A0
00002eb0   023c08c0           SUB.D1        A15,A0,A4
00002eb4   02100224           LDB.D1T1      *+A4[0],A4
00002eb8   00006000           NOP           4
00002ebc   07bd09c2           SUB.D2        B15,0x8,B15
00002ec0   023c02f4           STW.D2T1      A4,*+B15[0]
00002ec4   02000028           MVK.S1        0x0000,A4
00002ec8   02000068           MVKH.S1       0x0000,A4
00002ecc   031008f0           MV.D1         A4,A6
00002ed0   023c02e6           LDW.D2T2      *+B15[0],B4
00002ed4   00006000           NOP           4
00002ed8   07bd0942           ADD.D2        B15,0x8,B15
00002edc   023c02e4           LDW.D2T1      *+B15[0],A4
00002ee0   00006000           NOP           4
00002ee4   07bd0942           ADD.D2        B15,0x8,B15
00002ee8   0180002a           MVK.S2        0x0000,B3
00002eec   0180006a           MVKH.S2       0x0000,B3
00002ef0   00000012           B.S2          0x002ee0
00002ef4   00008000           NOP           5
00002ef8            L$_ZNKSt6string4findEc$ret0:
00002ef8   07bd0942           ADD.D2        B15,0x8,B15
00002efc   00000512           B.S2          L$return$_ZNKSt6string4findEc (PC+40 = 0x00002f08)
00002f00   00008000           NOP           5
00002f04   0200a358           MVK.L1        0,A4
00002f08            L$return$_ZNKSt6string4findEc:
00002f08   01bc2066           LDW.D1T2      *-A15[1],B3
00002f0c   07bc18f2           MV.D2X        A15,B15
00002f10   07bc0264           LDW.D1T1      *+A15[0],A15
00002f14   00006000           NOP           4
00002f18   000c0362           B.S2          B3
00002f1c   00008000           NOP           5
00002f20            _ZNKSt6string4findEPKcj:
00002f20   07bc02f4           STW.D2T1      A15,*+B15[0]
00002f24   07bc18f0           MV.D1X        B15,A15
00002f28   01bc2076           STW.D1T2      B3,*-A15[1]
00002f2c   0000242a           MVK.S2        0x0048,B0
00002f30   0000006a           MVKH.S2       0x0000,B0
00002f34   07bc08c2           SUB.D2        B15,B0,B15
00002f38   00001a28           MVK.S1        0x0034,A0
00002f3c   00000068           MVKH.S1       0x0000,A0
00002f40   003c08c0           SUB.D1        A15,A0,A0
00002f44   02000274           STW.D1T1      A4,*+A0[0]
00002f48   021018f0           MV.D1X        B4,A4
00002f4c   00001628           MVK.S1        0x002c,A0
00002f50   00000068           MVKH.S1       0x0000,A0
00002f54   003c08c0           SUB.D1        A15,A0,A0
00002f58   02000274           STW.D1T1      A4,*+A0[0]
00002f5c   021808f0           MV.D1         A6,A4
00002f60   00001828           MVK.S1        0x0030,A0
00002f64   00000068           MVKH.S1       0x0000,A0
00002f68   003c08c0           SUB.D1        A15,A0,A0
00002f6c   02000274           STW.D1T1      A4,*+A0[0]
00002f70   00001628           MVK.S1        0x002c,A0
00002f74   00000068           MVKH.S1       0x0000,A0
00002f78   023c08c0           SUB.D1        A15,A0,A4
00002f7c   02100264           LDW.D1T1      *+A4[0],A4
00002f80   00006000           NOP           4
00002f84   07bd09c2           SUB.D2        B15,0x8,B15
00002f88   023c02f4           STW.D2T1      A4,*+B15[0]
00002f8c   02000028           MVK.S1        0x0000,A4
00002f90   02000068           MVKH.S1       0x0000,A4
00002f94   031008f0           MV.D1         A4,A6
00002f98   023c02e4           LDW.D2T1      *+B15[0],A4
00002f9c   00006000           NOP           4
00002fa0   07bd0942           ADD.D2        B15,0x8,B15
00002fa4   02188a78           CMPEQ.L1      A4,A6,A4
00002fa8   02100a58           CMPEQ.L1      0,A4,A4
00002fac   02102bf0           XOR.D1        1,A4,A4
00002fb0   009008f0           MV.D1         A4,A1
00002fb4   90000592    [!A1]  B.S2          L$_ZNKSt6string4findEPKcj$else0 (PC+44 = 0x00002fcc)
00002fb8   00008000           NOP           5
00002fbc   02000028           MVK.S1        0x0000,A4
00002fc0   02000068           MVKH.S1       0x0000,A4
00002fc4   00000712           B.S2          L$_ZNKSt6string4findEPKcj$end0 (PC+56 = 0x00002ff8)
00002fc8   00008000           NOP           5
00002fcc            L$_ZNKSt6string4findEPKcj$else0:
00002fcc   07bd09c2           SUB.D2        B15,0x8,B15
00002fd0   00001628           MVK.S1        0x002c,A0
00002fd4   00000068           MVKH.S1       0x0000,A0
00002fd8   023c08c0           SUB.D1        A15,A0,A4
00002fdc   02100264           LDW.D1T1      *+A4[0],A4
00002fe0   00006000           NOP           4
00002fe4   0180002a           MVK.S2        0x0000,B3
00002fe8   0180006a           MVKH.S2       0x0000,B3
00002fec   00000012           B.S2          0x002fe0
00002ff0   00008000           NOP           5
00002ff4            L$_ZNKSt6string4findEPKcj$ret1:
00002ff4   07bd0942           ADD.D2        B15,0x8,B15
00002ff8            L$_ZNKSt6string4findEPKcj$end0:
00002ff8   07bd09c2           SUB.D2        B15,0x8,B15
00002ffc   023c02f4           STW.D2T1      A4,*+B15[0]
00003000   00001c28           MVK.S1        0x0038,A0
00003004   00000068           MVKH.S1       0x0000,A0
00003008   023c08c0           SUB.D1        A15,A0,A4
0000300c   031008f0           MV.D1         A4,A6
00003010   023c02e4           LDW.D2T1      *+B15[0],A4
00003014   00006000           NOP           4
00003018   07bd0942           ADD.D2        B15,0x8,B15
0000301c   02180274           STW.D1T1      A4,*+A6[0]
00003020   00001c28           MVK.S1        0x0038,A0
00003024   00000068           MVKH.S1       0x0000,A0
00003028   023c08c0           SUB.D1        A15,A0,A4
0000302c   02100264           LDW.D1T1      *+A4[0],A4
00003030   00006000           NOP           4
00003034   07bd09c2           SUB.D2        B15,0x8,B15
00003038   023c02f4           STW.D2T1      A4,*+B15[0]
0000303c   00001a28           MVK.S1        0x0034,A0
00003040   00000068           MVKH.S1       0x0000,A0
00003044   023c08c0           SUB.D1        A15,A0,A4
00003048   02100264           LDW.D1T1      *+A4[0],A4
0000304c   00006000           NOP           4
00003050   02108940           ADD.D1        A4,0x4,A4
00003054   02100264           LDW.D1T1      *+A4[0],A4
00003058   00006000           NOP           4
0000305c   031008f0           MV.D1         A4,A6
00003060   023c02e4           LDW.D2T1      *+B15[0],A4
00003064   00006000           NOP           4
00003068   07bd0942           ADD.D2        B15,0x8,B15
0000306c   021889f8           CMPGTU.L1     A4,A6,A4
00003070   02100a58           CMPEQ.L1      0,A4,A4
00003074   02102bf0           XOR.D1        1,A4,A4
00003078   009008f0           MV.D1         A4,A1
0000307c   90000692    [!A1]  B.S2          L$_ZNKSt6string4findEPKcj$end2 (PC+52 = 0x00003094)
00003080   00008000           NOP           5
00003084   027fffa8           MVK.S1        0xffffffff,A4
00003088   027fffe8           MVKH.S1       0xffff0000,A4
0000308c   00005012           B.S2          L$return$_ZNKSt6string4findEPKcj (PC+640 = 0x00003300)
00003090   00008000           NOP           5
00003094            L$_ZNKSt6string4findEPKcj$end2:
00003094   00001828           MVK.S1        0x0030,A0
00003098   00000068           MVKH.S1       0x0000,A0
0000309c   023c08c0           SUB.D1        A15,A0,A4
000030a0   02100264           LDW.D1T1      *+A4[0],A4
000030a4   00006000           NOP           4
000030a8   07bd09c2           SUB.D2        B15,0x8,B15
000030ac   023c02f4           STW.D2T1      A4,*+B15[0]
000030b0   00001e28           MVK.S1        0x003c,A0
000030b4   00000068           MVKH.S1       0x0000,A0
000030b8   023c08c0           SUB.D1        A15,A0,A4
000030bc   031008f0           MV.D1         A4,A6
000030c0   023c02e4           LDW.D2T1      *+B15[0],A4
000030c4   00006000           NOP           4
000030c8   07bd0942           ADD.D2        B15,0x8,B15
000030cc   02180274           STW.D1T1      A4,*+A6[0]
000030d0            L$_ZNKSt6string4findEPKcj$begin3:
000030d0   00001e28           MVK.S1        0x003c,A0
000030d4   00000068           MVKH.S1       0x0000,A0
000030d8   023c08c0           SUB.D1        A15,A0,A4
000030dc   02100264           LDW.D1T1      *+A4[0],A4
000030e0   00006000           NOP           4
000030e4   07bd09c2           SUB.D2        B15,0x8,B15
000030e8   023c02f4           STW.D2T1      A4,*+B15[0]
000030ec   00001c28           MVK.S1        0x0038,A0
000030f0   00000068           MVKH.S1       0x0000,A0
000030f4   023c08c0           SUB.D1        A15,A0,A4
000030f8   02100264           LDW.D1T1      *+A4[0],A4
000030fc   00006000           NOP           4
00003100   031008f0           MV.D1         A4,A6
00003104   023c02e4           LDW.D2T1      *+B15[0],A4
00003108   00006000           NOP           4
0000310c   07bd0942           ADD.D2        B15,0x8,B15
00003110   0210c840           ADD.D1        A4,A6,A4
00003114   07bd09c2           SUB.D2        B15,0x8,B15
00003118   023c02f4           STW.D2T1      A4,*+B15[0]
0000311c   00001a28           MVK.S1        0x0034,A0
00003120   00000068           MVKH.S1       0x0000,A0
00003124   023c08c0           SUB.D1        A15,A0,A4
00003128   02100264           LDW.D1T1      *+A4[0],A4
0000312c   00006000           NOP           4
00003130   02108940           ADD.D1        A4,0x4,A4
00003134   02100264           LDW.D1T1      *+A4[0],A4
00003138   00006000           NOP           4
0000313c   031008f0           MV.D1         A4,A6
00003140   023c02e4           LDW.D2T1      *+B15[0],A4
00003144   00006000           NOP           4
00003148   07bd0942           ADD.D2        B15,0x8,B15
0000314c   021889f8           CMPGTU.L1     A4,A6,A4
00003150   02102bf0           XOR.D1        1,A4,A4
00003154   02100a58           CMPEQ.L1      0,A4,A4
00003158   02102bf0           XOR.D1        1,A4,A4
0000315c   009008f0           MV.D1         A4,A1
00003160   90003192    [!A1]  B.S2          L$_ZNKSt6string4findEPKcj$end3 (PC+396 = 0x000032ec)
00003164   00008000           NOP           5
00003168   07bd09c2           SUB.D2        B15,0x8,B15
0000316c   00001a28           MVK.S1        0x0034,A0
00003170   00000068           MVKH.S1       0x0000,A0
00003174   023c08c0           SUB.D1        A15,A0,A4
00003178   02100264           LDW.D1T1      *+A4[0],A4
0000317c   00006000           NOP           4
00003180   02100264           LDW.D1T1      *+A4[0],A4
00003184   00006000           NOP           4
00003188   07bd09c2           SUB.D2        B15,0x8,B15
0000318c   023c02f4           STW.D2T1      A4,*+B15[0]
00003190   00001e28           MVK.S1        0x003c,A0
00003194   00000068           MVKH.S1       0x0000,A0
00003198   023c08c0           SUB.D1        A15,A0,A4
0000319c   02100264           LDW.D1T1      *+A4[0],A4
000031a0   00006000           NOP           4
000031a4   07bd09c2           SUB.D2        B15,0x8,B15
000031a8   023c02f4           STW.D2T1      A4,*+B15[0]
000031ac   020000a8           MVK.S1        0x0001,A4
000031b0   02000068           MVKH.S1       0x0000,A4
000031b4   031008f0           MV.D1         A4,A6
000031b8   023c02e4           LDW.D2T1      *+B15[0],A4
000031bc   00006000           NOP           4
000031c0   07bd0942           ADD.D2        B15,0x8,B15
000031c4   02188800           MPY32.M1      A4,A6,A4
000031c8   00004000           NOP           3
000031cc   031008f0           MV.D1         A4,A6
000031d0   023c02e4           LDW.D2T1      *+B15[0],A4
000031d4   00006000           NOP           4
000031d8   07bd0942           ADD.D2        B15,0x8,B15
000031dc   0210c840           ADD.D1        A4,A6,A4
000031e0   07bd09c2           SUB.D2        B15,0x8,B15
000031e4   023c02f4           STW.D2T1      A4,*+B15[0]
000031e8   00001628           MVK.S1        0x002c,A0
000031ec   00000068           MVKH.S1       0x0000,A0
000031f0   023c08c0           SUB.D1        A15,A0,A4
000031f4   02100264           LDW.D1T1      *+A4[0],A4
000031f8   00006000           NOP           4
000031fc   07bd09c2           SUB.D2        B15,0x8,B15
00003200   023c02f4           STW.D2T1      A4,*+B15[0]
00003204   00001c28           MVK.S1        0x0038,A0
00003208   00000068           MVKH.S1       0x0000,A0
0000320c   023c08c0           SUB.D1        A15,A0,A4
00003210   02100264           LDW.D1T1      *+A4[0],A4
00003214   00006000           NOP           4
00003218   031008f0           MV.D1         A4,A6
0000321c   023c02e6           LDW.D2T2      *+B15[0],B4
00003220   00006000           NOP           4
00003224   07bd0942           ADD.D2        B15,0x8,B15
00003228   023c02e4           LDW.D2T1      *+B15[0],A4
0000322c   00006000           NOP           4
00003230   07bd0942           ADD.D2        B15,0x8,B15
00003234   0180002a           MVK.S2        0x0000,B3
00003238   0180006a           MVKH.S2       0x0000,B3
0000323c   00000012           B.S2          0x003220
00003240   00008000           NOP           5
00003244            L$_ZNKSt6string4findEPKcj$ret5:
00003244   07bd0942           ADD.D2        B15,0x8,B15
00003248   07bd09c2           SUB.D2        B15,0x8,B15
0000324c   023c02f4           STW.D2T1      A4,*+B15[0]
00003250   02000028           MVK.S1        0x0000,A4
00003254   02000068           MVKH.S1       0x0000,A4
00003258   031008f0           MV.D1         A4,A6
0000325c   023c02e4           LDW.D2T1      *+B15[0],A4
00003260   00006000           NOP           4
00003264   07bd0942           ADD.D2        B15,0x8,B15
00003268   02188a78           CMPEQ.L1      A4,A6,A4
0000326c   02100a58           CMPEQ.L1      0,A4,A4
00003270   02102bf0           XOR.D1        1,A4,A4
00003274   009008f0           MV.D1         A4,A1
00003278   90000792    [!A1]  B.S2          L$_ZNKSt6string4findEPKcj$step3 (PC+60 = 0x0000329c)
0000327c   00008000           NOP           5
00003280   00001e28           MVK.S1        0x003c,A0
00003284   00000068           MVKH.S1       0x0000,A0
00003288   023c08c0           SUB.D1        A15,A0,A4
0000328c   02100264           LDW.D1T1      *+A4[0],A4
00003290   00006000           NOP           4
00003294   00001012           B.S2          L$return$_ZNKSt6string4findEPKcj (PC+128 = 0x00003300)
00003298   00008000           NOP           5
0000329c            L$_ZNKSt6string4findEPKcj$end4:
0000329c            L$_ZNKSt6string4findEPKcj$step3:
0000329c   00001e28           MVK.S1        0x003c,A0
000032a0   00000068           MVKH.S1       0x0000,A0
000032a4   023c08c0           SUB.D1        A15,A0,A4
000032a8   07bd09c2           SUB.D2        B15,0x8,B15
000032ac   023c02f4           STW.D2T1      A4,*+B15[0]
000032b0   02100264           LDW.D1T1      *+A4[0],A4
000032b4   00006000           NOP           4
000032b8   07bd09c2           SUB.D2        B15,0x8,B15
000032bc   023c02f4           STW.D2T1      A4,*+B15[0]
000032c0   02102940           ADD.D1        A4,0x1,A4
000032c4   033c02e4           LDW.D2T1      *+B15[0],A6
000032c8   00006000           NOP           4
000032cc   07bd0942           ADD.D2        B15,0x8,B15
000032d0   01bc02e4           LDW.D2T1      *+B15[0],A3
000032d4   00006000           NOP           4
000032d8   07bd0942           ADD.D2        B15,0x8,B15
000032dc   020c0274           STW.D1T1      A4,*+A3[0]
000032e0   021808f0           MV.D1         A6,A4
000032e4   0fffbe12           B.S2          L$_ZNKSt6string4findEPKcj$begin3 (PC-528 = 0x000030d0)
000032e8   00008000           NOP           5
000032ec            L$_ZNKSt6string4findEPKcj$end3:
000032ec   027fffa8           MVK.S1        0xffffffff,A4
000032f0   027fffe8           MVKH.S1       0xffff0000,A4
000032f4   00000412           B.S2          L$return$_ZNKSt6string4findEPKcj (PC+32 = 0x00003300)
000032f8   00008000           NOP           5
000032fc   0200a358           MVK.L1        0,A4
00003300            L$return$_ZNKSt6string4findEPKcj:
00003300   01bc2066           LDW.D1T2      *-A15[1],B3
00003304   07bc18f2           MV.D2X        A15,B15
00003308   07bc0264           LDW.D1T1      *+A15[0],A15
0000330c   00006000           NOP           4
00003310   000c0362           B.S2          B3
00003314   00008000           NOP           5
00003318            _ZNKSt6string4findEPKc:
00003318   07bc02f4           STW.D2T1      A15,*+B15[0]
0000331c   07bc18f0           MV.D1X        B15,A15
00003320   01bc2076           STW.D1T2      B3,*-A15[1]
00003324   00001c2a           MVK.S2        0x0038,B0
00003328   0000006a           MVKH.S2       0x0000,B0
0000332c   07bc08c2           SUB.D2        B15,B0,B15
00003330   00001828           MVK.S1        0x0030,A0
00003334   00000068           MVKH.S1       0x0000,A0
00003338   003c08c0           SUB.D1        A15,A0,A0
0000333c   02000274           STW.D1T1      A4,*+A0[0]
00003340   021018f0           MV.D1X        B4,A4
00003344   00001628           MVK.S1        0x002c,A0
00003348   00000068           MVKH.S1       0x0000,A0
0000334c   003c08c0           SUB.D1        A15,A0,A0
00003350   02000274           STW.D1T1      A4,*+A0[0]
00003354   07bd09c2           SUB.D2        B15,0x8,B15
00003358   00001828           MVK.S1        0x0030,A0
0000335c   00000068           MVKH.S1       0x0000,A0
00003360   023c08c0           SUB.D1        A15,A0,A4
00003364   02100264           LDW.D1T1      *+A4[0],A4
00003368   00006000           NOP           4
0000336c   07bd09c2           SUB.D2        B15,0x8,B15
00003370   023c02f4           STW.D2T1      A4,*+B15[0]
00003374   00001628           MVK.S1        0x002c,A0
00003378   00000068           MVKH.S1       0x0000,A0
0000337c   023c08c0           SUB.D1        A15,A0,A4
00003380   02100264           LDW.D1T1      *+A4[0],A4
00003384   00006000           NOP           4
00003388   07bd09c2           SUB.D2        B15,0x8,B15
0000338c   023c02f4           STW.D2T1      A4,*+B15[0]
00003390   02000028           MVK.S1        0x0000,A4
00003394   02000068           MVKH.S1       0x0000,A4
00003398   031008f0           MV.D1         A4,A6
0000339c   023c02e6           LDW.D2T2      *+B15[0],B4
000033a0   00006000           NOP           4
000033a4   07bd0942           ADD.D2        B15,0x8,B15
000033a8   023c02e4           LDW.D2T1      *+B15[0],A4
000033ac   00006000           NOP           4
000033b0   07bd0942           ADD.D2        B15,0x8,B15
000033b4   0180002a           MVK.S2        0x0000,B3
000033b8   0180006a           MVKH.S2       0x0000,B3
000033bc   00000012           B.S2          0x0033a0
000033c0   00008000           NOP           5
000033c4            L$_ZNKSt6string4findEPKc$ret0:
000033c4   07bd0942           ADD.D2        B15,0x8,B15
000033c8   00000292           B.S2          L$return$_ZNKSt6string4findEPKc (PC+20 = 0x000033d4)
000033cc   00008000           NOP           5
000033d0   0200a358           MVK.L1        0,A4
000033d4            L$return$_ZNKSt6string4findEPKc:
000033d4   01bc2066           LDW.D1T2      *-A15[1],B3
000033d8   07bc18f2           MV.D2X        A15,B15
000033dc   07bc0264           LDW.D1T1      *+A15[0],A15
000033e0   00006000           NOP           4
000033e4   000c0362           B.S2          B3
000033e8   00008000           NOP           5
000033ec            _ZNKSt6string4findERKS_j:
000033ec   07bc02f4           STW.D2T1      A15,*+B15[0]
000033f0   07bc18f0           MV.D1X        B15,A15
000033f4   01bc2076           STW.D1T2      B3,*-A15[1]
000033f8   00001c2a           MVK.S2        0x0038,B0
000033fc   0000006a           MVKH.S2       0x0000,B0
00003400   07bc08c2           SUB.D2        B15,B0,B15
00003404   00001a28           MVK.S1        0x0034,A0
00003408   00000068           MVKH.S1       0x0000,A0
0000340c   003c08c0           SUB.D1        A15,A0,A0
00003410   02000274           STW.D1T1      A4,*+A0[0]
00003414   021018f0           MV.D1X        B4,A4
00003418   00001628           MVK.S1        0x002c,A0
0000341c   00000068           MVKH.S1       0x0000,A0
00003420   003c08c0           SUB.D1        A15,A0,A0
00003424   02000274           STW.D1T1      A4,*+A0[0]
00003428   021808f0           MV.D1         A6,A4
0000342c   00001828           MVK.S1        0x0030,A0
00003430   00000068           MVKH.S1       0x0000,A0
00003434   003c08c0           SUB.D1        A15,A0,A0
00003438   02000274           STW.D1T1      A4,*+A0[0]
0000343c   07bd09c2           SUB.D2        B15,0x8,B15
00003440   00001a28           MVK.S1        0x0034,A0
00003444   00000068           MVKH.S1       0x0000,A0
00003448   023c08c0           SUB.D1        A15,A0,A4
0000344c   02100264           LDW.D1T1      *+A4[0],A4
00003450   00006000           NOP           4
00003454   07bd09c2           SUB.D2        B15,0x8,B15
00003458   023c02f4           STW.D2T1      A4,*+B15[0]
0000345c   00001628           MVK.S1        0x002c,A0
00003460   00000068           MVKH.S1       0x0000,A0
00003464   023c08c0           SUB.D1        A15,A0,A4
00003468   02100264           LDW.D1T1      *+A4[0],A4
0000346c   00006000           NOP           4
00003470   02100264           LDW.D1T1      *+A4[0],A4
00003474   00006000           NOP           4
00003478   07bd09c2           SUB.D2        B15,0x8,B15
0000347c   023c02f4           STW.D2T1      A4,*+B15[0]
00003480   00001828           MVK.S1        0x0030,A0
00003484   00000068           MVKH.S1       0x0000,A0
00003488   023c08c0           SUB.D1        A15,A0,A4
0000348c   02100264           LDW.D1T1      *+A4[0],A4
00003490   00006000           NOP           4
00003494   031008f0           MV.D1         A4,A6
00003498   023c02e6           LDW.D2T2      *+B15[0],B4
0000349c   00006000           NOP           4
000034a0   07bd0942           ADD.D2        B15,0x8,B15
000034a4   023c02e4           LDW.D2T1      *+B15[0],A4
000034a8   00006000           NOP           4
000034ac   07bd0942           ADD.D2        B15,0x8,B15
000034b0   0180002a           MVK.S2        0x0000,B3
000034b4   0180006a           MVKH.S2       0x0000,B3
000034b8   00000012           B.S2          0x0034a0
000034bc   00008000           NOP           5
000034c0            L$_ZNKSt6string4findERKS_j$ret0:
000034c0   07bd0942           ADD.D2        B15,0x8,B15
000034c4   00000212           B.S2          L$return$_ZNKSt6string4findERKS_j (PC+16 = 0x000034d0)
000034c8   00008000           NOP           5
000034cc   0200a358           MVK.L1        0,A4
000034d0            L$return$_ZNKSt6string4findERKS_j:
000034d0   01bc2066           LDW.D1T2      *-A15[1],B3
000034d4   07bc18f2           MV.D2X        A15,B15
000034d8   07bc0264           LDW.D1T1      *+A15[0],A15
000034dc   00006000           NOP           4
000034e0   000c0362           B.S2          B3
000034e4   00008000           NOP           5
000034e8            _ZNKSt6string4findERKS_:
000034e8   07bc02f4           STW.D2T1      A15,*+B15[0]
000034ec   07bc18f0           MV.D1X        B15,A15
000034f0   01bc2076           STW.D1T2      B3,*-A15[1]
000034f4   00001c2a           MVK.S2        0x0038,B0
000034f8   0000006a           MVKH.S2       0x0000,B0
000034fc   07bc08c2           SUB.D2        B15,B0,B15
00003500   00001828           MVK.S1        0x0030,A0
00003504   00000068           MVKH.S1       0x0000,A0
00003508   003c08c0           SUB.D1        A15,A0,A0
0000350c   02000274           STW.D1T1      A4,*+A0[0]
00003510   021018f0           MV.D1X        B4,A4
00003514   00001628           MVK.S1        0x002c,A0
00003518   00000068           MVKH.S1       0x0000,A0
0000351c   003c08c0           SUB.D1        A15,A0,A0
00003520   02000274           STW.D1T1      A4,*+A0[0]
00003524   07bd09c2           SUB.D2        B15,0x8,B15
00003528   00001828           MVK.S1        0x0030,A0
0000352c   00000068           MVKH.S1       0x0000,A0
00003530   023c08c0           SUB.D1        A15,A0,A4
00003534   02100264           LDW.D1T1      *+A4[0],A4
00003538   00006000           NOP           4
0000353c   07bd09c2           SUB.D2        B15,0x8,B15
00003540   023c02f4           STW.D2T1      A4,*+B15[0]
00003544   00001628           MVK.S1        0x002c,A0
00003548   00000068           MVKH.S1       0x0000,A0
0000354c   023c08c0           SUB.D1        A15,A0,A4
00003550   02100264           LDW.D1T1      *+A4[0],A4
00003554   00006000           NOP           4
00003558   02100264           LDW.D1T1      *+A4[0],A4
0000355c   00006000           NOP           4
00003560   07bd09c2           SUB.D2        B15,0x8,B15
00003564   023c02f4           STW.D2T1      A4,*+B15[0]
00003568   02000028           MVK.S1        0x0000,A4
0000356c   02000068           MVKH.S1       0x0000,A4
00003570   031008f0           MV.D1         A4,A6
00003574   023c02e6           LDW.D2T2      *+B15[0],B4
00003578   00006000           NOP           4
0000357c   07bd0942           ADD.D2        B15,0x8,B15
00003580   023c02e4           LDW.D2T1      *+B15[0],A4
00003584   00006000           NOP           4
00003588   07bd0942           ADD.D2        B15,0x8,B15
0000358c   0180002a           MVK.S2        0x0000,B3
00003590   0180006a           MVKH.S2       0x0000,B3
00003594   00000012           B.S2          0x003580
00003598   00008000           NOP           5
0000359c            L$_ZNKSt6string4findERKS_$ret0:
0000359c   07bd0942           ADD.D2        B15,0x8,B15
000035a0   00000192           B.S2          L$return$_ZNKSt6string4findERKS_ (PC+12 = 0x000035ac)
000035a4   00008000           NOP           5
000035a8   0200a358           MVK.L1        0,A4
000035ac            L$return$_ZNKSt6string4findERKS_:
000035ac   01bc2066           LDW.D1T2      *-A15[1],B3
000035b0   07bc18f2           MV.D2X        A15,B15
000035b4   07bc0264           LDW.D1T1      *+A15[0],A15
000035b8   00006000           NOP           4
000035bc   000c0362           B.S2          B3
000035c0   00008000           NOP           5
000035c4            _ZNKSt6string5rfindEc:
000035c4   07bc02f4           STW.D2T1      A15,*+B15[0]
000035c8   07bc18f0           MV.D1X        B15,A15
000035cc   00001c2a           MVK.S2        0x0038,B0
000035d0   0000006a           MVKH.S2       0x0000,B0
000035d4   07bc08c2           SUB.D2        B15,B0,B15
000035d8   00001828           MVK.S1        0x0030,A0
000035dc   00000068           MVKH.S1       0x0000,A0
000035e0   003c08c0           SUB.D1        A15,A0,A0
000035e4   02000274           STW.D1T1      A4,*+A0[0]
000035e8   021018f0           MV.D1X        B4,A4
000035ec   000014a8           MVK.S1        0x0029,A0
000035f0   00000068           MVKH.S1       0x0000,A0
000035f4   003c08c0           SUB.D1        A15,A0,A0
000035f8   02000234           STB.D1T1      A4,*+A0[0]
000035fc   00001828           MVK.S1        0x0030,A0
00003600   00000068           MVKH.S1       0x0000,A0
00003604   023c08c0           SUB.D1        A15,A0,A4
00003608   02100264           LDW.D1T1      *+A4[0],A4
0000360c   00006000           NOP           4
00003610   02108940           ADD.D1        A4,0x4,A4
00003614   02100264           LDW.D1T1      *+A4[0],A4
00003618   00006000           NOP           4
0000361c   07bd09c2           SUB.D2        B15,0x8,B15
00003620   023c02f4           STW.D2T1      A4,*+B15[0]
00003624   00001a28           MVK.S1        0x0034,A0
00003628   00000068           MVKH.S1       0x0000,A0
0000362c   023c08c0           SUB.D1        A15,A0,A4
00003630   031008f0           MV.D1         A4,A6
00003634   023c02e4           LDW.D2T1      *+B15[0],A4
00003638   00006000           NOP           4
0000363c   07bd0942           ADD.D2        B15,0x8,B15
00003640   02180274           STW.D1T1      A4,*+A6[0]
00003644            L$_ZNKSt6string5rfindEc$begin0:
00003644   00001a28           MVK.S1        0x0034,A0
00003648   00000068           MVKH.S1       0x0000,A0
0000364c   023c08c0           SUB.D1        A15,A0,A4
00003650   07bd09c2           SUB.D2        B15,0x8,B15
00003654   023c02f4           STW.D2T1      A4,*+B15[0]
00003658   02100264           LDW.D1T1      *+A4[0],A4
0000365c   00006000           NOP           4
00003660   07bd09c2           SUB.D2        B15,0x8,B15
00003664   023c02f4           STW.D2T1      A4,*+B15[0]
00003668   021029c0           SUB.D1        A4,0x1,A4
0000366c   033c02e4           LDW.D2T1      *+B15[0],A6
00003670   00006000           NOP           4
00003674   07bd0942           ADD.D2        B15,0x8,B15
00003678   01bc02e4           LDW.D2T1      *+B15[0],A3
0000367c   00006000           NOP           4
00003680   07bd0942           ADD.D2        B15,0x8,B15
00003684   020c0274           STW.D1T1      A4,*+A3[0]
00003688   021808f0           MV.D1         A6,A4
0000368c   07bd09c2           SUB.D2        B15,0x8,B15
00003690   023c02f4           STW.D2T1      A4,*+B15[0]
00003694   02000028           MVK.S1        0x0000,A4
00003698   02000068           MVKH.S1       0x0000,A4
0000369c   031008f0           MV.D1         A4,A6
000036a0   023c02e4           LDW.D2T1      *+B15[0],A4
000036a4   00006000           NOP           4
000036a8   07bd0942           ADD.D2        B15,0x8,B15
000036ac   021889f8           CMPGTU.L1     A4,A6,A4
000036b0   02100a58           CMPEQ.L1      0,A4,A4
000036b4   02102bf0           XOR.D1        1,A4,A4
000036b8   009008f0           MV.D1         A4,A1
000036bc   90002112    [!A1]  B.S2          L$_ZNKSt6string5rfindEc$end0 (PC+264 = 0x000037a8)
000036c0   00008000           NOP           5
000036c4   00001828           MVK.S1        0x0030,A0
000036c8   00000068           MVKH.S1       0x0000,A0
000036cc   023c08c0           SUB.D1        A15,A0,A4
000036d0   02100264           LDW.D1T1      *+A4[0],A4
000036d4   00006000           NOP           4
000036d8   02100264           LDW.D1T1      *+A4[0],A4
000036dc   00006000           NOP           4
000036e0   07bd09c2           SUB.D2        B15,0x8,B15
000036e4   023c02f4           STW.D2T1      A4,*+B15[0]
000036e8   00001a28           MVK.S1        0x0034,A0
000036ec   00000068           MVKH.S1       0x0000,A0
000036f0   023c08c0           SUB.D1        A15,A0,A4
000036f4   02100264           LDW.D1T1      *+A4[0],A4
000036f8   00006000           NOP           4
000036fc   07bd09c2           SUB.D2        B15,0x8,B15
00003700   023c02f4           STW.D2T1      A4,*+B15[0]
00003704   020000a8           MVK.S1        0x0001,A4
00003708   02000068           MVKH.S1       0x0000,A4
0000370c   031008f0           MV.D1         A4,A6
00003710   023c02e4           LDW.D2T1      *+B15[0],A4
00003714   00006000           NOP           4
00003718   07bd0942           ADD.D2        B15,0x8,B15
0000371c   02188800           MPY32.M1      A4,A6,A4
00003720   00004000           NOP           3
00003724   031008f0           MV.D1         A4,A6
00003728   023c02e4           LDW.D2T1      *+B15[0],A4
0000372c   00006000           NOP           4
00003730   07bd0942           ADD.D2        B15,0x8,B15
00003734   0210c840           ADD.D1        A4,A6,A4
00003738   02100224           LDB.D1T1      *+A4[0],A4
0000373c   00006000           NOP           4
00003740   07bd09c2           SUB.D2        B15,0x8,B15
00003744   023c02f4           STW.D2T1      A4,*+B15[0]
00003748   000014a8           MVK.S1        0x0029,A0
0000374c   00000068           MVKH.S1       0x0000,A0
00003750   023c08c0           SUB.D1        A15,A0,A4
00003754   02100224           LDB.D1T1      *+A4[0],A4
00003758   00006000           NOP           4
0000375c   031008f0           MV.D1         A4,A6
00003760   023c02e4           LDW.D2T1      *+B15[0],A4
00003764   00006000           NOP           4
00003768   07bd0942           ADD.D2        B15,0x8,B15
0000376c   02188a78           CMPEQ.L1      A4,A6,A4
00003770   02100a58           CMPEQ.L1      0,A4,A4
00003774   02102bf0           XOR.D1        1,A4,A4
00003778   009008f0           MV.D1         A4,A1
0000377c   90000812    [!A1]  B.S2          L$_ZNKSt6string5rfindEc$step0 (PC+64 = 0x000037a0)
00003780   00008000           NOP           5
00003784   00001a28           MVK.S1        0x0034,A0
00003788   00000068           MVKH.S1       0x0000,A0
0000378c   023c08c0           SUB.D1        A15,A0,A4
00003790   02100264           LDW.D1T1      *+A4[0],A4
00003794   00006000           NOP           4
00003798   00000792           B.S2          L$return$_ZNKSt6string5rfindEc (PC+60 = 0x000037bc)
0000379c   00008000           NOP           5
000037a0            L$_ZNKSt6string5rfindEc$end1:
000037a0            L$_ZNKSt6string5rfindEc$step0:
000037a0   0fffd492           B.S2          L$_ZNKSt6string5rfindEc$begin0 (PC-348 = 0x00003644)
000037a4   00008000           NOP           5
000037a8            L$_ZNKSt6string5rfindEc$end0:
000037a8   027fffa8           MVK.S1        0xffffffff,A4
000037ac   027fffe8           MVKH.S1       0xffff0000,A4
000037b0   00000392           B.S2          L$return$_ZNKSt6string5rfindEc (PC+28 = 0x000037bc)
000037b4   00008000           NOP           5
000037b8   0200a358           MVK.L1        0,A4
000037bc            L$return$_ZNKSt6string5rfindEc:
000037bc   07bc18f2           MV.D2X        A15,B15
000037c0   07bc0264           LDW.D1T1      *+A15[0],A15
000037c4   00006000           NOP           4
000037c8   000c0362           B.S2          B3
000037cc   00008000           NOP           5
000037d0            _ZNKSt6string13find_first_ofEPKc:
000037d0   07bc02f4           STW.D2T1      A15,*+B15[0]
000037d4   07bc18f0           MV.D1X        B15,A15
000037d8   01bc2076           STW.D1T2      B3,*-A15[1]
000037dc   00001c2a           MVK.S2        0x0038,B0
000037e0   0000006a           MVKH.S2       0x0000,B0
000037e4   07bc08c2           SUB.D2        B15,B0,B15
000037e8   00001828           MVK.S1        0x0030,A0
000037ec   00000068           MVKH.S1       0x0000,A0
000037f0   003c08c0           SUB.D1        A15,A0,A0
000037f4   02000274           STW.D1T1      A4,*+A0[0]
000037f8   021018f0           MV.D1X        B4,A4
000037fc   00001628           MVK.S1        0x002c,A0
00003800   00000068           MVKH.S1       0x0000,A0
00003804   003c08c0           SUB.D1        A15,A0,A0
00003808   02000274           STW.D1T1      A4,*+A0[0]
0000380c   02000028           MVK.S1        0x0000,A4
00003810   02000068           MVKH.S1       0x0000,A4
00003814   07bd09c2           SUB.D2        B15,0x8,B15
00003818   023c02f4           STW.D2T1      A4,*+B15[0]
0000381c   00001a28           MVK.S1        0x0034,A0
00003820   00000068           MVKH.S1       0x0000,A0
00003824   023c08c0           SUB.D1        A15,A0,A4
00003828   031008f0           MV.D1         A4,A6
0000382c   023c02e4           LDW.D2T1      *+B15[0],A4
00003830   00006000           NOP           4
00003834   07bd0942           ADD.D2        B15,0x8,B15
00003838   02180274           STW.D1T1      A4,*+A6[0]
0000383c            L$_ZNKSt6string13find_first_ofEPKc$begin0:
0000383c   00001a28           MVK.S1        0x0034,A0
00003840   00000068           MVKH.S1       0x0000,A0
00003844   023c08c0           SUB.D1        A15,A0,A4
00003848   02100264           LDW.D1T1      *+A4[0],A4
0000384c   00006000           NOP           4
00003850   07bd09c2           SUB.D2        B15,0x8,B15
00003854   023c02f4           STW.D2T1      A4,*+B15[0]
00003858   00001828           MVK.S1        0x0030,A0
0000385c   00000068           MVKH.S1       0x0000,A0
00003860   023c08c0           SUB.D1        A15,A0,A4
00003864   02100264           LDW.D1T1      *+A4[0],A4
00003868   00006000           NOP           4
0000386c   02108940           ADD.D1        A4,0x4,A4
00003870   02100264           LDW.D1T1      *+A4[0],A4
00003874   00006000           NOP           4
00003878   031008f0           MV.D1         A4,A6
0000387c   023c02e4           LDW.D2T1      *+B15[0],A4
00003880   00006000           NOP           4
00003884   07bd0942           ADD.D2        B15,0x8,B15
00003888   02188bf8           CMPLTU.L1     A4,A6,A4
0000388c   02100a58           CMPEQ.L1      0,A4,A4
00003890   02102bf0           XOR.D1        1,A4,A4
00003894   009008f0           MV.D1         A4,A1
00003898   90004912    [!A1]  B.S2          L$_ZNKSt6string13find_first_ofEPKc$end0 (PC+584 = 0x00003ac8)
0000389c   00008000           NOP           5
000038a0   07bd09c2           SUB.D2        B15,0x8,B15
000038a4   00001628           MVK.S1        0x002c,A0
000038a8   00000068           MVKH.S1       0x0000,A0
000038ac   023c08c0           SUB.D1        A15,A0,A4
000038b0   02100264           LDW.D1T1      *+A4[0],A4
000038b4   00006000           NOP           4
000038b8   07bd09c2           SUB.D2        B15,0x8,B15
000038bc   023c02f4           STW.D2T1      A4,*+B15[0]
000038c0   00001828           MVK.S1        0x0030,A0
000038c4   00000068           MVKH.S1       0x0000,A0
000038c8   023c08c0           SUB.D1        A15,A0,A4
000038cc   02100264           LDW.D1T1      *+A4[0],A4
000038d0   00006000           NOP           4
000038d4   02100264           LDW.D1T1      *+A4[0],A4
000038d8   00006000           NOP           4
000038dc   07bd09c2           SUB.D2        B15,0x8,B15
000038e0   023c02f4           STW.D2T1      A4,*+B15[0]
000038e4   00001a28           MVK.S1        0x0034,A0
000038e8   00000068           MVKH.S1       0x0000,A0
000038ec   023c08c0           SUB.D1        A15,A0,A4
000038f0   02100264           LDW.D1T1      *+A4[0],A4
000038f4   00006000           NOP           4
000038f8   07bd09c2           SUB.D2        B15,0x8,B15
000038fc   023c02f4           STW.D2T1      A4,*+B15[0]
00003900   020000a8           MVK.S1        0x0001,A4
00003904   02000068           MVKH.S1       0x0000,A4
00003908   031008f0           MV.D1         A4,A6
0000390c   023c02e4           LDW.D2T1      *+B15[0],A4
00003910   00006000           NOP           4
00003914   07bd0942           ADD.D2        B15,0x8,B15
00003918   02188800           MPY32.M1      A4,A6,A4
0000391c   00004000           NOP           3
00003920   031008f0           MV.D1         A4,A6
00003924   023c02e4           LDW.D2T1      *+B15[0],A4
00003928   00006000           NOP           4
0000392c   07bd0942           ADD.D2        B15,0x8,B15
00003930   0210c840           ADD.D1        A4,A6,A4
00003934   02100224           LDB.D1T1      *+A4[0],A4
00003938   00006000           NOP           4
0000393c   021018f2           MV.D2X        A4,B4
00003940   023c02e4           LDW.D2T1      *+B15[0],A4
00003944   00006000           NOP           4
00003948   07bd0942           ADD.D2        B15,0x8,B15
0000394c   0180002a           MVK.S2        0x0000,B3
00003950   0180006a           MVKH.S2       0x0000,B3
00003954   00000012           B.S2          0x003940
00003958   00008000           NOP           5
0000395c            L$_ZNKSt6string13find_first_ofEPKc$ret3:
0000395c   07bd0942           ADD.D2        B15,0x8,B15
00003960   07bd09c2           SUB.D2        B15,0x8,B15
00003964   023c02f4           STW.D2T1      A4,*+B15[0]
00003968   02000028           MVK.S1        0x0000,A4
0000396c   02000068           MVKH.S1       0x0000,A4
00003970   031008f0           MV.D1         A4,A6
00003974   023c02e4           LDW.D2T1      *+B15[0],A4
00003978   00006000           NOP           4
0000397c   07bd0942           ADD.D2        B15,0x8,B15
00003980   02188a78           CMPEQ.L1      A4,A6,A4
00003984   02102bf0           XOR.D1        1,A4,A4
00003988   02100a58           CMPEQ.L1      0,A4,A4
0000398c   02102bf0           XOR.D1        1,A4,A4
00003990   009008f0           MV.D1         A4,A1
00003994   90001912    [!A1]  B.S2          L$_ZNKSt6string13find_first_ofEPKc$shortcut2 (PC+200 = 0x00003a48)
00003998   00008000           NOP           5
0000399c   00001828           MVK.S1        0x0030,A0
000039a0   00000068           MVKH.S1       0x0000,A0
000039a4   023c08c0           SUB.D1        A15,A0,A4
000039a8   02100264           LDW.D1T1      *+A4[0],A4
000039ac   00006000           NOP           4
000039b0   02100264           LDW.D1T1      *+A4[0],A4
000039b4   00006000           NOP           4
000039b8   07bd09c2           SUB.D2        B15,0x8,B15
000039bc   023c02f4           STW.D2T1      A4,*+B15[0]
000039c0   00001a28           MVK.S1        0x0034,A0
000039c4   00000068           MVKH.S1       0x0000,A0
000039c8   023c08c0           SUB.D1        A15,A0,A4
000039cc   02100264           LDW.D1T1      *+A4[0],A4
000039d0   00006000           NOP           4
000039d4   07bd09c2           SUB.D2        B15,0x8,B15
000039d8   023c02f4           STW.D2T1      A4,*+B15[0]
000039dc   020000a8           MVK.S1        0x0001,A4
000039e0   02000068           MVKH.S1       0x0000,A4
000039e4   031008f0           MV.D1         A4,A6
000039e8   023c02e4           LDW.D2T1      *+B15[0],A4
000039ec   00006000           NOP           4
000039f0   07bd0942           ADD.D2        B15,0x8,B15
000039f4   02188800           MPY32.M1      A4,A6,A4
000039f8   00004000           NOP           3
000039fc   031008f0           MV.D1         A4,A6
00003a00   023c02e4           LDW.D2T1      *+B15[0],A4
00003a04   00006000           NOP           4
00003a08   07bd0942           ADD.D2        B15,0x8,B15
00003a0c   0210c840           ADD.D1        A4,A6,A4
00003a10   02100224           LDB.D1T1      *+A4[0],A4
00003a14   00006000           NOP           4
00003a18   07bd09c2           SUB.D2        B15,0x8,B15
00003a1c   023c02f4           STW.D2T1      A4,*+B15[0]
00003a20   02000028           MVK.S1        0x0000,A4
00003a24   02000068           MVKH.S1       0x0000,A4
00003a28   031008f0           MV.D1         A4,A6
00003a2c   023c02e4           LDW.D2T1      *+B15[0],A4
00003a30   00006000           NOP           4
00003a34   07bd0942           ADD.D2        B15,0x8,B15
00003a38   02188a78           CMPEQ.L1      A4,A6,A4
00003a3c   02102bf0           XOR.D1        1,A4,A4
00003a40   02100a58           CMPEQ.L1      0,A4,A4
00003a44   02102bf0           XOR.D1        1,A4,A4
00003a48            L$_ZNKSt6string13find_first_ofEPKc$shortcut2:
00003a48   02100a58           CMPEQ.L1      0,A4,A4
00003a4c   02102bf0           XOR.D1        1,A4,A4
00003a50   009008f0           MV.D1         A4,A1
00003a54   90000712    [!A1]  B.S2          L$_ZNKSt6string13find_first_ofEPKc$step0 (PC+56 = 0x00003a78)
00003a58   00008000           NOP           5
00003a5c   00001a28           MVK.S1        0x0034,A0
00003a60   00000068           MVKH.S1       0x0000,A0
00003a64   023c08c0           SUB.D1        A15,A0,A4
00003a68   02100264           LDW.D1T1      *+A4[0],A4
00003a6c   00006000           NOP           4
00003a70   00000f92           B.S2          L$return$_ZNKSt6string13find_first_ofEPKc (PC+124 = 0x00003adc)
00003a74   00008000           NOP           5
00003a78            L$_ZNKSt6string13find_first_ofEPKc$end1:
00003a78            L$_ZNKSt6string13find_first_ofEPKc$step0:
00003a78   00001a28           MVK.S1        0x0034,A0
00003a7c   00000068           MVKH.S1       0x0000,A0
00003a80   023c08c0           SUB.D1        A15,A0,A4
00003a84   07bd09c2           SUB.D2        B15,0x8,B15
00003a88   023c02f4           STW.D2T1      A4,*+B15[0]
00003a8c   02100264           LDW.D1T1      *+A4[0],A4
00003a90   00006000           NOP           4
00003a94   07bd09c2           SUB.D2        B15,0x8,B15
00003a98   023c02f4           STW.D2T1      A4,*+B15[0]
00003a9c   02102940           ADD.D1        A4,0x1,A4
00003aa0   033c02e4           LDW.D2T1      *+B15[0],A6
00003aa4   00006000           NOP           4
00003aa8   07bd0942           ADD.D2        B15,0x8,B15
00003aac   01bc02e4           LDW.D2T1      *+B15[0],A3
00003ab0   00006000           NOP           4
00003ab4   07bd0942           ADD.D2        B15,0x8,B15
00003ab8   020c0274           STW.D1T1      A4,*+A3[0]
00003abc   021808f0           MV.D1         A6,A4
00003ac0   0fffaf92           B.S2          L$_ZNKSt6string13find_first_ofEPKc$begin0 (PC-644 = 0x0000383c)
00003ac4   00008000           NOP           5
00003ac8            L$_ZNKSt6string13find_first_ofEPKc$end0:
00003ac8   027fffa8           MVK.S1        0xffffffff,A4
00003acc   027fffe8           MVKH.S1       0xffff0000,A4
00003ad0   00000392           B.S2          L$return$_ZNKSt6string13find_first_ofEPKc (PC+28 = 0x00003adc)
00003ad4   00008000           NOP           5
00003ad8   0200a358           MVK.L1        0,A4
00003adc            L$return$_ZNKSt6string13find_first_ofEPKc:
00003adc   01bc2066           LDW.D1T2      *-A15[1],B3
00003ae0   07bc18f2           MV.D2X        A15,B15
00003ae4   07bc0264           LDW.D1T1      *+A15[0],A15
00003ae8   00006000           NOP           4
00003aec   000c0362           B.S2          B3
00003af0   00008000           NOP           5
00003af4            _ZNKSt6string12find_last_ofEPKc:
00003af4   07bc02f4           STW.D2T1      A15,*+B15[0]
00003af8   07bc18f0           MV.D1X        B15,A15
00003afc   01bc2076           STW.D1T2      B3,*-A15[1]
00003b00   00001c2a           MVK.S2        0x0038,B0
00003b04   0000006a           MVKH.S2       0x0000,B0
00003b08   07bc08c2           SUB.D2        B15,B0,B15
00003b0c   00001828           MVK.S1        0x0030,A0
00003b10   00000068           MVKH.S1       0x0000,A0
00003b14   003c08c0           SUB.D1        A15,A0,A0
00003b18   02000274           STW.D1T1      A4,*+A0[0]
00003b1c   021018f0           MV.D1X        B4,A4
00003b20   00001628           MVK.S1        0x002c,A0
00003b24   00000068           MVKH.S1       0x0000,A0
00003b28   003c08c0           SUB.D1        A15,A0,A0
00003b2c   02000274           STW.D1T1      A4,*+A0[0]
00003b30   00001828           MVK.S1        0x0030,A0
00003b34   00000068           MVKH.S1       0x0000,A0
00003b38   023c08c0           SUB.D1        A15,A0,A4
00003b3c   02100264           LDW.D1T1      *+A4[0],A4
00003b40   00006000           NOP           4
00003b44   02108940           ADD.D1        A4,0x4,A4
00003b48   02100264           LDW.D1T1      *+A4[0],A4
00003b4c   00006000           NOP           4
00003b50   07bd09c2           SUB.D2        B15,0x8,B15
00003b54   023c02f4           STW.D2T1      A4,*+B15[0]
00003b58   00001a28           MVK.S1        0x0034,A0
00003b5c   00000068           MVKH.S1       0x0000,A0
00003b60   023c08c0           SUB.D1        A15,A0,A4
00003b64   031008f0           MV.D1         A4,A6
00003b68   023c02e4           LDW.D2T1      *+B15[0],A4
00003b6c   00006000           NOP           4
00003b70   07bd0942           ADD.D2        B15,0x8,B15
00003b74   02180274           STW.D1T1      A4,*+A6[0]
00003b78            L$_ZNKSt6string12find_last_ofEPKc$begin0:
00003b78   00001a28           MVK.S1        0x0034,A0
00003b7c   00000068           MVKH.S1       0x0000,A0
00003b80   023c08c0           SUB.D1        A15,A0,A4
00003b84   07bd09c2           SUB.D2        B15,0x8,B15
00003b88   023c02f4           STW.D2T1      A4,*+B15[0]
00003b8c   02100264           LDW.D1T1      *+A4[0],A4
00003b90   00006000           NOP           4
00003b94   07bd09c2           SUB.D2        B15,0x8,B15
00003b98   023c02f4           STW.D2T1      A4,*+B15[0]
00003b9c   021029c0           SUB.D1        A4,0x1,A4
00003ba0   033c02e4           LDW.D2T1      *+B15[0],A6
00003ba4   00006000           NOP           4
00003ba8   07bd0942           ADD.D2        B15,0x8,B15
00003bac   01bc02e4           LDW.D2T1      *+B15[0],A3
00003bb0   00006000           NOP           4
00003bb4   07bd0942           ADD.D2        B15,0x8,B15
00003bb8   020c0274           STW.D1T1      A4,*+A3[0]
00003bbc   021808f0           MV.D1         A6,A4
00003bc0   07bd09c2           SUB.D2        B15,0x8,B15
00003bc4   023c02f4           STW.D2T1      A4,*+B15[0]
00003bc8   02000028           MVK.S1        0x0000,A4
00003bcc   02000068           MVKH.S1       0x0000,A4
00003bd0   031008f0           MV.D1         A4,A6
00003bd4   023c02e4           LDW.D2T1      *+B15[0],A4
00003bd8   00006000           NOP           4
00003bdc   07bd0942           ADD.D2        B15,0x8,B15
00003be0   021889f8           CMPGTU.L1     A4,A6,A4
00003be4   02100a58           CMPEQ.L1      0,A4,A4
00003be8   02102bf0           XOR.D1        1,A4,A4
00003bec   009008f0           MV.D1         A4,A1
00003bf0   90003f12    [!A1]  B.S2          L$_ZNKSt6string12find_last_ofEPKc$end0 (PC+504 = 0x00003dd8)
00003bf4   00008000           NOP           5
00003bf8   07bd09c2           SUB.D2        B15,0x8,B15
00003bfc   00001628           MVK.S1        0x002c,A0
00003c00   00000068           MVKH.S1       0x0000,A0
00003c04   023c08c0           SUB.D1        A15,A0,A4
00003c08   02100264           LDW.D1T1      *+A4[0],A4
00003c0c   00006000           NOP           4
00003c10   07bd09c2           SUB.D2        B15,0x8,B15
00003c14   023c02f4           STW.D2T1      A4,*+B15[0]
00003c18   00001828           MVK.S1        0x0030,A0
00003c1c   00000068           MVKH.S1       0x0000,A0
00003c20   023c08c0           SUB.D1        A15,A0,A4
00003c24   02100264           LDW.D1T1      *+A4[0],A4
00003c28   00006000           NOP           4
00003c2c   02100264           LDW.D1T1      *+A4[0],A4
00003c30   00006000           NOP           4
00003c34   07bd09c2           SUB.D2        B15,0x8,B15
00003c38   023c02f4           STW.D2T1      A4,*+B15[0]
00003c3c   00001a28           MVK.S1        0x0034,A0
00003c40   00000068           MVKH.S1       0x0000,A0
00003c44   023c08c0           SUB.D1        A15,A0,A4
00003c48   02100264           LDW.D1T1      *+A4[0],A4
00003c4c   00006000           NOP           4
00003c50   07bd09c2           SUB.D2        B15,0x8,B15
00003c54   023c02f4           STW.D2T1      A4,*+B15[0]
00003c58   020000a8           MVK.S1        0x0001,A4
00003c5c   02000068           MVKH.S1       0x0000,A4
00003c60   031008f0           MV.D1         A4,A6
00003c64   023c02e4           LDW.D2T1      *+B15[0],A4
00003c68   00006000           NOP           4
00003c6c   07bd0942           ADD.D2        B15,0x8,B15
00003c70   02188800           MPY32.M1      A4,A6,A4
00003c74   00004000           NOP           3
00003c78   031008f0           MV.D1         A4,A6
00003c7c   023c02e4           LDW.D2T1      *+B15[0],A4
00003c80   00006000           NOP           4
00003c84   07bd0942           ADD.D2        B15,0x8,B15
00003c88   0210c840           ADD.D1        A4,A6,A4
00003c8c   02100224           LDB.D1T1      *+A4[0],A4
00003c90   00006000           NOP           4
00003c94   021018f2           MV.D2X        A4,B4
00003c98   023c02e4           LDW.D2T1      *+B15[0],A4
00003c9c   00006000           NOP           4
00003ca0   07bd0942           ADD.D2        B15,0x8,B15
00003ca4   0180002a           MVK.S2        0x0000,B3
00003ca8   0180006a           MVKH.S2       0x0000,B3
00003cac   00000012           B.S2          0x003ca0
00003cb0   00008000           NOP           5
00003cb4            L$_ZNKSt6string12find_last_ofEPKc$ret3:
00003cb4   07bd0942           ADD.D2        B15,0x8,B15
00003cb8   07bd09c2           SUB.D2        B15,0x8,B15
00003cbc   023c02f4           STW.D2T1      A4,*+B15[0]
00003cc0   02000028           MVK.S1        0x0000,A4
00003cc4   02000068           MVKH.S1       0x0000,A4
00003cc8   031008f0           MV.D1         A4,A6
00003ccc   023c02e4           LDW.D2T1      *+B15[0],A4
00003cd0   00006000           NOP           4
00003cd4   07bd0942           ADD.D2        B15,0x8,B15
00003cd8   02188a78           CMPEQ.L1      A4,A6,A4
00003cdc   02102bf0           XOR.D1        1,A4,A4
00003ce0   02100a58           CMPEQ.L1      0,A4,A4
00003ce4   02102bf0           XOR.D1        1,A4,A4
00003ce8   009008f0           MV.D1         A4,A1
00003cec   90001812    [!A1]  B.S2          L$_ZNKSt6string12find_last_ofEPKc$shortcut2 (PC+192 = 0x00003da0)
00003cf0   00008000           NOP           5
00003cf4   00001828           MVK.S1        0x0030,A0
00003cf8   00000068           MVKH.S1       0x0000,A0
00003cfc   023c08c0           SUB.D1        A15,A0,A4
00003d00   02100264           LDW.D1T1      *+A4[0],A4
00003d04   00006000           NOP           4
00003d08   02100264           LDW.D1T1      *+A4[0],A4
00003d0c   00006000           NOP           4
00003d10   07bd09c2           SUB.D2        B15,0x8,B15
00003d14   023c02f4           STW.D2T1      A4,*+B15[0]
00003d18   00001a28           MVK.S1        0x0034,A0
00003d1c   00000068           MVKH.S1       0x0000,A0
00003d20   023c08c0           SUB.D1        A15,A0,A4
00003d24   02100264           LDW.D1T1      *+A4[0],A4
00003d28   00006000           NOP           4
00003d2c   07bd09c2           SUB.D2        B15,0x8,B15
00003d30   023c02f4           STW.D2T1      A4,*+B15[0]
00003d34   020000a8           MVK.S1        0x0001,A4
00003d38   02000068           MVKH.S1       0x0000,A4
00003d3c   031008f0           MV.D1         A4,A6
00003d40   023c02e4           LDW.D2T1      *+B15[0],A4
00003d44   00006000           NOP           4
00003d48   07bd0942           ADD.D2        B15,0x8,B15
00003d4c   02188800           MPY32.M1      A4,A6,A4
00003d50   00004000           NOP           3
00003d54   031008f0           MV.D1         A4,A6
00003d58   023c02e4           LDW.D2T1      *+B15[0],A4
00003d5c   00006000           NOP           4
00003d60   07bd0942           ADD.D2        B15,0x8,B15
00003d64   0210c840           ADD.D1        A4,A6,A4
00003d68   02100224           LDB.D1T1      *+A4[0],A4
00003d6c   00006000           NOP           4
00003d70   07bd09c2           SUB.D2        B15,0x8,B15
00003d74   023c02f4           STW.D2T1      A4,*+B15[0]
00003d78   02000028           MVK.S1        0x0000,A4
00003d7c   02000068           MVKH.S1       0x0000,A4
00003d80   031008f0           MV.D1         A4,A6
00003d84   023c02e4           LDW.D2T1      *+B15[0],A4
00003d88   00006000           NOP           4
00003d8c   07bd0942           ADD.D2        B15,0x8,B15
00003d90   02188a78           CMPEQ.L1      A4,A6,A4
00003d94   02102bf0           XOR.D1        1,A4,A4
00003d98   02100a58           CMPEQ.L1      0,A4,A4
00003d9c   02102bf0           XOR.D1        1,A4,A4
00003da0            L$_ZNKSt6string12find_last_ofEPKc$shortcut2:
00003da0   02100a58           CMPEQ.L1      0,A4,A4
00003da4   02102bf0           XOR.D1        1,A4,A4
00003da8   009008f0           MV.D1         A4,A1
00003dac   90000612    [!A1]  B.S2          L$_ZNKSt6string12find_last_ofEPKc$step0 (PC+48 = 0x00003dd0)
00003db0   00008000           NOP           5
00003db4   00001a28           MVK.S1        0x0034,A0
00003db8   00000068           MVKH.S1       0x0000,A0
00003dbc   023c08c0           SUB.D1        A15,A0,A4
00003dc0   02100264           LDW.D1T1      *+A4[0],A4
00003dc4   00006000           NOP           4
00003dc8   00000592           B.S2          L$return$_ZNKSt6string12find_last_ofEPKc (PC+44 = 0x00003dec)
00003dcc   00008000           NOP           5
00003dd0            L$_ZNKSt6string12find_last_ofEPKc$end1:
00003dd0            L$_ZNKSt6string12find_last_ofEPKc$step0:
00003dd0   0fffb712           B.S2          L$_ZNKSt6string12find_last_ofEPKc$begin0 (PC-584 = 0x00003b78)
00003dd4   00008000           NOP           5
00003dd8            L$_ZNKSt6string12find_last_ofEPKc$end0:
00003dd8   027fffa8           MVK.S1        0xffffffff,A4
00003ddc   027fffe8           MVKH.S1       0xffff0000,A4
00003de0   00000192           B.S2          L$return$_ZNKSt6string12find_last_ofEPKc (PC+12 = 0x00003dec)
00003de4   00008000           NOP           5
00003de8   0200a358           MVK.L1        0,A4
00003dec            L$return$_ZNKSt6string12find_last_ofEPKc:
00003dec   01bc2066           LDW.D1T2      *-A15[1],B3
00003df0   07bc18f2           MV.D2X        A15,B15
00003df4   07bc0264           LDW.D1T1      *+A15[0],A15
00003df8   00006000           NOP           4
00003dfc   000c0362           B.S2          B3
00003e00   00008000           NOP           5
00003e04            _ZNKSt6string13find_first_ofEc:
00003e04   07bc02f4           STW.D2T1      A15,*+B15[0]
00003e08   07bc18f0           MV.D1X        B15,A15
00003e0c   01bc2076           STW.D1T2      B3,*-A15[1]
00003e10   00001c2a           MVK.S2        0x0038,B0
00003e14   0000006a           MVKH.S2       0x0000,B0
00003e18   07bc08c2           SUB.D2        B15,B0,B15
00003e1c   00001828           MVK.S1        0x0030,A0
00003e20   00000068           MVKH.S1       0x0000,A0
00003e24   003c08c0           SUB.D1        A15,A0,A0
00003e28   02000274           STW.D1T1      A4,*+A0[0]
00003e2c   021018f0           MV.D1X        B4,A4
00003e30   000014a8           MVK.S1        0x0029,A0
00003e34   00000068           MVKH.S1       0x0000,A0
00003e38   003c08c0           SUB.D1        A15,A0,A0
00003e3c   02000234           STB.D1T1      A4,*+A0[0]
00003e40   07bd09c2           SUB.D2        B15,0x8,B15
00003e44   00001828           MVK.S1        0x0030,A0
00003e48   00000068           MVKH.S1       0x0000,A0
00003e4c   023c08c0           SUB.D1        A15,A0,A4
00003e50   02100264           LDW.D1T1      *+A4[0],A4
00003e54   00006000           NOP           4
00003e58   07bd09c2           SUB.D2        B15,0x8,B15
00003e5c   023c02f4           STW.D2T1      A4,*+B15[0]
00003e60   000014a8           MVK.S1        0x0029,A0
00003e64   00000068           MVKH.S1       0x0000,A0
00003e68   023c08c0           SUB.D1        A15,A0,A4
00003e6c   02100224           LDB.D1T1      *+A4[0],A4
00003e70   00006000           NOP           4
00003e74   07bd09c2           SUB.D2        B15,0x8,B15
00003e78   023c02f4           STW.D2T1      A4,*+B15[0]
00003e7c   02000028           MVK.S1        0x0000,A4
00003e80   02000068           MVKH.S1       0x0000,A4
00003e84   031008f0           MV.D1         A4,A6
00003e88   023c02e6           LDW.D2T2      *+B15[0],B4
00003e8c   00006000           NOP           4
00003e90   07bd0942           ADD.D2        B15,0x8,B15
00003e94   023c02e4           LDW.D2T1      *+B15[0],A4
00003e98   00006000           NOP           4
00003e9c   07bd0942           ADD.D2        B15,0x8,B15
00003ea0   0180002a           MVK.S2        0x0000,B3
00003ea4   0180006a           MVKH.S2       0x0000,B3
00003ea8   00000012           B.S2          0x003ea0
00003eac   00008000           NOP           5
00003eb0            L$_ZNKSt6string13find_first_ofEc$ret0:
00003eb0   07bd0942           ADD.D2        B15,0x8,B15
00003eb4   00000412           B.S2          L$return$_ZNKSt6string13find_first_ofEc (PC+32 = 0x00003ec0)
00003eb8   00008000           NOP           5
00003ebc   0200a358           MVK.L1        0,A4
00003ec0            L$return$_ZNKSt6string13find_first_ofEc:
00003ec0   01bc2066           LDW.D1T2      *-A15[1],B3
00003ec4   07bc18f2           MV.D2X        A15,B15
00003ec8   07bc0264           LDW.D1T1      *+A15[0],A15
00003ecc   00006000           NOP           4
00003ed0   000c0362           B.S2          B3
00003ed4   00008000           NOP           5
00003ed8            _ZNKSt6string12find_last_ofEc:
00003ed8   07bc02f4           STW.D2T1      A15,*+B15[0]
00003edc   07bc18f0           MV.D1X        B15,A15
00003ee0   01bc2076           STW.D1T2      B3,*-A15[1]
00003ee4   00001c2a           MVK.S2        0x0038,B0
00003ee8   0000006a           MVKH.S2       0x0000,B0
00003eec   07bc08c2           SUB.D2        B15,B0,B15
00003ef0   00001828           MVK.S1        0x0030,A0
00003ef4   00000068           MVKH.S1       0x0000,A0
00003ef8   003c08c0           SUB.D1        A15,A0,A0
00003efc   02000274           STW.D1T1      A4,*+A0[0]
00003f00   021018f0           MV.D1X        B4,A4
00003f04   000014a8           MVK.S1        0x0029,A0
00003f08   00000068           MVKH.S1       0x0000,A0
00003f0c   003c08c0           SUB.D1        A15,A0,A0
00003f10   02000234           STB.D1T1      A4,*+A0[0]
00003f14   07bd09c2           SUB.D2        B15,0x8,B15
00003f18   00001828           MVK.S1        0x0030,A0
00003f1c   00000068           MVKH.S1       0x0000,A0
00003f20   023c08c0           SUB.D1        A15,A0,A4
00003f24   02100264           LDW.D1T1      *+A4[0],A4
00003f28   00006000           NOP           4
00003f2c   07bd09c2           SUB.D2        B15,0x8,B15
00003f30   023c02f4           STW.D2T1      A4,*+B15[0]
00003f34   000014a8           MVK.S1        0x0029,A0
00003f38   00000068           MVKH.S1       0x0000,A0
00003f3c   023c08c0           SUB.D1        A15,A0,A4
00003f40   02100224           LDB.D1T1      *+A4[0],A4
00003f44   00006000           NOP           4
00003f48   021018f2           MV.D2X        A4,B4
00003f4c   023c02e4           LDW.D2T1      *+B15[0],A4
00003f50   00006000           NOP           4
00003f54   07bd0942           ADD.D2        B15,0x8,B15
00003f58   0180002a           MVK.S2        0x0000,B3
00003f5c   0180006a           MVKH.S2       0x0000,B3
00003f60   00000012           B.S2          0x003f60
00003f64   00008000           NOP           5
00003f68            L$_ZNKSt6string12find_last_ofEc$ret0:
00003f68   07bd0942           ADD.D2        B15,0x8,B15
00003f6c   00000312           B.S2          L$return$_ZNKSt6string12find_last_ofEc (PC+24 = 0x00003f78)
00003f70   00008000           NOP           5
00003f74   0200a358           MVK.L1        0,A4
00003f78            L$return$_ZNKSt6string12find_last_ofEc:
00003f78   01bc2066           LDW.D1T2      *-A15[1],B3
00003f7c   07bc18f2           MV.D2X        A15,B15
00003f80   07bc0264           LDW.D1T1      *+A15[0],A15
00003f84   00006000           NOP           4
00003f88   000c0362           B.S2          B3
00003f8c   00008000           NOP           5
00003f90            _ZNSt6string6insertEjPKc:
00003f90   07bc02f4           STW.D2T1      A15,*+B15[0]
00003f94   07bc18f0           MV.D1X        B15,A15
00003f98   01bc2076           STW.D1T2      B3,*-A15[1]
00003f9c   0000242a           MVK.S2        0x0048,B0
00003fa0   0000006a           MVKH.S2       0x0000,B0
00003fa4   07bc08c2           SUB.D2        B15,B0,B15
00003fa8   00001a28           MVK.S1        0x0034,A0
00003fac   00000068           MVKH.S1       0x0000,A0
00003fb0   003c08c0           SUB.D1        A15,A0,A0
00003fb4   02000274           STW.D1T1      A4,*+A0[0]
00003fb8   021018f0           MV.D1X        B4,A4
00003fbc   00001628           MVK.S1        0x002c,A0
00003fc0   00000068           MVKH.S1       0x0000,A0
00003fc4   003c08c0           SUB.D1        A15,A0,A0
00003fc8   02000274           STW.D1T1      A4,*+A0[0]
00003fcc   021808f0           MV.D1         A6,A4
00003fd0   00001828           MVK.S1        0x0030,A0
00003fd4   00000068           MVKH.S1       0x0000,A0
00003fd8   003c08c0           SUB.D1        A15,A0,A0
00003fdc   02000274           STW.D1T1      A4,*+A0[0]
00003fe0   00001828           MVK.S1        0x0030,A0
00003fe4   00000068           MVKH.S1       0x0000,A0
00003fe8   023c08c0           SUB.D1        A15,A0,A4
00003fec   02100264           LDW.D1T1      *+A4[0],A4
00003ff0   00006000           NOP           4
00003ff4   07bd09c2           SUB.D2        B15,0x8,B15
00003ff8   023c02f4           STW.D2T1      A4,*+B15[0]
00003ffc   02000028           MVK.S1        0x0000,A4
00004000   02000068           MVKH.S1       0x0000,A4
00004004   031008f0           MV.D1         A4,A6
00004008   023c02e4           LDW.D2T1      *+B15[0],A4
0000400c   00006000           NOP           4
00004010   07bd0942           ADD.D2        B15,0x8,B15
00004014   02188a78           CMPEQ.L1      A4,A6,A4
00004018   02100a58           CMPEQ.L1      0,A4,A4
0000401c   02102bf0           XOR.D1        1,A4,A4
00004020   009008f0           MV.D1         A4,A1
00004024   90000392    [!A1]  B.S2          L$_ZNSt6string6insertEjPKc$else0 (PC+28 = 0x0000403c)
00004028   00008000           NOP           5
0000402c   02000028           MVK.S1        0x0000,A4
00004030   02000068           MVKH.S1       0x0000,A4
00004034   00000912           B.S2          L$_ZNSt6string6insertEjPKc$end0 (PC+72 = 0x00004068)
00004038   00008000           NOP           5
0000403c            L$_ZNSt6string6insertEjPKc$else0:
0000403c   07bd09c2           SUB.D2        B15,0x8,B15
00004040   00001828           MVK.S1        0x0030,A0
00004044   00000068           MVKH.S1       0x0000,A0
00004048   023c08c0           SUB.D1        A15,A0,A4
0000404c   02100264           LDW.D1T1      *+A4[0],A4
00004050   00006000           NOP           4
00004054   0180002a           MVK.S2        0x0000,B3
00004058   0180006a           MVKH.S2       0x0000,B3
0000405c   00000012           B.S2          0x004040
00004060   00008000           NOP           5
00004064            L$_ZNSt6string6insertEjPKc$ret1:
00004064   07bd0942           ADD.D2        B15,0x8,B15
00004068            L$_ZNSt6string6insertEjPKc$end0:
00004068   07bd09c2           SUB.D2        B15,0x8,B15
0000406c   023c02f4           STW.D2T1      A4,*+B15[0]
00004070   00001c28           MVK.S1        0x0038,A0
00004074   00000068           MVKH.S1       0x0000,A0
00004078   023c08c0           SUB.D1        A15,A0,A4
0000407c   031008f0           MV.D1         A4,A6
00004080   023c02e4           LDW.D2T1      *+B15[0],A4
00004084   00006000           NOP           4
00004088   07bd0942           ADD.D2        B15,0x8,B15
0000408c   02180274           STW.D1T1      A4,*+A6[0]
00004090   00001628           MVK.S1        0x002c,A0
00004094   00000068           MVKH.S1       0x0000,A0
00004098   023c08c0           SUB.D1        A15,A0,A4
0000409c   02100264           LDW.D1T1      *+A4[0],A4
000040a0   00006000           NOP           4
000040a4   07bd09c2           SUB.D2        B15,0x8,B15
000040a8   023c02f4           STW.D2T1      A4,*+B15[0]
000040ac   00001a28           MVK.S1        0x0034,A0
000040b0   00000068           MVKH.S1       0x0000,A0
000040b4   023c08c0           SUB.D1        A15,A0,A4
000040b8   02100264           LDW.D1T1      *+A4[0],A4
000040bc   00006000           NOP           4
000040c0   02108940           ADD.D1        A4,0x4,A4
000040c4   02100264           LDW.D1T1      *+A4[0],A4
000040c8   00006000           NOP           4
000040cc   031008f0           MV.D1         A4,A6
000040d0   023c02e4           LDW.D2T1      *+B15[0],A4
000040d4   00006000           NOP           4
000040d8   07bd0942           ADD.D2        B15,0x8,B15
000040dc   021889f8           CMPGTU.L1     A4,A6,A4
000040e0   02100a58           CMPEQ.L1      0,A4,A4
000040e4   02102bf0           XOR.D1        1,A4,A4
000040e8   009008f0           MV.D1         A4,A1
000040ec   90000b92    [!A1]  B.S2          L$_ZNSt6string6insertEjPKc$end2 (PC+92 = 0x0000413c)
000040f0   00008000           NOP           5
000040f4   00001a28           MVK.S1        0x0034,A0
000040f8   00000068           MVKH.S1       0x0000,A0
000040fc   023c08c0           SUB.D1        A15,A0,A4
00004100   02100264           LDW.D1T1      *+A4[0],A4
00004104   00006000           NOP           4
00004108   02108940           ADD.D1        A4,0x4,A4
0000410c   02100264           LDW.D1T1      *+A4[0],A4
00004110   00006000           NOP           4
00004114   07bd09c2           SUB.D2        B15,0x8,B15
00004118   023c02f4           STW.D2T1      A4,*+B15[0]
0000411c   00001628           MVK.S1        0x002c,A0
00004120   00000068           MVKH.S1       0x0000,A0
00004124   023c08c0           SUB.D1        A15,A0,A4
00004128   031008f0           MV.D1         A4,A6
0000412c   023c02e4           LDW.D2T1      *+B15[0],A4
00004130   00006000           NOP           4
00004134   07bd0942           ADD.D2        B15,0x8,B15
00004138   02180274           STW.D1T1      A4,*+A6[0]
0000413c            L$_ZNSt6string6insertEjPKc$end2:
0000413c   07bd09c2           SUB.D2        B15,0x8,B15
00004140   00001a28           MVK.S1        0x0034,A0
00004144   00000068           MVKH.S1       0x0000,A0
00004148   023c08c0           SUB.D1        A15,A0,A4
0000414c   02100264           LDW.D1T1      *+A4[0],A4
00004150   00006000           NOP           4
00004154   07bd09c2           SUB.D2        B15,0x8,B15
00004158   023c02f4           STW.D2T1      A4,*+B15[0]
0000415c   00001a28           MVK.S1        0x0034,A0
00004160   00000068           MVKH.S1       0x0000,A0
00004164   023c08c0           SUB.D1        A15,A0,A4
00004168   02100264           LDW.D1T1      *+A4[0],A4
0000416c   00006000           NOP           4
00004170   02108940           ADD.D1        A4,0x4,A4
00004174   02100264           LDW.D1T1      *+A4[0],A4
00004178   00006000           NOP           4
0000417c   07bd09c2           SUB.D2        B15,0x8,B15
00004180   023c02f4           STW.D2T1      A4,*+B15[0]
00004184   00001c28           MVK.S1        0x0038,A0
00004188   00000068           MVKH.S1       0x0000,A0
0000418c   023c08c0           SUB.D1        A15,A0,A4
00004190   02100264           LDW.D1T1      *+A4[0],A4
00004194   00006000           NOP           4
00004198   031008f0           MV.D1         A4,A6
0000419c   023c02e4           LDW.D2T1      *+B15[0],A4
000041a0   00006000           NOP           4
000041a4   07bd0942           ADD.D2        B15,0x8,B15
000041a8   0210c840           ADD.D1        A4,A6,A4
000041ac   021018f2           MV.D2X        A4,B4
000041b0   023c02e4           LDW.D2T1      *+B15[0],A4
000041b4   00006000           NOP           4
000041b8   07bd0942           ADD.D2        B15,0x8,B15
000041bc   0180002a           MVK.S2        0x0000,B3
000041c0   0180006a           MVKH.S2       0x0000,B3
000041c4   00000012           B.S2          0x0041c0
000041c8   00008000           NOP           5
000041cc            L$_ZNSt6string6insertEjPKc$ret3:
000041cc   07bd0942           ADD.D2        B15,0x8,B15
000041d0   00001a28           MVK.S1        0x0034,A0
000041d4   00000068           MVKH.S1       0x0000,A0
000041d8   023c08c0           SUB.D1        A15,A0,A4
000041dc   02100264           LDW.D1T1      *+A4[0],A4
000041e0   00006000           NOP           4
000041e4   02108940           ADD.D1        A4,0x4,A4
000041e8   02100264           LDW.D1T1      *+A4[0],A4
000041ec   00006000           NOP           4
000041f0   07bd09c2           SUB.D2        B15,0x8,B15
000041f4   023c02f4           STW.D2T1      A4,*+B15[0]
000041f8   00001e28           MVK.S1        0x003c,A0
000041fc   00000068           MVKH.S1       0x0000,A0
00004200   023c08c0           SUB.D1        A15,A0,A4
00004204   031008f0           MV.D1         A4,A6
00004208   023c02e4           LDW.D2T1      *+B15[0],A4
0000420c   00006000           NOP           4
00004210   07bd0942           ADD.D2        B15,0x8,B15
00004214   02180274           STW.D1T1      A4,*+A6[0]
00004218            L$_ZNSt6string6insertEjPKc$begin4:
00004218   00001e28           MVK.S1        0x003c,A0
0000421c   00000068           MVKH.S1       0x0000,A0
00004220   023c08c0           SUB.D1        A15,A0,A4
00004224   07bd09c2           SUB.D2        B15,0x8,B15
00004228   023c02f4           STW.D2T1      A4,*+B15[0]
0000422c   02100264           LDW.D1T1      *+A4[0],A4
00004230   00006000           NOP           4
00004234   07bd09c2           SUB.D2        B15,0x8,B15
00004238   023c02f4           STW.D2T1      A4,*+B15[0]
0000423c   021029c0           SUB.D1        A4,0x1,A4
00004240   033c02e4           LDW.D2T1      *+B15[0],A6
00004244   00006000           NOP           4
00004248   07bd0942           ADD.D2        B15,0x8,B15
0000424c   01bc02e4           LDW.D2T1      *+B15[0],A3
00004250   00006000           NOP           4
00004254   07bd0942           ADD.D2        B15,0x8,B15
00004258   020c0274           STW.D1T1      A4,*+A3[0]
0000425c   021808f0           MV.D1         A6,A4
00004260   07bd09c2           SUB.D2        B15,0x8,B15
00004264   023c02f4           STW.D2T1      A4,*+B15[0]
00004268   00001628           MVK.S1        0x002c,A0
0000426c   00000068           MVKH.S1       0x0000,A0
00004270   023c08c0           SUB.D1        A15,A0,A4
00004274   02100264           LDW.D1T1      *+A4[0],A4
00004278   00006000           NOP           4
0000427c   031008f0           MV.D1         A4,A6
00004280   023c02e4           LDW.D2T1      *+B15[0],A4
00004284   00006000           NOP           4
00004288   07bd0942           ADD.D2        B15,0x8,B15
0000428c   021889f8           CMPGTU.L1     A4,A6,A4
00004290   02100a58           CMPEQ.L1      0,A4,A4
00004294   02102bf0           XOR.D1        1,A4,A4
00004298   009008f0           MV.D1         A4,A1
0000429c   90002d12    [!A1]  B.S2          L$_ZNSt6string6insertEjPKc$end4 (PC+360 = 0x000043e8)
000042a0   00008000           NOP           5
000042a4   00001a28           MVK.S1        0x0034,A0
000042a8   00000068           MVKH.S1       0x0000,A0
000042ac   023c08c0           SUB.D1        A15,A0,A4
000042b0   02100264           LDW.D1T1      *+A4[0],A4
000042b4   00006000           NOP           4
000042b8   02100264           LDW.D1T1      *+A4[0],A4
000042bc   00006000           NOP           4
000042c0   07bd09c2           SUB.D2        B15,0x8,B15
000042c4   023c02f4           STW.D2T1      A4,*+B15[0]
000042c8   00001e28           MVK.S1        0x003c,A0
000042cc   00000068           MVKH.S1       0x0000,A0
000042d0   023c08c0           SUB.D1        A15,A0,A4
000042d4   02100264           LDW.D1T1      *+A4[0],A4
000042d8   00006000           NOP           4
000042dc   07bd09c2           SUB.D2        B15,0x8,B15
000042e0   023c02f4           STW.D2T1      A4,*+B15[0]
000042e4   020000a8           MVK.S1        0x0001,A4
000042e8   02000068           MVKH.S1       0x0000,A4
000042ec   031008f0           MV.D1         A4,A6
000042f0   023c02e4           LDW.D2T1      *+B15[0],A4
000042f4   00006000           NOP           4
000042f8   07bd0942           ADD.D2        B15,0x8,B15
000042fc   02188800           MPY32.M1      A4,A6,A4
00004300   00004000           NOP           3
00004304   031008f0           MV.D1         A4,A6
00004308   023c02e4           LDW.D2T1      *+B15[0],A4
0000430c   00006000           NOP           4
00004310   07bd0942           ADD.D2        B15,0x8,B15
00004314   0210c840           ADD.D1        A4,A6,A4
00004318   02100224           LDB.D1T1      *+A4[0],A4
0000431c   00006000           NOP           4
00004320   07bd09c2           SUB.D2        B15,0x8,B15
00004324   023c02f4           STW.D2T1      A4,*+B15[0]
00004328   00001a28           MVK.S1        0x0034,A0
0000432c   00000068           MVKH.S1       0x0000,A0
00004330   023c08c0           SUB.D1        A15,A0,A4
00004334   02100264           LDW.D1T1      *+A4[0],A4
00004338   00006000           NOP           4
0000433c   02100264           LDW.D1T1      *+A4[0],A4
00004340   00006000           NOP           4
00004344   07bd09c2           SUB.D2        B15,0x8,B15
00004348   023c02f4           STW.D2T1      A4,*+B15[0]
0000434c   00001e28           MVK.S1        0x003c,A0
00004350   00000068           MVKH.S1       0x0000,A0
00004354   023c08c0           SUB.D1        A15,A0,A4
00004358   02100264           LDW.D1T1      *+A4[0],A4
0000435c   00006000           NOP           4
00004360   07bd09c2           SUB.D2        B15,0x8,B15
00004364   023c02f4           STW.D2T1      A4,*+B15[0]
00004368   00001c28           MVK.S1        0x0038,A0
0000436c   00000068           MVKH.S1       0x0000,A0
00004370   023c08c0           SUB.D1        A15,A0,A4
00004374   02100264           LDW.D1T1      *+A4[0],A4
00004378   00006000           NOP           4
0000437c   031008f0           MV.D1         A4,A6
00004380   023c02e4           LDW.D2T1      *+B15[0],A4
00004384   00006000           NOP           4
00004388   07bd0942           ADD.D2        B15,0x8,B15
0000438c   0210c840           ADD.D1        A4,A6,A4
00004390   07bd09c2           SUB.D2        B15,0x8,B15
00004394   023c02f4           STW.D2T1      A4,*+B15[0]
00004398   020000a8           MVK.S1        0x0001,A4
0000439c   02000068           MVKH.S1       0x0000,A4
000043a0   031008f0           MV.D1         A4,A6
000043a4   023c02e4           LDW.D2T1      *+B15[0],A4
000043a8   00006000           NOP           4
000043ac   07bd0942           ADD.D2        B15,0x8,B15
000043b0   02188800           MPY32.M1      A4,A6,A4
000043b4   00004000           NOP           3
000043b8   031008f0           MV.D1         A4,A6
000043bc   023c02e4           LDW.D2T1      *+B15[0],A4
000043c0   00006000           NOP           4
000043c4   07bd0942           ADD.D2        B15,0x8,B15
000043c8   0210c840           ADD.D1        A4,A6,A4
000043cc   031008f0           MV.D1         A4,A6
000043d0   023c02e4           LDW.D2T1      *+B15[0],A4
000043d4   00006000           NOP           4
000043d8   07bd0942           ADD.D2        B15,0x8,B15
000043dc   02180234           STB.D1T1      A4,*+A6[0]
000043e0            L$_ZNSt6string6insertEjPKc$step4:
000043e0   0fffc712           B.S2          L$_ZNSt6string6insertEjPKc$begin4 (PC-456 = 0x00004218)
000043e4   00008000           NOP           5
000043e8            L$_ZNSt6string6insertEjPKc$end4:
000043e8   02000028           MVK.S1        0x0000,A4
000043ec   02000068           MVKH.S1       0x0000,A4
000043f0   07bd09c2           SUB.D2        B15,0x8,B15
000043f4   023c02f4           STW.D2T1      A4,*+B15[0]
000043f8   00002028           MVK.S1        0x0040,A0
000043fc   00000068           MVKH.S1       0x0000,A0
00004400   023c08c0           SUB.D1        A15,A0,A4
00004404   031008f0           MV.D1         A4,A6
00004408   023c02e4           LDW.D2T1      *+B15[0],A4
0000440c   00006000           NOP           4
00004410   07bd0942           ADD.D2        B15,0x8,B15
00004414   02180274           STW.D1T1      A4,*+A6[0]
00004418            L$_ZNSt6string6insertEjPKc$begin5:
00004418   00002028           MVK.S1        0x0040,A0
0000441c   00000068           MVKH.S1       0x0000,A0
00004420   023c08c0           SUB.D1        A15,A0,A4
00004424   02100264           LDW.D1T1      *+A4[0],A4
00004428   00006000           NOP           4
0000442c   07bd09c2           SUB.D2        B15,0x8,B15
00004430   023c02f4           STW.D2T1      A4,*+B15[0]
00004434   00001c28           MVK.S1        0x0038,A0
00004438   00000068           MVKH.S1       0x0000,A0
0000443c   023c08c0           SUB.D1        A15,A0,A4
00004440   02100264           LDW.D1T1      *+A4[0],A4
00004444   00006000           NOP           4
00004448   031008f0           MV.D1         A4,A6
0000444c   023c02e4           LDW.D2T1      *+B15[0],A4
00004450   00006000           NOP           4
00004454   07bd0942           ADD.D2        B15,0x8,B15
00004458   02188bf8           CMPLTU.L1     A4,A6,A4
0000445c   02100a58           CMPEQ.L1      0,A4,A4
00004460   02102bf0           XOR.D1        1,A4,A4
00004464   009008f0           MV.D1         A4,A1
00004468   90003312    [!A1]  B.S2          L$_ZNSt6string6insertEjPKc$end5 (PC+408 = 0x000045f8)
0000446c   00008000           NOP           5
00004470   00001828           MVK.S1        0x0030,A0
00004474   00000068           MVKH.S1       0x0000,A0
00004478   023c08c0           SUB.D1        A15,A0,A4
0000447c   02100264           LDW.D1T1      *+A4[0],A4
00004480   00006000           NOP           4
00004484   07bd09c2           SUB.D2        B15,0x8,B15
00004488   023c02f4           STW.D2T1      A4,*+B15[0]
0000448c   00002028           MVK.S1        0x0040,A0
00004490   00000068           MVKH.S1       0x0000,A0
00004494   023c08c0           SUB.D1        A15,A0,A4
00004498   02100264           LDW.D1T1      *+A4[0],A4
0000449c   00006000           NOP           4
000044a0   07bd09c2           SUB.D2        B15,0x8,B15
000044a4   023c02f4           STW.D2T1      A4,*+B15[0]
000044a8   020000a8           MVK.S1        0x0001,A4
000044ac   02000068           MVKH.S1       0x0000,A4
000044b0   031008f0           MV.D1         A4,A6
000044b4   023c02e4           LDW.D2T1      *+B15[0],A4
000044b8   00006000           NOP           4
000044bc   07bd0942           ADD.D2        B15,0x8,B15
000044c0   02188800           MPY32.M1      A4,A6,A4
000044c4   00004000           NOP           3
000044c8   031008f0           MV.D1         A4,A6
000044cc   023c02e4           LDW.D2T1      *+B15[0],A4
000044d0   00006000           NOP           4
000044d4   07bd0942           ADD.D2        B15,0x8,B15
000044d8   0210c840           ADD.D1        A4,A6,A4
000044dc   02100224           LDB.D1T1      *+A4[0],A4
000044e0   00006000           NOP           4
000044e4   02131848           EXT.S1        A4,24,24,A4
000044e8   07bd09c2           SUB.D2        B15,0x8,B15
000044ec   023c02f4           STW.D2T1      A4,*+B15[0]
000044f0   00001a28           MVK.S1        0x0034,A0
000044f4   00000068           MVKH.S1       0x0000,A0
000044f8   023c08c0           SUB.D1        A15,A0,A4
000044fc   02100264           LDW.D1T1      *+A4[0],A4
00004500   00006000           NOP           4
00004504   02100264           LDW.D1T1      *+A4[0],A4
00004508   00006000           NOP           4
0000450c   07bd09c2           SUB.D2        B15,0x8,B15
00004510   023c02f4           STW.D2T1      A4,*+B15[0]
00004514   00001628           MVK.S1        0x002c,A0
00004518   00000068           MVKH.S1       0x0000,A0
0000451c   023c08c0           SUB.D1        A15,A0,A4
00004520   02100264           LDW.D1T1      *+A4[0],A4
00004524   00006000           NOP           4
00004528   07bd09c2           SUB.D2        B15,0x8,B15
0000452c   023c02f4           STW.D2T1      A4,*+B15[0]
00004530   00002028           MVK.S1        0x0040,A0
00004534   00000068           MVKH.S1       0x0000,A0
00004538   023c08c0           SUB.D1        A15,A0,A4
0000453c   02100264           LDW.D1T1      *+A4[0],A4
00004540   00006000           NOP           4
00004544   031008f0           MV.D1         A4,A6
00004548   023c02e4           LDW.D2T1      *+B15[0],A4
0000454c   00006000           NOP           4
00004550   07bd0942           ADD.D2        B15,0x8,B15
00004554   0210c840           ADD.D1        A4,A6,A4
00004558   07bd09c2           SUB.D2        B15,0x8,B15
0000455c   023c02f4           STW.D2T1      A4,*+B15[0]
00004560   020000a8           MVK.S1        0x0001,A4
00004564   02000068           MVKH.S1       0x0000,A4
00004568   031008f0           MV.D1         A4,A6
0000456c   023c02e4           LDW.D2T1      *+B15[0],A4
00004570   00006000           NOP           4
00004574   07bd0942           ADD.D2        B15,0x8,B15
00004578   02188800           MPY32.M1      A4,A6,A4
0000457c   00004000           NOP           3
00004580   031008f0           MV.D1         A4,A6
00004584   023c02e4           LDW.D2T1      *+B15[0],A4
00004588   00006000           NOP           4
0000458c   07bd0942           ADD.D2        B15,0x8,B15
00004590   0210c840           ADD.D1        A4,A6,A4
00004594   031008f0           MV.D1         A4,A6
00004598   023c02e4           LDW.D2T1      *+B15[0],A4
0000459c   00006000           NOP           4
000045a0   07bd0942           ADD.D2        B15,0x8,B15
000045a4   02180234           STB.D1T1      A4,*+A6[0]
000045a8            L$_ZNSt6string6insertEjPKc$step5:
000045a8   00002028           MVK.S1        0x0040,A0
000045ac   00000068           MVKH.S1       0x0000,A0
000045b0   023c08c0           SUB.D1        A15,A0,A4
000045b4   07bd09c2           SUB.D2        B15,0x8,B15
000045b8   023c02f4           STW.D2T1      A4,*+B15[0]
000045bc   02100264           LDW.D1T1      *+A4[0],A4
000045c0   00006000           NOP           4
000045c4   07bd09c2           SUB.D2        B15,0x8,B15
000045c8   023c02f4           STW.D2T1      A4,*+B15[0]
000045cc   02102940           ADD.D1        A4,0x1,A4
000045d0   033c02e4           LDW.D2T1      *+B15[0],A6
000045d4   00006000           NOP           4
000045d8   07bd0942           ADD.D2        B15,0x8,B15
000045dc   01bc02e4           LDW.D2T1      *+B15[0],A3
000045e0   00006000           NOP           4
000045e4   07bd0942           ADD.D2        B15,0x8,B15
000045e8   020c0274           STW.D1T1      A4,*+A3[0]
000045ec   021808f0           MV.D1         A6,A4
000045f0   0fffc712           B.S2          L$_ZNSt6string6insertEjPKc$begin5 (PC-456 = 0x00004418)
000045f4   00008000           NOP           5
000045f8            L$_ZNSt6string6insertEjPKc$end5:
000045f8   00001a28           MVK.S1        0x0034,A0
000045fc   00000068           MVKH.S1       0x0000,A0
00004600   023c08c0           SUB.D1        A15,A0,A4
00004604   02100264           LDW.D1T1      *+A4[0],A4
00004608   00006000           NOP           4
0000460c   02108940           ADD.D1        A4,0x4,A4
00004610   02100264           LDW.D1T1      *+A4[0],A4
00004614   00006000           NOP           4
00004618   07bd09c2           SUB.D2        B15,0x8,B15
0000461c   023c02f4           STW.D2T1      A4,*+B15[0]
00004620   00001c28           MVK.S1        0x0038,A0
00004624   00000068           MVKH.S1       0x0000,A0
00004628   023c08c0           SUB.D1        A15,A0,A4
0000462c   02100264           LDW.D1T1      *+A4[0],A4
00004630   00006000           NOP           4
00004634   031008f0           MV.D1         A4,A6
00004638   023c02e4           LDW.D2T1      *+B15[0],A4
0000463c   00006000           NOP           4
00004640   07bd0942           ADD.D2        B15,0x8,B15
00004644   0210c840           ADD.D1        A4,A6,A4
00004648   07bd09c2           SUB.D2        B15,0x8,B15
0000464c   023c02f4           STW.D2T1      A4,*+B15[0]
00004650   00001a28           MVK.S1        0x0034,A0
00004654   00000068           MVKH.S1       0x0000,A0
00004658   023c08c0           SUB.D1        A15,A0,A4
0000465c   02100264           LDW.D1T1      *+A4[0],A4
00004660   00006000           NOP           4
00004664   02108940           ADD.D1        A4,0x4,A4
00004668   031008f0           MV.D1         A4,A6
0000466c   023c02e4           LDW.D2T1      *+B15[0],A4
00004670   00006000           NOP           4
00004674   07bd0942           ADD.D2        B15,0x8,B15
00004678   02180274           STW.D1T1      A4,*+A6[0]
0000467c   02000028           MVK.S1        0x0000,A4
00004680   02000068           MVKH.S1       0x0000,A4
00004684   02131848           EXT.S1        A4,24,24,A4
00004688   07bd09c2           SUB.D2        B15,0x8,B15
0000468c   023c02f4           STW.D2T1      A4,*+B15[0]
00004690   00001a28           MVK.S1        0x0034,A0
00004694   00000068           MVKH.S1       0x0000,A0
00004698   023c08c0           SUB.D1        A15,A0,A4
0000469c   02100264           LDW.D1T1      *+A4[0],A4
000046a0   00006000           NOP           4
000046a4   02100264           LDW.D1T1      *+A4[0],A4
000046a8   00006000           NOP           4
000046ac   07bd09c2           SUB.D2        B15,0x8,B15
000046b0   023c02f4           STW.D2T1      A4,*+B15[0]
000046b4   00001a28           MVK.S1        0x0034,A0
000046b8   00000068           MVKH.S1       0x0000,A0
000046bc   023c08c0           SUB.D1        A15,A0,A4
000046c0   02100264           LDW.D1T1      *+A4[0],A4
000046c4   00006000           NOP           4
000046c8   02108940           ADD.D1        A4,0x4,A4
000046cc   02100264           LDW.D1T1      *+A4[0],A4
000046d0   00006000           NOP           4
000046d4   07bd09c2           SUB.D2        B15,0x8,B15
000046d8   023c02f4           STW.D2T1      A4,*+B15[0]
000046dc   020000a8           MVK.S1        0x0001,A4
000046e0   02000068           MVKH.S1       0x0000,A4
000046e4   031008f0           MV.D1         A4,A6
000046e8   023c02e4           LDW.D2T1      *+B15[0],A4
000046ec   00006000           NOP           4
000046f0   07bd0942           ADD.D2        B15,0x8,B15
000046f4   02188800           MPY32.M1      A4,A6,A4
000046f8   00004000           NOP           3
000046fc   031008f0           MV.D1         A4,A6
00004700   023c02e4           LDW.D2T1      *+B15[0],A4
00004704   00006000           NOP           4
00004708   07bd0942           ADD.D2        B15,0x8,B15
0000470c   0210c840           ADD.D1        A4,A6,A4
00004710   031008f0           MV.D1         A4,A6
00004714   023c02e4           LDW.D2T1      *+B15[0],A4
00004718   00006000           NOP           4
0000471c   07bd0942           ADD.D2        B15,0x8,B15
00004720   02180234           STB.D1T1      A4,*+A6[0]
00004724   00001a28           MVK.S1        0x0034,A0
00004728   00000068           MVKH.S1       0x0000,A0
0000472c   023c08c0           SUB.D1        A15,A0,A4
00004730   02100264           LDW.D1T1      *+A4[0],A4
00004734   00006000           NOP           4
00004738   00000492           B.S2          L$return$_ZNSt6string6insertEjPKc (PC+36 = 0x00004744)
0000473c   00008000           NOP           5
00004740   0200a358           MVK.L1        0,A4
00004744            L$return$_ZNSt6string6insertEjPKc:
00004744   01bc2066           LDW.D1T2      *-A15[1],B3
00004748   07bc18f2           MV.D2X        A15,B15
0000474c   07bc0264           LDW.D1T1      *+A15[0],A15
00004750   00006000           NOP           4
00004754   000c0362           B.S2          B3
00004758   00008000           NOP           5
0000475c            _ZNSt6string6insertEjRKS_:
0000475c   07bc02f4           STW.D2T1      A15,*+B15[0]
00004760   07bc18f0           MV.D1X        B15,A15
00004764   01bc2076           STW.D1T2      B3,*-A15[1]
00004768   00001c2a           MVK.S2        0x0038,B0
0000476c   0000006a           MVKH.S2       0x0000,B0
00004770   07bc08c2           SUB.D2        B15,B0,B15
00004774   00001a28           MVK.S1        0x0034,A0
00004778   00000068           MVKH.S1       0x0000,A0
0000477c   003c08c0           SUB.D1        A15,A0,A0
00004780   02000274           STW.D1T1      A4,*+A0[0]
00004784   021018f0           MV.D1X        B4,A4
00004788   00001628           MVK.S1        0x002c,A0
0000478c   00000068           MVKH.S1       0x0000,A0
00004790   003c08c0           SUB.D1        A15,A0,A0
00004794   02000274           STW.D1T1      A4,*+A0[0]
00004798   021808f0           MV.D1         A6,A4
0000479c   00001828           MVK.S1        0x0030,A0
000047a0   00000068           MVKH.S1       0x0000,A0
000047a4   003c08c0           SUB.D1        A15,A0,A0
000047a8   02000274           STW.D1T1      A4,*+A0[0]
000047ac   07bd09c2           SUB.D2        B15,0x8,B15
000047b0   00001a28           MVK.S1        0x0034,A0
000047b4   00000068           MVKH.S1       0x0000,A0
000047b8   023c08c0           SUB.D1        A15,A0,A4
000047bc   02100264           LDW.D1T1      *+A4[0],A4
000047c0   00006000           NOP           4
000047c4   07bd09c2           SUB.D2        B15,0x8,B15
000047c8   023c02f4           STW.D2T1      A4,*+B15[0]
000047cc   00001628           MVK.S1        0x002c,A0
000047d0   00000068           MVKH.S1       0x0000,A0
000047d4   023c08c0           SUB.D1        A15,A0,A4
000047d8   02100264           LDW.D1T1      *+A4[0],A4
000047dc   00006000           NOP           4
000047e0   07bd09c2           SUB.D2        B15,0x8,B15
000047e4   023c02f4           STW.D2T1      A4,*+B15[0]
000047e8   07bd09c2           SUB.D2        B15,0x8,B15
000047ec   00001828           MVK.S1        0x0030,A0
000047f0   00000068           MVKH.S1       0x0000,A0
000047f4   023c08c0           SUB.D1        A15,A0,A4
000047f8   02100264           LDW.D1T1      *+A4[0],A4
000047fc   00006000           NOP           4
00004800   0180002a           MVK.S2        0x0000,B3
00004804   0180006a           MVKH.S2       0x0000,B3
00004808   00000012           B.S2          0x004800
0000480c   00008000           NOP           5
00004810            L$_ZNSt6string6insertEjRKS_$ret0:
00004810   07bd0942           ADD.D2        B15,0x8,B15
00004814   031008f0           MV.D1         A4,A6
00004818   023c02e6           LDW.D2T2      *+B15[0],B4
0000481c   00006000           NOP           4
00004820   07bd0942           ADD.D2        B15,0x8,B15
00004824   023c02e4           LDW.D2T1      *+B15[0],A4
00004828   00006000           NOP           4
0000482c   07bd0942           ADD.D2        B15,0x8,B15
00004830   0180002a           MVK.S2        0x0000,B3
00004834   0180006a           MVKH.S2       0x0000,B3
00004838   00000012           B.S2          0x004820
0000483c   00008000           NOP           5
00004840            L$_ZNSt6string6insertEjRKS_$ret1:
00004840   07bd0942           ADD.D2        B15,0x8,B15
00004844   00000212           B.S2          L$return$_ZNSt6string6insertEjRKS_ (PC+16 = 0x00004850)
00004848   00008000           NOP           5
0000484c   0200a358           MVK.L1        0,A4
00004850            L$return$_ZNSt6string6insertEjRKS_:
00004850   01bc2066           LDW.D1T2      *-A15[1],B3
00004854   07bc18f2           MV.D2X        A15,B15
00004858   07bc0264           LDW.D1T1      *+A15[0],A15
0000485c   00006000           NOP           4
00004860   000c0362           B.S2          B3
00004864   00008000           NOP           5
00004868            _ZNSt6string5eraseEjj:
00004868   07bc02f4           STW.D2T1      A15,*+B15[0]
0000486c   07bc18f0           MV.D1X        B15,A15
00004870   0000242a           MVK.S2        0x0048,B0
00004874   0000006a           MVKH.S2       0x0000,B0
00004878   07bc08c2           SUB.D2        B15,B0,B15
0000487c   00001a28           MVK.S1        0x0034,A0
00004880   00000068           MVKH.S1       0x0000,A0
00004884   003c08c0           SUB.D1        A15,A0,A0
00004888   02000274           STW.D1T1      A4,*+A0[0]
0000488c   021018f0           MV.D1X        B4,A4
00004890   00001628           MVK.S1        0x002c,A0
00004894   00000068           MVKH.S1       0x0000,A0
00004898   003c08c0           SUB.D1        A15,A0,A0
0000489c   02000274           STW.D1T1      A4,*+A0[0]
000048a0   021808f0           MV.D1         A6,A4
000048a4   00001828           MVK.S1        0x0030,A0
000048a8   00000068           MVKH.S1       0x0000,A0
000048ac   003c08c0           SUB.D1        A15,A0,A0
000048b0   02000274           STW.D1T1      A4,*+A0[0]
000048b4   00001628           MVK.S1        0x002c,A0
000048b8   00000068           MVKH.S1       0x0000,A0
000048bc   023c08c0           SUB.D1        A15,A0,A4
000048c0   02100264           LDW.D1T1      *+A4[0],A4
000048c4   00006000           NOP           4
000048c8   07bd09c2           SUB.D2        B15,0x8,B15
000048cc   023c02f4           STW.D2T1      A4,*+B15[0]
000048d0   00001a28           MVK.S1        0x0034,A0
000048d4   00000068           MVKH.S1       0x0000,A0
000048d8   023c08c0           SUB.D1        A15,A0,A4
000048dc   02100264           LDW.D1T1      *+A4[0],A4
000048e0   00006000           NOP           4
000048e4   02108940           ADD.D1        A4,0x4,A4
000048e8   02100264           LDW.D1T1      *+A4[0],A4
000048ec   00006000           NOP           4
000048f0   031008f0           MV.D1         A4,A6
000048f4   023c02e4           LDW.D2T1      *+B15[0],A4
000048f8   00006000           NOP           4
000048fc   07bd0942           ADD.D2        B15,0x8,B15
00004900   021889f8           CMPGTU.L1     A4,A6,A4
00004904   02100a58           CMPEQ.L1      0,A4,A4
00004908   02102bf0           XOR.D1        1,A4,A4
0000490c   009008f0           MV.D1         A4,A1
00004910   90000692    [!A1]  B.S2          L$_ZNSt6string5eraseEjj$end0 (PC+52 = 0x00004934)
00004914   00008000           NOP           5
00004918   00001a28           MVK.S1        0x0034,A0
0000491c   00000068           MVKH.S1       0x0000,A0
00004920   023c08c0           SUB.D1        A15,A0,A4
00004924   02100264           LDW.D1T1      *+A4[0],A4
00004928   00006000           NOP           4
0000492c   00009912           B.S2          L$return$_ZNSt6string5eraseEjj (PC+1224 = 0x00004de8)
00004930   00008000           NOP           5
00004934            L$_ZNSt6string5eraseEjj$end0:
00004934   00001a28           MVK.S1        0x0034,A0
00004938   00000068           MVKH.S1       0x0000,A0
0000493c   023c08c0           SUB.D1        A15,A0,A4
00004940   02100264           LDW.D1T1      *+A4[0],A4
00004944   00006000           NOP           4
00004948   02108940           ADD.D1        A4,0x4,A4
0000494c   02100264           LDW.D1T1      *+A4[0],A4
00004950   00006000           NOP           4
00004954   07bd09c2           SUB.D2        B15,0x8,B15
00004958   023c02f4           STW.D2T1      A4,*+B15[0]
0000495c   00001628           MVK.S1        0x002c,A0
00004960   00000068           MVKH.S1       0x0000,A0
00004964   023c08c0           SUB.D1        A15,A0,A4
00004968   02100264           LDW.D1T1      *+A4[0],A4
0000496c   00006000           NOP           4
00004970   031008f0           MV.D1         A4,A6
00004974   023c02e4           LDW.D2T1      *+B15[0],A4
00004978   00006000           NOP           4
0000497c   07bd0942           ADD.D2        B15,0x8,B15
00004980   0210c8c0           SUB.D1        A4,A6,A4
00004984   07bd09c2           SUB.D2        B15,0x8,B15
00004988   023c02f4           STW.D2T1      A4,*+B15[0]
0000498c   00001c28           MVK.S1        0x0038,A0
00004990   00000068           MVKH.S1       0x0000,A0
00004994   023c08c0           SUB.D1        A15,A0,A4
00004998   031008f0           MV.D1         A4,A6
0000499c   023c02e4           LDW.D2T1      *+B15[0],A4
000049a0   00006000           NOP           4
000049a4   07bd0942           ADD.D2        B15,0x8,B15
000049a8   02180274           STW.D1T1      A4,*+A6[0]
000049ac   00001828           MVK.S1        0x0030,A0
000049b0   00000068           MVKH.S1       0x0000,A0
000049b4   023c08c0           SUB.D1        A15,A0,A4
000049b8   02100264           LDW.D1T1      *+A4[0],A4
000049bc   00006000           NOP           4
000049c0   07bd09c2           SUB.D2        B15,0x8,B15
000049c4   023c02f4           STW.D2T1      A4,*+B15[0]
000049c8   00001c28           MVK.S1        0x0038,A0
000049cc   00000068           MVKH.S1       0x0000,A0
000049d0   023c08c0           SUB.D1        A15,A0,A4
000049d4   02100264           LDW.D1T1      *+A4[0],A4
000049d8   00006000           NOP           4
000049dc   031008f0           MV.D1         A4,A6
000049e0   023c02e4           LDW.D2T1      *+B15[0],A4
000049e4   00006000           NOP           4
000049e8   07bd0942           ADD.D2        B15,0x8,B15
000049ec   021889f8           CMPGTU.L1     A4,A6,A4
000049f0   02100a58           CMPEQ.L1      0,A4,A4
000049f4   02102bf0           XOR.D1        1,A4,A4
000049f8   009008f0           MV.D1         A4,A1
000049fc   90000c12    [!A1]  B.S2          L$_ZNSt6string5eraseEjj$end1 (PC+96 = 0x00004a40)
00004a00   00008000           NOP           5
00004a04   00001c28           MVK.S1        0x0038,A0
00004a08   00000068           MVKH.S1       0x0000,A0
00004a0c   023c08c0           SUB.D1        A15,A0,A4
00004a10   02100264           LDW.D1T1      *+A4[0],A4
00004a14   00006000           NOP           4
00004a18   07bd09c2           SUB.D2        B15,0x8,B15
00004a1c   023c02f4           STW.D2T1      A4,*+B15[0]
00004a20   00001828           MVK.S1        0x0030,A0
00004a24   00000068           MVKH.S1       0x0000,A0
00004a28   023c08c0           SUB.D1        A15,A0,A4
00004a2c   031008f0           MV.D1         A4,A6
00004a30   023c02e4           LDW.D2T1      *+B15[0],A4
00004a34   00006000           NOP           4
00004a38   07bd0942           ADD.D2        B15,0x8,B15
00004a3c   02180274           STW.D1T1      A4,*+A6[0]
00004a40            L$_ZNSt6string5eraseEjj$end1:
00004a40   00001628           MVK.S1        0x002c,A0
00004a44   00000068           MVKH.S1       0x0000,A0
00004a48   023c08c0           SUB.D1        A15,A0,A4
00004a4c   02100264           LDW.D1T1      *+A4[0],A4
00004a50   00006000           NOP           4
00004a54   07bd09c2           SUB.D2        B15,0x8,B15
00004a58   023c02f4           STW.D2T1      A4,*+B15[0]
00004a5c   00001e28           MVK.S1        0x003c,A0
00004a60   00000068           MVKH.S1       0x0000,A0
00004a64   023c08c0           SUB.D1        A15,A0,A4
00004a68   031008f0           MV.D1         A4,A6
00004a6c   023c02e4           LDW.D2T1      *+B15[0],A4
00004a70   00006000           NOP           4
00004a74   07bd0942           ADD.D2        B15,0x8,B15
00004a78   02180274           STW.D1T1      A4,*+A6[0]
00004a7c            L$_ZNSt6string5eraseEjj$begin2:
00004a7c   00001e28           MVK.S1        0x003c,A0
00004a80   00000068           MVKH.S1       0x0000,A0
00004a84   023c08c0           SUB.D1        A15,A0,A4
00004a88   02100264           LDW.D1T1      *+A4[0],A4
00004a8c   00006000           NOP           4
00004a90   07bd09c2           SUB.D2        B15,0x8,B15
00004a94   023c02f4           STW.D2T1      A4,*+B15[0]
00004a98   00001828           MVK.S1        0x0030,A0
00004a9c   00000068           MVKH.S1       0x0000,A0
00004aa0   023c08c0           SUB.D1        A15,A0,A4
00004aa4   02100264           LDW.D1T1      *+A4[0],A4
00004aa8   00006000           NOP           4
00004aac   031008f0           MV.D1         A4,A6
00004ab0   023c02e4           LDW.D2T1      *+B15[0],A4
00004ab4   00006000           NOP           4
00004ab8   07bd0942           ADD.D2        B15,0x8,B15
00004abc   0210c840           ADD.D1        A4,A6,A4
00004ac0   07bd09c2           SUB.D2        B15,0x8,B15
00004ac4   023c02f4           STW.D2T1      A4,*+B15[0]
00004ac8   00001a28           MVK.S1        0x0034,A0
00004acc   00000068           MVKH.S1       0x0000,A0
00004ad0   023c08c0           SUB.D1        A15,A0,A4
00004ad4   02100264           LDW.D1T1      *+A4[0],A4
00004ad8   00006000           NOP           4
00004adc   02108940           ADD.D1        A4,0x4,A4
00004ae0   02100264           LDW.D1T1      *+A4[0],A4
00004ae4   00006000           NOP           4
00004ae8   031008f0           MV.D1         A4,A6
00004aec   023c02e4           LDW.D2T1      *+B15[0],A4
00004af0   00006000           NOP           4
00004af4   07bd0942           ADD.D2        B15,0x8,B15
00004af8   02188bf8           CMPLTU.L1     A4,A6,A4
00004afc   02100a58           CMPEQ.L1      0,A4,A4
00004b00   02102bf0           XOR.D1        1,A4,A4
00004b04   009008f0           MV.D1         A4,A1
00004b08   90003392    [!A1]  B.S2          L$_ZNSt6string5eraseEjj$end2 (PC+412 = 0x00004c9c)
00004b0c   00008000           NOP           5
00004b10   00001a28           MVK.S1        0x0034,A0
00004b14   00000068           MVKH.S1       0x0000,A0
00004b18   023c08c0           SUB.D1        A15,A0,A4
00004b1c   02100264           LDW.D1T1      *+A4[0],A4
00004b20   00006000           NOP           4
00004b24   02100264           LDW.D1T1      *+A4[0],A4
00004b28   00006000           NOP           4
00004b2c   07bd09c2           SUB.D2        B15,0x8,B15
00004b30   023c02f4           STW.D2T1      A4,*+B15[0]
00004b34   00001e28           MVK.S1        0x003c,A0
00004b38   00000068           MVKH.S1       0x0000,A0
00004b3c   023c08c0           SUB.D1        A15,A0,A4
00004b40   02100264           LDW.D1T1      *+A4[0],A4
00004b44   00006000           NOP           4
00004b48   07bd09c2           SUB.D2        B15,0x8,B15
00004b4c   023c02f4           STW.D2T1      A4,*+B15[0]
00004b50   00001828           MVK.S1        0x0030,A0
00004b54   00000068           MVKH.S1       0x0000,A0
00004b58   023c08c0           SUB.D1        A15,A0,A4
00004b5c   02100264           LDW.D1T1      *+A4[0],A4
00004b60   00006000           NOP           4
00004b64   031008f0           MV.D1         A4,A6
00004b68   023c02e4           LDW.D2T1      *+B15[0],A4
00004b6c   00006000           NOP           4
00004b70   07bd0942           ADD.D2        B15,0x8,B15
00004b74   0210c840           ADD.D1        A4,A6,A4
00004b78   07bd09c2           SUB.D2        B15,0x8,B15
00004b7c   023c02f4           STW.D2T1      A4,*+B15[0]
00004b80   020000a8           MVK.S1        0x0001,A4
00004b84   02000068           MVKH.S1       0x0000,A4
00004b88   031008f0           MV.D1         A4,A6
00004b8c   023c02e4           LDW.D2T1      *+B15[0],A4
00004b90   00006000           NOP           4
00004b94   07bd0942           ADD.D2        B15,0x8,B15
00004b98   02188800           MPY32.M1      A4,A6,A4
00004b9c   00004000           NOP           3
00004ba0   031008f0           MV.D1         A4,A6
00004ba4   023c02e4           LDW.D2T1      *+B15[0],A4
00004ba8   00006000           NOP           4
00004bac   07bd0942           ADD.D2        B15,0x8,B15
00004bb0   0210c840           ADD.D1        A4,A6,A4
00004bb4   02100224           LDB.D1T1      *+A4[0],A4
00004bb8   00006000           NOP           4
00004bbc   07bd09c2           SUB.D2        B15,0x8,B15
00004bc0   023c02f4           STW.D2T1      A4,*+B15[0]
00004bc4   00001a28           MVK.S1        0x0034,A0
00004bc8   00000068           MVKH.S1       0x0000,A0
00004bcc   023c08c0           SUB.D1        A15,A0,A4
00004bd0   02100264           LDW.D1T1      *+A4[0],A4
00004bd4   00006000           NOP           4
00004bd8   02100264           LDW.D1T1      *+A4[0],A4
00004bdc   00006000           NOP           4
00004be0   07bd09c2           SUB.D2        B15,0x8,B15
00004be4   023c02f4           STW.D2T1      A4,*+B15[0]
00004be8   00001e28           MVK.S1        0x003c,A0
00004bec   00000068           MVKH.S1       0x0000,A0
00004bf0   023c08c0           SUB.D1        A15,A0,A4
00004bf4   02100264           LDW.D1T1      *+A4[0],A4
00004bf8   00006000           NOP           4
00004bfc   07bd09c2           SUB.D2        B15,0x8,B15
00004c00   023c02f4           STW.D2T1      A4,*+B15[0]
00004c04   020000a8           MVK.S1        0x0001,A4
00004c08   02000068           MVKH.S1       0x0000,A4
00004c0c   031008f0           MV.D1         A4,A6
00004c10   023c02e4           LDW.D2T1      *+B15[0],A4
00004c14   00006000           NOP           4
00004c18   07bd0942           ADD.D2        B15,0x8,B15
00004c1c   02188800           MPY32.M1      A4,A6,A4
00004c20   00004000           NOP           3
00004c24   031008f0           MV.D1         A4,A6
00004c28   023c02e4           LDW.D2T1      *+B15[0],A4
00004c2c   00006000           NOP           4
00004c30   07bd0942           ADD.D2        B15,0x8,B15
00004c34   0210c840           ADD.D1        A4,A6,A4
00004c38   031008f0           MV.D1         A4,A6
00004c3c   023c02e4           LDW.D2T1      *+B15[0],A4
00004c40   00006000           NOP           4
00004c44   07bd0942           ADD.D2        B15,0x8,B15
00004c48   02180234           STB.D1T1      A4,*+A6[0]
00004c4c            L$_ZNSt6string5eraseEjj$step2:
00004c4c   00001e28           MVK.S1        0x003c,A0
00004c50   00000068           MVKH.S1       0x0000,A0
00004c54   023c08c0           SUB.D1        A15,A0,A4
00004c58   07bd09c2           SUB.D2        B15,0x8,B15
00004c5c   023c02f4           STW.D2T1      A4,*+B15[0]
00004c60   02100264           LDW.D1T1      *+A4[0],A4
00004c64   00006000           NOP           4
00004c68   07bd09c2           SUB.D2        B15,0x8,B15
00004c6c   023c02f4           STW.D2T1      A4,*+B15[0]
00004c70   02102940           ADD.D1        A4,0x1,A4
00004c74   033c02e4           LDW.D2T1      *+B15[0],A6
00004c78   00006000           NOP           4
00004c7c   07bd0942           ADD.D2        B15,0x8,B15
00004c80   01bc02e4           LDW.D2T1      *+B15[0],A3
00004c84   00006000           NOP           4
00004c88   07bd0942           ADD.D2        B15,0x8,B15
00004c8c   020c0274           STW.D1T1      A4,*+A3[0]
00004c90   021808f0           MV.D1         A6,A4
00004c94   0fffbf92           B.S2          L$_ZNSt6string5eraseEjj$begin2 (PC-516 = 0x00004a7c)
00004c98   00008000           NOP           5
00004c9c            L$_ZNSt6string5eraseEjj$end2:
00004c9c   00001a28           MVK.S1        0x0034,A0
00004ca0   00000068           MVKH.S1       0x0000,A0
00004ca4   023c08c0           SUB.D1        A15,A0,A4
00004ca8   02100264           LDW.D1T1      *+A4[0],A4
00004cac   00006000           NOP           4
00004cb0   02108940           ADD.D1        A4,0x4,A4
00004cb4   02100264           LDW.D1T1      *+A4[0],A4
00004cb8   00006000           NOP           4
00004cbc   07bd09c2           SUB.D2        B15,0x8,B15
00004cc0   023c02f4           STW.D2T1      A4,*+B15[0]
00004cc4   00001828           MVK.S1        0x0030,A0
00004cc8   00000068           MVKH.S1       0x0000,A0
00004ccc   023c08c0           SUB.D1        A15,A0,A4
00004cd0   02100264           LDW.D1T1      *+A4[0],A4
00004cd4   00006000           NOP           4
00004cd8   031008f0           MV.D1         A4,A6
00004cdc   023c02e4           LDW.D2T1      *+B15[0],A4
00004ce0   00006000           NOP           4
00004ce4   07bd0942           ADD.D2        B15,0x8,B15
00004ce8   0210c8c0           SUB.D1        A4,A6,A4
00004cec   07bd09c2           SUB.D2        B15,0x8,B15
00004cf0   023c02f4           STW.D2T1      A4,*+B15[0]
00004cf4   00001a28           MVK.S1        0x0034,A0
00004cf8   00000068           MVKH.S1       0x0000,A0
00004cfc   023c08c0           SUB.D1        A15,A0,A4
00004d00   02100264           LDW.D1T1      *+A4[0],A4
00004d04   00006000           NOP           4
00004d08   02108940           ADD.D1        A4,0x4,A4
00004d0c   031008f0           MV.D1         A4,A6
00004d10   023c02e4           LDW.D2T1      *+B15[0],A4
00004d14   00006000           NOP           4
00004d18   07bd0942           ADD.D2        B15,0x8,B15
00004d1c   02180274           STW.D1T1      A4,*+A6[0]
00004d20   02000028           MVK.S1        0x0000,A4
00004d24   02000068           MVKH.S1       0x0000,A4
00004d28   02131848           EXT.S1        A4,24,24,A4
00004d2c   07bd09c2           SUB.D2        B15,0x8,B15
00004d30   023c02f4           STW.D2T1      A4,*+B15[0]
00004d34   00001a28           MVK.S1        0x0034,A0
00004d38   00000068           MVKH.S1       0x0000,A0
00004d3c   023c08c0           SUB.D1        A15,A0,A4
00004d40   02100264           LDW.D1T1      *+A4[0],A4
00004d44   00006000           NOP           4
00004d48   02100264           LDW.D1T1      *+A4[0],A4
00004d4c   00006000           NOP           4
00004d50   07bd09c2           SUB.D2        B15,0x8,B15
00004d54   023c02f4           STW.D2T1      A4,*+B15[0]
00004d58   00001a28           MVK.S1        0x0034,A0
00004d5c   00000068           MVKH.S1       0x0000,A0
00004d60   023c08c0           SUB.D1        A15,A0,A4
00004d64   02100264           LDW.D1T1      *+A4[0],A4
00004d68   00006000           NOP           4
00004d6c   02108940           ADD.D1        A4,0x4,A4
00004d70   02100264           LDW.D1T1      *+A4[0],A4
00004d74   00006000           NOP           4
00004d78   07bd09c2           SUB.D2        B15,0x8,B15
00004d7c   023c02f4           STW.D2T1      A4,*+B15[0]
00004d80   020000a8           MVK.S1        0x0001,A4
00004d84   02000068           MVKH.S1       0x0000,A4
00004d88   031008f0           MV.D1         A4,A6
00004d8c   023c02e4           LDW.D2T1      *+B15[0],A4
00004d90   00006000           NOP           4
00004d94   07bd0942           ADD.D2        B15,0x8,B15
00004d98   02188800           MPY32.M1      A4,A6,A4
00004d9c   00004000           NOP           3
00004da0   031008f0           MV.D1         A4,A6
00004da4   023c02e4           LDW.D2T1      *+B15[0],A4
00004da8   00006000           NOP           4
00004dac   07bd0942           ADD.D2        B15,0x8,B15
00004db0   0210c840           ADD.D1        A4,A6,A4
00004db4   031008f0           MV.D1         A4,A6
00004db8   023c02e4           LDW.D2T1      *+B15[0],A4
00004dbc   00006000           NOP           4
00004dc0   07bd0942           ADD.D2        B15,0x8,B15
00004dc4   02180234           STB.D1T1      A4,*+A6[0]
00004dc8   00001a28           MVK.S1        0x0034,A0
00004dcc   00000068           MVKH.S1       0x0000,A0
00004dd0   023c08c0           SUB.D1        A15,A0,A4
00004dd4   02100264           LDW.D1T1      *+A4[0],A4
00004dd8   00006000           NOP           4
00004ddc   00000512           B.S2          L$return$_ZNSt6string5eraseEjj (PC+40 = 0x00004de8)
00004de0   00008000           NOP           5
00004de4   0200a358           MVK.L1        0,A4
00004de8            L$return$_ZNSt6string5eraseEjj:
00004de8   07bc18f2           MV.D2X        A15,B15
00004dec   07bc0264           LDW.D1T1      *+A15[0],A15
00004df0   00006000           NOP           4
00004df4   000c0362           B.S2          B3
00004df8   00008000           NOP           5
00004dfc            _ZNSt6string5eraseEj:
00004dfc   07bc02f4           STW.D2T1      A15,*+B15[0]
00004e00   07bc18f0           MV.D1X        B15,A15
00004e04   01bc2076           STW.D1T2      B3,*-A15[1]
00004e08   00001c2a           MVK.S2        0x0038,B0
00004e0c   0000006a           MVKH.S2       0x0000,B0
00004e10   07bc08c2           SUB.D2        B15,B0,B15
00004e14   00001828           MVK.S1        0x0030,A0
00004e18   00000068           MVKH.S1       0x0000,A0
00004e1c   003c08c0           SUB.D1        A15,A0,A0
00004e20   02000274           STW.D1T1      A4,*+A0[0]
00004e24   021018f0           MV.D1X        B4,A4
00004e28   00001628           MVK.S1        0x002c,A0
00004e2c   00000068           MVKH.S1       0x0000,A0
00004e30   003c08c0           SUB.D1        A15,A0,A0
00004e34   02000274           STW.D1T1      A4,*+A0[0]
00004e38   07bd09c2           SUB.D2        B15,0x8,B15
00004e3c   00001828           MVK.S1        0x0030,A0
00004e40   00000068           MVKH.S1       0x0000,A0
00004e44   023c08c0           SUB.D1        A15,A0,A4
00004e48   02100264           LDW.D1T1      *+A4[0],A4
00004e4c   00006000           NOP           4
00004e50   07bd09c2           SUB.D2        B15,0x8,B15
00004e54   023c02f4           STW.D2T1      A4,*+B15[0]
00004e58   00001628           MVK.S1        0x002c,A0
00004e5c   00000068           MVKH.S1       0x0000,A0
00004e60   023c08c0           SUB.D1        A15,A0,A4
00004e64   02100264           LDW.D1T1      *+A4[0],A4
00004e68   00006000           NOP           4
00004e6c   07bd09c2           SUB.D2        B15,0x8,B15
00004e70   023c02f4           STW.D2T1      A4,*+B15[0]
00004e74   027fffa8           MVK.S1        0xffffffff,A4
00004e78   027fffe8           MVKH.S1       0xffff0000,A4
00004e7c   031008f0           MV.D1         A4,A6
00004e80   023c02e6           LDW.D2T2      *+B15[0],B4
00004e84   00006000           NOP           4
00004e88   07bd0942           ADD.D2        B15,0x8,B15
00004e8c   023c02e4           LDW.D2T1      *+B15[0],A4
00004e90   00006000           NOP           4
00004e94   07bd0942           ADD.D2        B15,0x8,B15
00004e98   0180002a           MVK.S2        0x0000,B3
00004e9c   0180006a           MVKH.S2       0x0000,B3
00004ea0   00000012           B.S2          0x004ea0
00004ea4   00008000           NOP           5
00004ea8            L$_ZNSt6string5eraseEj$ret0:
00004ea8   07bd0942           ADD.D2        B15,0x8,B15
00004eac   00000312           B.S2          L$return$_ZNSt6string5eraseEj (PC+24 = 0x00004eb8)
00004eb0   00008000           NOP           5
00004eb4   0200a358           MVK.L1        0,A4
00004eb8            L$return$_ZNSt6string5eraseEj:
00004eb8   01bc2066           LDW.D1T2      *-A15[1],B3
00004ebc   07bc18f2           MV.D2X        A15,B15
00004ec0   07bc0264           LDW.D1T1      *+A15[0],A15
00004ec4   00006000           NOP           4
00004ec8   000c0362           B.S2          B3
00004ecc   00008000           NOP           5
00004ed0            _ZNKSt6string7compareERKS_:
00004ed0   07bc02f4           STW.D2T1      A15,*+B15[0]
00004ed4   07bc18f0           MV.D1X        B15,A15
00004ed8   01bc2076           STW.D1T2      B3,*-A15[1]
00004edc   00001c2a           MVK.S2        0x0038,B0
00004ee0   0000006a           MVKH.S2       0x0000,B0
00004ee4   07bc08c2           SUB.D2        B15,B0,B15
00004ee8   00001828           MVK.S1        0x0030,A0
00004eec   00000068           MVKH.S1       0x0000,A0
00004ef0   003c08c0           SUB.D1        A15,A0,A0
00004ef4   02000274           STW.D1T1      A4,*+A0[0]
00004ef8   021018f0           MV.D1X        B4,A4
00004efc   00001628           MVK.S1        0x002c,A0
00004f00   00000068           MVKH.S1       0x0000,A0
00004f04   003c08c0           SUB.D1        A15,A0,A0
00004f08   02000274           STW.D1T1      A4,*+A0[0]
00004f0c   07bd09c2           SUB.D2        B15,0x8,B15
00004f10   00001828           MVK.S1        0x0030,A0
00004f14   00000068           MVKH.S1       0x0000,A0
00004f18   023c08c0           SUB.D1        A15,A0,A4
00004f1c   02100264           LDW.D1T1      *+A4[0],A4
00004f20   00006000           NOP           4
00004f24   02100264           LDW.D1T1      *+A4[0],A4
00004f28   00006000           NOP           4
00004f2c   07bd09c2           SUB.D2        B15,0x8,B15
00004f30   023c02f4           STW.D2T1      A4,*+B15[0]
00004f34   00001628           MVK.S1        0x002c,A0
00004f38   00000068           MVKH.S1       0x0000,A0
00004f3c   023c08c0           SUB.D1        A15,A0,A4
00004f40   02100264           LDW.D1T1      *+A4[0],A4
00004f44   00006000           NOP           4
00004f48   02100264           LDW.D1T1      *+A4[0],A4
00004f4c   00006000           NOP           4
00004f50   021018f2           MV.D2X        A4,B4
00004f54   023c02e4           LDW.D2T1      *+B15[0],A4
00004f58   00006000           NOP           4
00004f5c   07bd0942           ADD.D2        B15,0x8,B15
00004f60   0180002a           MVK.S2        0x0000,B3
00004f64   0180006a           MVKH.S2       0x0000,B3
00004f68   00000012           B.S2          0x004f60
00004f6c   00008000           NOP           5
00004f70            L$_ZNKSt6string7compareERKS_$ret0:
00004f70   07bd0942           ADD.D2        B15,0x8,B15
00004f74   00000412           B.S2          L$return$_ZNKSt6string7compareERKS_ (PC+32 = 0x00004f80)
00004f78   00008000           NOP           5
00004f7c   0200a358           MVK.L1        0,A4
00004f80            L$return$_ZNKSt6string7compareERKS_:
00004f80   01bc2066           LDW.D1T2      *-A15[1],B3
00004f84   07bc18f2           MV.D2X        A15,B15
00004f88   07bc0264           LDW.D1T1      *+A15[0],A15
00004f8c   00006000           NOP           4
00004f90   000c0362           B.S2          B3
00004f94   00008000           NOP           5
00004f98            _ZNKSt6string7compareEPKc:
00004f98   07bc02f4           STW.D2T1      A15,*+B15[0]
00004f9c   07bc18f0           MV.D1X        B15,A15
00004fa0   01bc2076           STW.D1T2      B3,*-A15[1]
00004fa4   00001c2a           MVK.S2        0x0038,B0
00004fa8   0000006a           MVKH.S2       0x0000,B0
00004fac   07bc08c2           SUB.D2        B15,B0,B15
00004fb0   00001828           MVK.S1        0x0030,A0
00004fb4   00000068           MVKH.S1       0x0000,A0
00004fb8   003c08c0           SUB.D1        A15,A0,A0
00004fbc   02000274           STW.D1T1      A4,*+A0[0]
00004fc0   021018f0           MV.D1X        B4,A4
00004fc4   00001628           MVK.S1        0x002c,A0
00004fc8   00000068           MVKH.S1       0x0000,A0
00004fcc   003c08c0           SUB.D1        A15,A0,A0
00004fd0   02000274           STW.D1T1      A4,*+A0[0]
00004fd4   07bd09c2           SUB.D2        B15,0x8,B15
00004fd8   00001828           MVK.S1        0x0030,A0
00004fdc   00000068           MVKH.S1       0x0000,A0
00004fe0   023c08c0           SUB.D1        A15,A0,A4
00004fe4   02100264           LDW.D1T1      *+A4[0],A4
00004fe8   00006000           NOP           4
00004fec   02100264           LDW.D1T1      *+A4[0],A4
00004ff0   00006000           NOP           4
00004ff4   07bd09c2           SUB.D2        B15,0x8,B15
00004ff8   023c02f4           STW.D2T1      A4,*+B15[0]
00004ffc   00001628           MVK.S1        0x002c,A0
00005000   00000068           MVKH.S1       0x0000,A0
00005004   023c08c0           SUB.D1        A15,A0,A4
00005008   02100264           LDW.D1T1      *+A4[0],A4
0000500c   00006000           NOP           4
00005010   021018f2           MV.D2X        A4,B4
00005014   023c02e4           LDW.D2T1      *+B15[0],A4
00005018   00006000           NOP           4
0000501c   07bd0942           ADD.D2        B15,0x8,B15
00005020   0180002a           MVK.S2        0x0000,B3
00005024   0180006a           MVKH.S2       0x0000,B3
00005028   00000012           B.S2          0x005020
0000502c   00008000           NOP           5
00005030            L$_ZNKSt6string7compareEPKc$ret0:
00005030   07bd0942           ADD.D2        B15,0x8,B15
00005034   00000412           B.S2          L$return$_ZNKSt6string7compareEPKc (PC+32 = 0x00005040)
00005038   00008000           NOP           5
0000503c   0200a358           MVK.L1        0,A4
00005040            L$return$_ZNKSt6string7compareEPKc:
00005040   01bc2066           LDW.D1T2      *-A15[1],B3
00005044   07bc18f2           MV.D2X        A15,B15
00005048   07bc0264           LDW.D1T1      *+A15[0],A15
0000504c   00006000           NOP           4
00005050   000c0362           B.S2          B3
00005054   00008000           NOP           5
00005058            _ZNSt6string4initEPKcj:
00005058   07bc02f4           STW.D2T1      A15,*+B15[0]
0000505c   07bc18f0           MV.D1X        B15,A15
00005060   01bc2076           STW.D1T2      B3,*-A15[1]
00005064   00001c2a           MVK.S2        0x0038,B0
00005068   0000006a           MVKH.S2       0x0000,B0
0000506c   07bc08c2           SUB.D2        B15,B0,B15
00005070   00001a28           MVK.S1        0x0034,A0
00005074   00000068           MVKH.S1       0x0000,A0
00005078   003c08c0           SUB.D1        A15,A0,A0
0000507c   02000274           STW.D1T1      A4,*+A0[0]
00005080   021018f0           MV.D1X        B4,A4
00005084   00001628           MVK.S1        0x002c,A0
00005088   00000068           MVKH.S1       0x0000,A0
0000508c   003c08c0           SUB.D1        A15,A0,A0
00005090   02000274           STW.D1T1      A4,*+A0[0]
00005094   021808f0           MV.D1         A6,A4
00005098   00001828           MVK.S1        0x0030,A0
0000509c   00000068           MVKH.S1       0x0000,A0
000050a0   003c08c0           SUB.D1        A15,A0,A0
000050a4   02000274           STW.D1T1      A4,*+A0[0]
000050a8   02000028           MVK.S1        0x0000,A4
000050ac   02000068           MVKH.S1       0x0000,A4
000050b0   07bd09c2           SUB.D2        B15,0x8,B15
000050b4   023c02f4           STW.D2T1      A4,*+B15[0]
000050b8   00001a28           MVK.S1        0x0034,A0
000050bc   00000068           MVKH.S1       0x0000,A0
000050c0   023c08c0           SUB.D1        A15,A0,A4
000050c4   02100264           LDW.D1T1      *+A4[0],A4
000050c8   00006000           NOP           4
000050cc   02110940           ADD.D1        A4,0x8,A4
000050d0   031008f0           MV.D1         A4,A6
000050d4   023c02e4           LDW.D2T1      *+B15[0],A4
000050d8   00006000           NOP           4
000050dc   07bd0942           ADD.D2        B15,0x8,B15
000050e0   02180274           STW.D1T1      A4,*+A6[0]
000050e4   02000028           MVK.S1        0x0000,A4
000050e8   02000068           MVKH.S1       0x0000,A4
000050ec   07bd09c2           SUB.D2        B15,0x8,B15
000050f0   023c02f4           STW.D2T1      A4,*+B15[0]
000050f4   00001a28           MVK.S1        0x0034,A0
000050f8   00000068           MVKH.S1       0x0000,A0
000050fc   023c08c0           SUB.D1        A15,A0,A4
00005100   02100264           LDW.D1T1      *+A4[0],A4
00005104   00006000           NOP           4
00005108   031008f0           MV.D1         A4,A6
0000510c   023c02e4           LDW.D2T1      *+B15[0],A4
00005110   00006000           NOP           4
00005114   07bd0942           ADD.D2        B15,0x8,B15
00005118   02180274           STW.D1T1      A4,*+A6[0]
0000511c   07bd09c2           SUB.D2        B15,0x8,B15
00005120   00001a28           MVK.S1        0x0034,A0
00005124   00000068           MVKH.S1       0x0000,A0
00005128   023c08c0           SUB.D1        A15,A0,A4
0000512c   02100264           LDW.D1T1      *+A4[0],A4
00005130   00006000           NOP           4
00005134   07bd09c2           SUB.D2        B15,0x8,B15
00005138   023c02f4           STW.D2T1      A4,*+B15[0]
0000513c   00001828           MVK.S1        0x0030,A0
00005140   00000068           MVKH.S1       0x0000,A0
00005144   023c08c0           SUB.D1        A15,A0,A4
00005148   02100264           LDW.D1T1      *+A4[0],A4
0000514c   00006000           NOP           4
00005150   021018f2           MV.D2X        A4,B4
00005154   023c02e4           LDW.D2T1      *+B15[0],A4
00005158   00006000           NOP           4
0000515c   07bd0942           ADD.D2        B15,0x8,B15
00005160   0180002a           MVK.S2        0x0000,B3
00005164   0180006a           MVKH.S2       0x0000,B3
00005168   00000012           B.S2          0x005160
0000516c   00008000           NOP           5
00005170            L$_ZNSt6string4initEPKcj$ret0:
00005170   07bd0942           ADD.D2        B15,0x8,B15
00005174   00001828           MVK.S1        0x0030,A0
00005178   00000068           MVKH.S1       0x0000,A0
0000517c   023c08c0           SUB.D1        A15,A0,A4
00005180   02100264           LDW.D1T1      *+A4[0],A4
00005184   00006000           NOP           4
00005188   07bd09c2           SUB.D2        B15,0x8,B15
0000518c   023c02f4           STW.D2T1      A4,*+B15[0]
00005190   02000028           MVK.S1        0x0000,A4
00005194   02000068           MVKH.S1       0x0000,A4
00005198   031008f0           MV.D1         A4,A6
0000519c   023c02e4           LDW.D2T1      *+B15[0],A4
000051a0   00006000           NOP           4
000051a4   07bd0942           ADD.D2        B15,0x8,B15
000051a8   02188a78           CMPEQ.L1      A4,A6,A4
000051ac   02102bf0           XOR.D1        1,A4,A4
000051b0   02100a58           CMPEQ.L1      0,A4,A4
000051b4   02102bf0           XOR.D1        1,A4,A4
000051b8   009008f0           MV.D1         A4,A1
000051bc   90001592    [!A1]  B.S2          L$_ZNSt6string4initEPKcj$end1 (PC+172 = 0x0000524c)
000051c0   00008000           NOP           5
000051c4   07bd09c2           SUB.D2        B15,0x8,B15
000051c8   00001a28           MVK.S1        0x0034,A0
000051cc   00000068           MVKH.S1       0x0000,A0
000051d0   023c08c0           SUB.D1        A15,A0,A4
000051d4   02100264           LDW.D1T1      *+A4[0],A4
000051d8   00006000           NOP           4
000051dc   02100264           LDW.D1T1      *+A4[0],A4
000051e0   00006000           NOP           4
000051e4   07bd09c2           SUB.D2        B15,0x8,B15
000051e8   023c02f4           STW.D2T1      A4,*+B15[0]
000051ec   00001628           MVK.S1        0x002c,A0
000051f0   00000068           MVKH.S1       0x0000,A0
000051f4   023c08c0           SUB.D1        A15,A0,A4
000051f8   02100264           LDW.D1T1      *+A4[0],A4
000051fc   00006000           NOP           4
00005200   07bd09c2           SUB.D2        B15,0x8,B15
00005204   023c02f4           STW.D2T1      A4,*+B15[0]
00005208   00001828           MVK.S1        0x0030,A0
0000520c   00000068           MVKH.S1       0x0000,A0
00005210   023c08c0           SUB.D1        A15,A0,A4
00005214   02100264           LDW.D1T1      *+A4[0],A4
00005218   00006000           NOP           4
0000521c   031008f0           MV.D1         A4,A6
00005220   023c02e6           LDW.D2T2      *+B15[0],B4
00005224   00006000           NOP           4
00005228   07bd0942           ADD.D2        B15,0x8,B15
0000522c   023c02e4           LDW.D2T1      *+B15[0],A4
00005230   00006000           NOP           4
00005234   07bd0942           ADD.D2        B15,0x8,B15
00005238   0180002a           MVK.S2        0x0000,B3
0000523c   0180006a           MVKH.S2       0x0000,B3
00005240   00000012           B.S2          0x005240
00005244   00008000           NOP           5
00005248            L$_ZNSt6string4initEPKcj$ret2:
00005248   07bd0942           ADD.D2        B15,0x8,B15
0000524c            L$_ZNSt6string4initEPKcj$end1:
0000524c   00001828           MVK.S1        0x0030,A0
00005250   00000068           MVKH.S1       0x0000,A0
00005254   023c08c0           SUB.D1        A15,A0,A4
00005258   02100264           LDW.D1T1      *+A4[0],A4
0000525c   00006000           NOP           4
00005260   07bd09c2           SUB.D2        B15,0x8,B15
00005264   023c02f4           STW.D2T1      A4,*+B15[0]
00005268   00001a28           MVK.S1        0x0034,A0
0000526c   00000068           MVKH.S1       0x0000,A0
00005270   023c08c0           SUB.D1        A15,A0,A4
00005274   02100264           LDW.D1T1      *+A4[0],A4
00005278   00006000           NOP           4
0000527c   02108940           ADD.D1        A4,0x4,A4
00005280   031008f0           MV.D1         A4,A6
00005284   023c02e4           LDW.D2T1      *+B15[0],A4
00005288   00006000           NOP           4
0000528c   07bd0942           ADD.D2        B15,0x8,B15
00005290   02180274           STW.D1T1      A4,*+A6[0]
00005294   02000028           MVK.S1        0x0000,A4
00005298   02000068           MVKH.S1       0x0000,A4
0000529c   02131848           EXT.S1        A4,24,24,A4
000052a0   07bd09c2           SUB.D2        B15,0x8,B15
000052a4   023c02f4           STW.D2T1      A4,*+B15[0]
000052a8   00001a28           MVK.S1        0x0034,A0
000052ac   00000068           MVKH.S1       0x0000,A0
000052b0   023c08c0           SUB.D1        A15,A0,A4
000052b4   02100264           LDW.D1T1      *+A4[0],A4
000052b8   00006000           NOP           4
000052bc   02100264           LDW.D1T1      *+A4[0],A4
000052c0   00006000           NOP           4
000052c4   07bd09c2           SUB.D2        B15,0x8,B15
000052c8   023c02f4           STW.D2T1      A4,*+B15[0]
000052cc   00001a28           MVK.S1        0x0034,A0
000052d0   00000068           MVKH.S1       0x0000,A0
000052d4   023c08c0           SUB.D1        A15,A0,A4
000052d8   02100264           LDW.D1T1      *+A4[0],A4
000052dc   00006000           NOP           4
000052e0   02108940           ADD.D1        A4,0x4,A4
000052e4   02100264           LDW.D1T1      *+A4[0],A4
000052e8   00006000           NOP           4
000052ec   07bd09c2           SUB.D2        B15,0x8,B15
000052f0   023c02f4           STW.D2T1      A4,*+B15[0]
000052f4   020000a8           MVK.S1        0x0001,A4
000052f8   02000068           MVKH.S1       0x0000,A4
000052fc   031008f0           MV.D1         A4,A6
00005300   023c02e4           LDW.D2T1      *+B15[0],A4
00005304   00006000           NOP           4
00005308   07bd0942           ADD.D2        B15,0x8,B15
0000530c   02188800           MPY32.M1      A4,A6,A4
00005310   00004000           NOP           3
00005314   031008f0           MV.D1         A4,A6
00005318   023c02e4           LDW.D2T1      *+B15[0],A4
0000531c   00006000           NOP           4
00005320   07bd0942           ADD.D2        B15,0x8,B15
00005324   0210c840           ADD.D1        A4,A6,A4
00005328   031008f0           MV.D1         A4,A6
0000532c   023c02e4           LDW.D2T1      *+B15[0],A4
00005330   00006000           NOP           4
00005334   07bd0942           ADD.D2        B15,0x8,B15
00005338   02180234           STB.D1T1      A4,*+A6[0]
0000533c   0200a358           MVK.L1        0,A4
00005340            L$return$_ZNSt6string4initEPKcj:
00005340   01bc2066           LDW.D1T2      *-A15[1],B3
00005344   07bc18f2           MV.D2X        A15,B15
00005348   07bc0264           LDW.D1T1      *+A15[0],A15
0000534c   00006000           NOP           4
00005350   000c0362           B.S2          B3
00005354   00008000           NOP           5
00005358            _ZNSt6string14reserveExactlyEj:
00005358   07bc02f4           STW.D2T1      A15,*+B15[0]
0000535c   07bc18f0           MV.D1X        B15,A15
00005360   01bc2076           STW.D1T2      B3,*-A15[1]
00005364   00001c2a           MVK.S2        0x0038,B0
00005368   0000006a           MVKH.S2       0x0000,B0
0000536c   07bc08c2           SUB.D2        B15,B0,B15
00005370   00001828           MVK.S1        0x0030,A0
00005374   00000068           MVKH.S1       0x0000,A0
00005378   003c08c0           SUB.D1        A15,A0,A0
0000537c   02000274           STW.D1T1      A4,*+A0[0]
00005380   021018f0           MV.D1X        B4,A4
00005384   00001628           MVK.S1        0x002c,A0
00005388   00000068           MVKH.S1       0x0000,A0
0000538c   003c08c0           SUB.D1        A15,A0,A0
00005390   02000274           STW.D1T1      A4,*+A0[0]
00005394   00001628           MVK.S1        0x002c,A0
00005398   00000068           MVKH.S1       0x0000,A0
0000539c   023c08c0           SUB.D1        A15,A0,A4
000053a0   02100264           LDW.D1T1      *+A4[0],A4
000053a4   00006000           NOP           4
000053a8   07bd09c2           SUB.D2        B15,0x8,B15
000053ac   023c02f4           STW.D2T1      A4,*+B15[0]
000053b0   020007a8           MVK.S1        0x000f,A4
000053b4   02000068           MVKH.S1       0x0000,A4
000053b8   031008f0           MV.D1         A4,A6
000053bc   023c02e4           LDW.D2T1      *+B15[0],A4
000053c0   00006000           NOP           4
000053c4   07bd0942           ADD.D2        B15,0x8,B15
000053c8   02188bf8           CMPLTU.L1     A4,A6,A4
000053cc   02100a58           CMPEQ.L1      0,A4,A4
000053d0   02102bf0           XOR.D1        1,A4,A4
000053d4   009008f0           MV.D1         A4,A1
000053d8   90000612    [!A1]  B.S2          L$_ZNSt6string14reserveExactlyEj$else0 (PC+48 = 0x000053f0)
000053dc   00008000           NOP           5
000053e0   020007a8           MVK.S1        0x000f,A4
000053e4   02000068           MVKH.S1       0x0000,A4
000053e8   00000492           B.S2          L$_ZNSt6string14reserveExactlyEj$end0 (PC+36 = 0x00005404)
000053ec   00008000           NOP           5
000053f0            L$_ZNSt6string14reserveExactlyEj$else0:
000053f0   00001628           MVK.S1        0x002c,A0
000053f4   00000068           MVKH.S1       0x0000,A0
000053f8   023c08c0           SUB.D1        A15,A0,A4
000053fc   02100264           LDW.D1T1      *+A4[0],A4
00005400   00006000           NOP           4
00005404            L$_ZNSt6string14reserveExactlyEj$end0:
00005404   07bd09c2           SUB.D2        B15,0x8,B15
00005408   023c02f4           STW.D2T1      A4,*+B15[0]
0000540c   00001a28           MVK.S1        0x0034,A0
00005410   00000068           MVKH.S1       0x0000,A0
00005414   023c08c0           SUB.D1        A15,A0,A4
00005418   031008f0           MV.D1         A4,A6
0000541c   023c02e4           LDW.D2T1      *+B15[0],A4
00005420   00006000           NOP           4
00005424   07bd0942           ADD.D2        B15,0x8,B15
00005428   02180274           STW.D1T1      A4,*+A6[0]
0000542c   07bd09c2           SUB.D2        B15,0x8,B15
00005430   00001a28           MVK.S1        0x0034,A0
00005434   00000068           MVKH.S1       0x0000,A0
00005438   023c08c0           SUB.D1        A15,A0,A4
0000543c   02100264           LDW.D1T1      *+A4[0],A4
00005440   00006000           NOP           4
00005444   07bd09c2           SUB.D2        B15,0x8,B15
00005448   023c02f4           STW.D2T1      A4,*+B15[0]
0000544c   020000a8           MVK.S1        0x0001,A4
00005450   02000068           MVKH.S1       0x0000,A4
00005454   031008f0           MV.D1         A4,A6
00005458   023c02e4           LDW.D2T1      *+B15[0],A4
0000545c   00006000           NOP           4
00005460   07bd0942           ADD.D2        B15,0x8,B15
00005464   0210c840           ADD.D1        A4,A6,A4
00005468   0180002a           MVK.S2        0x0000,B3
0000546c   0180006a           MVKH.S2       0x0000,B3
00005470   00000012           B.S2          0x005460
00005474   00008000           NOP           5
00005478            L$_ZNSt6string14reserveExactlyEj$ret1:
00005478   07bd0942           ADD.D2        B15,0x8,B15
0000547c   07bd09c2           SUB.D2        B15,0x8,B15
00005480   023c02f4           STW.D2T1      A4,*+B15[0]
00005484   00001c28           MVK.S1        0x0038,A0
00005488   00000068           MVKH.S1       0x0000,A0
0000548c   023c08c0           SUB.D1        A15,A0,A4
00005490   031008f0           MV.D1         A4,A6
00005494   023c02e4           LDW.D2T1      *+B15[0],A4
00005498   00006000           NOP           4
0000549c   07bd0942           ADD.D2        B15,0x8,B15
000054a0   02180274           STW.D1T1      A4,*+A6[0]
000054a4   00001828           MVK.S1        0x0030,A0
000054a8   00000068           MVKH.S1       0x0000,A0
000054ac   023c08c0           SUB.D1        A15,A0,A4
000054b0   02100264           LDW.D1T1      *+A4[0],A4
000054b4   00006000           NOP           4
000054b8   02100264           LDW.D1T1      *+A4[0],A4
000054bc   00006000           NOP           4
000054c0   07bd09c2           SUB.D2        B15,0x8,B15
000054c4   023c02f4           STW.D2T1      A4,*+B15[0]
000054c8   02000028           MVK.S1        0x0000,A4
000054cc   02000068           MVKH.S1       0x0000,A4
000054d0   031008f0           MV.D1         A4,A6
000054d4   023c02e4           LDW.D2T1      *+B15[0],A4
000054d8   00006000           NOP           4
000054dc   07bd0942           ADD.D2        B15,0x8,B15
000054e0   02188a78           CMPEQ.L1      A4,A6,A4
000054e4   02102bf0           XOR.D1        1,A4,A4
000054e8   02100a58           CMPEQ.L1      0,A4,A4
000054ec   02102bf0           XOR.D1        1,A4,A4
000054f0   009008f0           MV.D1         A4,A1
000054f4   90001d92    [!A1]  B.S2          L$_ZNSt6string14reserveExactlyEj$else2 (PC+236 = 0x000055cc)
000054f8   00008000           NOP           5
000054fc   07bd09c2           SUB.D2        B15,0x8,B15
00005500   00001c28           MVK.S1        0x0038,A0
00005504   00000068           MVKH.S1       0x0000,A0
00005508   023c08c0           SUB.D1        A15,A0,A4
0000550c   02100264           LDW.D1T1      *+A4[0],A4
00005510   00006000           NOP           4
00005514   07bd09c2           SUB.D2        B15,0x8,B15
00005518   023c02f4           STW.D2T1      A4,*+B15[0]
0000551c   00001828           MVK.S1        0x0030,A0
00005520   00000068           MVKH.S1       0x0000,A0
00005524   023c08c0           SUB.D1        A15,A0,A4
00005528   02100264           LDW.D1T1      *+A4[0],A4
0000552c   00006000           NOP           4
00005530   02100264           LDW.D1T1      *+A4[0],A4
00005534   00006000           NOP           4
00005538   07bd09c2           SUB.D2        B15,0x8,B15
0000553c   023c02f4           STW.D2T1      A4,*+B15[0]
00005540   00001828           MVK.S1        0x0030,A0
00005544   00000068           MVKH.S1       0x0000,A0
00005548   023c08c0           SUB.D1        A15,A0,A4
0000554c   02100264           LDW.D1T1      *+A4[0],A4
00005550   00006000           NOP           4
00005554   02108940           ADD.D1        A4,0x4,A4
00005558   02100264           LDW.D1T1      *+A4[0],A4
0000555c   00006000           NOP           4
00005560   031008f0           MV.D1         A4,A6
00005564   023c02e6           LDW.D2T2      *+B15[0],B4
00005568   00006000           NOP           4
0000556c   07bd0942           ADD.D2        B15,0x8,B15
00005570   023c02e4           LDW.D2T1      *+B15[0],A4
00005574   00006000           NOP           4
00005578   07bd0942           ADD.D2        B15,0x8,B15
0000557c   0180002a           MVK.S2        0x0000,B3
00005580   0180006a           MVKH.S2       0x0000,B3
00005584   00000012           B.S2          0x005580
00005588   00008000           NOP           5
0000558c            L$_ZNSt6string14reserveExactlyEj$ret3:
0000558c   07bd0942           ADD.D2        B15,0x8,B15
00005590   07bd09c2           SUB.D2        B15,0x8,B15
00005594   00001828           MVK.S1        0x0030,A0
00005598   00000068           MVKH.S1       0x0000,A0
0000559c   023c08c0           SUB.D1        A15,A0,A4
000055a0   02100264           LDW.D1T1      *+A4[0],A4
000055a4   00006000           NOP           4
000055a8   02100264           LDW.D1T1      *+A4[0],A4
000055ac   00006000           NOP           4
000055b0   0180002a           MVK.S2        0x0000,B3
000055b4   0180006a           MVKH.S2       0x0000,B3
000055b8   00000012           B.S2          0x0055a0
000055bc   00008000           NOP           5
000055c0            L$_ZNSt6string14reserveExactlyEj$ret4:
000055c0   07bd0942           ADD.D2        B15,0x8,B15
000055c4   00000912           B.S2          L$_ZNSt6string14reserveExactlyEj$end2 (PC+72 = 0x00005608)
000055c8   00008000           NOP           5
000055cc            L$_ZNSt6string14reserveExactlyEj$else2:
000055cc   02000028           MVK.S1        0x0000,A4
000055d0   02000068           MVKH.S1       0x0000,A4
000055d4   07bd09c2           SUB.D2        B15,0x8,B15
000055d8   023c02f4           STW.D2T1      A4,*+B15[0]
000055dc   00001828           MVK.S1        0x0030,A0
000055e0   00000068           MVKH.S1       0x0000,A0
000055e4   023c08c0           SUB.D1        A15,A0,A4
000055e8   02100264           LDW.D1T1      *+A4[0],A4
000055ec   00006000           NOP           4
000055f0   02108940           ADD.D1        A4,0x4,A4
000055f4   031008f0           MV.D1         A4,A6
000055f8   023c02e4           LDW.D2T1      *+B15[0],A4
000055fc   00006000           NOP           4
00005600   07bd0942           ADD.D2        B15,0x8,B15
00005604   02180274           STW.D1T1      A4,*+A6[0]
00005608            L$_ZNSt6string14reserveExactlyEj$end2:
00005608   02000028           MVK.S1        0x0000,A4
0000560c   02000068           MVKH.S1       0x0000,A4
00005610   02131848           EXT.S1        A4,24,24,A4
00005614   07bd09c2           SUB.D2        B15,0x8,B15
00005618   023c02f4           STW.D2T1      A4,*+B15[0]
0000561c   00001c28           MVK.S1        0x0038,A0
00005620   00000068           MVKH.S1       0x0000,A0
00005624   023c08c0           SUB.D1        A15,A0,A4
00005628   02100264           LDW.D1T1      *+A4[0],A4
0000562c   00006000           NOP           4
00005630   07bd09c2           SUB.D2        B15,0x8,B15
00005634   023c02f4           STW.D2T1      A4,*+B15[0]
00005638   00001828           MVK.S1        0x0030,A0
0000563c   00000068           MVKH.S1       0x0000,A0
00005640   023c08c0           SUB.D1        A15,A0,A4
00005644   02100264           LDW.D1T1      *+A4[0],A4
00005648   00006000           NOP           4
0000564c   02108940           ADD.D1        A4,0x4,A4
00005650   02100264           LDW.D1T1      *+A4[0],A4
00005654   00006000           NOP           4
00005658   07bd09c2           SUB.D2        B15,0x8,B15
0000565c   023c02f4           STW.D2T1      A4,*+B15[0]
00005660   020000a8           MVK.S1        0x0001,A4
00005664   02000068           MVKH.S1       0x0000,A4
00005668   031008f0           MV.D1         A4,A6
0000566c   023c02e4           LDW.D2T1      *+B15[0],A4
00005670   00006000           NOP           4
00005674   07bd0942           ADD.D2        B15,0x8,B15
00005678   02188800           MPY32.M1      A4,A6,A4
0000567c   00004000           NOP           3
00005680   031008f0           MV.D1         A4,A6
00005684   023c02e4           LDW.D2T1      *+B15[0],A4
00005688   00006000           NOP           4
0000568c   07bd0942           ADD.D2        B15,0x8,B15
00005690   0210c840           ADD.D1        A4,A6,A4
00005694   031008f0           MV.D1         A4,A6
00005698   023c02e4           LDW.D2T1      *+B15[0],A4
0000569c   00006000           NOP           4
000056a0   07bd0942           ADD.D2        B15,0x8,B15
000056a4   02180234           STB.D1T1      A4,*+A6[0]
000056a8   00001c28           MVK.S1        0x0038,A0
000056ac   00000068           MVKH.S1       0x0000,A0
000056b0   023c08c0           SUB.D1        A15,A0,A4
000056b4   02100264           LDW.D1T1      *+A4[0],A4
000056b8   00006000           NOP           4
000056bc   07bd09c2           SUB.D2        B15,0x8,B15
000056c0   023c02f4           STW.D2T1      A4,*+B15[0]
000056c4   00001828           MVK.S1        0x0030,A0
000056c8   00000068           MVKH.S1       0x0000,A0
000056cc   023c08c0           SUB.D1        A15,A0,A4
000056d0   02100264           LDW.D1T1      *+A4[0],A4
000056d4   00006000           NOP           4
000056d8   031008f0           MV.D1         A4,A6
000056dc   023c02e4           LDW.D2T1      *+B15[0],A4
000056e0   00006000           NOP           4
000056e4   07bd0942           ADD.D2        B15,0x8,B15
000056e8   02180274           STW.D1T1      A4,*+A6[0]
000056ec   00001a28           MVK.S1        0x0034,A0
000056f0   00000068           MVKH.S1       0x0000,A0
000056f4   023c08c0           SUB.D1        A15,A0,A4
000056f8   02100264           LDW.D1T1      *+A4[0],A4
000056fc   00006000           NOP           4
00005700   07bd09c2           SUB.D2        B15,0x8,B15
00005704   023c02f4           STW.D2T1      A4,*+B15[0]
00005708   00001828           MVK.S1        0x0030,A0
0000570c   00000068           MVKH.S1       0x0000,A0
00005710   023c08c0           SUB.D1        A15,A0,A4
00005714   02100264           LDW.D1T1      *+A4[0],A4
00005718   00006000           NOP           4
0000571c   02110940           ADD.D1        A4,0x8,A4
00005720   031008f0           MV.D1         A4,A6
00005724   023c02e4           LDW.D2T1      *+B15[0],A4
00005728   00006000           NOP           4
0000572c   07bd0942           ADD.D2        B15,0x8,B15
00005730   02180274           STW.D1T1      A4,*+A6[0]
00005734   0200a358           MVK.L1        0,A4
00005738            L$return$_ZNSt6string14reserveExactlyEj:
00005738   01bc2066           LDW.D1T2      *-A15[1],B3
0000573c   07bc18f2           MV.D2X        A15,B15
00005740   07bc0264           LDW.D1T1      *+A15[0],A15
00005744   00006000           NOP           4
00005748   000c0362           B.S2          B3
0000574c   00008000           NOP           5
00005750            _ZNSt6string10assignFromEPKcj:
00005750   07bc02f4           STW.D2T1      A15,*+B15[0]
00005754   07bc18f0           MV.D1X        B15,A15
00005758   01bc2076           STW.D1T2      B3,*-A15[1]
0000575c   00001c2a           MVK.S2        0x0038,B0
00005760   0000006a           MVKH.S2       0x0000,B0
00005764   07bc08c2           SUB.D2        B15,B0,B15
00005768   00001a28           MVK.S1        0x0034,A0
0000576c   00000068           MVKH.S1       0x0000,A0
00005770   003c08c0           SUB.D1        A15,A0,A0
00005774   02000274           STW.D1T1      A4,*+A0[0]
00005778   021018f0           MV.D1X        B4,A4
0000577c   00001628           MVK.S1        0x002c,A0
00005780   00000068           MVKH.S1       0x0000,A0
00005784   003c08c0           SUB.D1        A15,A0,A0
00005788   02000274           STW.D1T1      A4,*+A0[0]
0000578c   021808f0           MV.D1         A6,A4
00005790   00001828           MVK.S1        0x0030,A0
00005794   00000068           MVKH.S1       0x0000,A0
00005798   003c08c0           SUB.D1        A15,A0,A0
0000579c   02000274           STW.D1T1      A4,*+A0[0]
000057a0   07bd09c2           SUB.D2        B15,0x8,B15
000057a4   00001a28           MVK.S1        0x0034,A0
000057a8   00000068           MVKH.S1       0x0000,A0
000057ac   023c08c0           SUB.D1        A15,A0,A4
000057b0   02100264           LDW.D1T1      *+A4[0],A4
000057b4   00006000           NOP           4
000057b8   07bd09c2           SUB.D2        B15,0x8,B15
000057bc   023c02f4           STW.D2T1      A4,*+B15[0]
000057c0   00001828           MVK.S1        0x0030,A0
000057c4   00000068           MVKH.S1       0x0000,A0
000057c8   023c08c0           SUB.D1        A15,A0,A4
000057cc   02100264           LDW.D1T1      *+A4[0],A4
000057d0   00006000           NOP           4
000057d4   021018f2           MV.D2X        A4,B4
000057d8   023c02e4           LDW.D2T1      *+B15[0],A4
000057dc   00006000           NOP           4
000057e0   07bd0942           ADD.D2        B15,0x8,B15
000057e4   0180002a           MVK.S2        0x0000,B3
000057e8   0180006a           MVKH.S2       0x0000,B3
000057ec   00000012           B.S2          0x0057e0
000057f0   00008000           NOP           5
000057f4            L$_ZNSt6string10assignFromEPKcj$ret0:
000057f4   07bd0942           ADD.D2        B15,0x8,B15
000057f8   00001828           MVK.S1        0x0030,A0
000057fc   00000068           MVKH.S1       0x0000,A0
00005800   023c08c0           SUB.D1        A15,A0,A4
00005804   02100264           LDW.D1T1      *+A4[0],A4
00005808   00006000           NOP           4
0000580c   07bd09c2           SUB.D2        B15,0x8,B15
00005810   023c02f4           STW.D2T1      A4,*+B15[0]
00005814   02000028           MVK.S1        0x0000,A4
00005818   02000068           MVKH.S1       0x0000,A4
0000581c   031008f0           MV.D1         A4,A6
00005820   023c02e4           LDW.D2T1      *+B15[0],A4
00005824   00006000           NOP           4
00005828   07bd0942           ADD.D2        B15,0x8,B15
0000582c   02188a78           CMPEQ.L1      A4,A6,A4
00005830   02102bf0           XOR.D1        1,A4,A4
00005834   02100a58           CMPEQ.L1      0,A4,A4
00005838   02102bf0           XOR.D1        1,A4,A4
0000583c   009008f0           MV.D1         A4,A1
00005840   90001212    [!A1]  B.S2          L$_ZNSt6string10assignFromEPKcj$end1 (PC+144 = 0x000058d0)
00005844   00008000           NOP           5
00005848   07bd09c2           SUB.D2        B15,0x8,B15
0000584c   00001a28           MVK.S1        0x0034,A0
00005850   00000068           MVKH.S1       0x0000,A0
00005854   023c08c0           SUB.D1        A15,A0,A4
00005858   02100264           LDW.D1T1      *+A4[0],A4
0000585c   00006000           NOP           4
00005860   02100264           LDW.D1T1      *+A4[0],A4
00005864   00006000           NOP           4
00005868   07bd09c2           SUB.D2        B15,0x8,B15
0000586c   023c02f4           STW.D2T1      A4,*+B15[0]
00005870   00001628           MVK.S1        0x002c,A0
00005874   00000068           MVKH.S1       0x0000,A0
00005878   023c08c0           SUB.D1        A15,A0,A4
0000587c   02100264           LDW.D1T1      *+A4[0],A4
00005880   00006000           NOP           4
00005884   07bd09c2           SUB.D2        B15,0x8,B15
00005888   023c02f4           STW.D2T1      A4,*+B15[0]
0000588c   00001828           MVK.S1        0x0030,A0
00005890   00000068           MVKH.S1       0x0000,A0
00005894   023c08c0           SUB.D1        A15,A0,A4
00005898   02100264           LDW.D1T1      *+A4[0],A4
0000589c   00006000           NOP           4
000058a0   031008f0           MV.D1         A4,A6
000058a4   023c02e6           LDW.D2T2      *+B15[0],B4
000058a8   00006000           NOP           4
000058ac   07bd0942           ADD.D2        B15,0x8,B15
000058b0   023c02e4           LDW.D2T1      *+B15[0],A4
000058b4   00006000           NOP           4
000058b8   07bd0942           ADD.D2        B15,0x8,B15
000058bc   0180002a           MVK.S2        0x0000,B3
000058c0   0180006a           MVKH.S2       0x0000,B3
000058c4   00000012           B.S2          0x0058c0
000058c8   00008000           NOP           5
000058cc            L$_ZNSt6string10assignFromEPKcj$ret2:
000058cc   07bd0942           ADD.D2        B15,0x8,B15
000058d0            L$_ZNSt6string10assignFromEPKcj$end1:
000058d0   00001828           MVK.S1        0x0030,A0
000058d4   00000068           MVKH.S1       0x0000,A0
000058d8   023c08c0           SUB.D1        A15,A0,A4
000058dc   02100264           LDW.D1T1      *+A4[0],A4
000058e0   00006000           NOP           4
000058e4   07bd09c2           SUB.D2        B15,0x8,B15
000058e8   023c02f4           STW.D2T1      A4,*+B15[0]
000058ec   00001a28           MVK.S1        0x0034,A0
000058f0   00000068           MVKH.S1       0x0000,A0
000058f4   023c08c0           SUB.D1        A15,A0,A4
000058f8   02100264           LDW.D1T1      *+A4[0],A4
000058fc   00006000           NOP           4
00005900   02108940           ADD.D1        A4,0x4,A4
00005904   031008f0           MV.D1         A4,A6
00005908   023c02e4           LDW.D2T1      *+B15[0],A4
0000590c   00006000           NOP           4
00005910   07bd0942           ADD.D2        B15,0x8,B15
00005914   02180274           STW.D1T1      A4,*+A6[0]
00005918   02000028           MVK.S1        0x0000,A4
0000591c   02000068           MVKH.S1       0x0000,A4
00005920   02131848           EXT.S1        A4,24,24,A4
00005924   07bd09c2           SUB.D2        B15,0x8,B15
00005928   023c02f4           STW.D2T1      A4,*+B15[0]
0000592c   00001a28           MVK.S1        0x0034,A0
00005930   00000068           MVKH.S1       0x0000,A0
00005934   023c08c0           SUB.D1        A15,A0,A4
00005938   02100264           LDW.D1T1      *+A4[0],A4
0000593c   00006000           NOP           4
00005940   02100264           LDW.D1T1      *+A4[0],A4
00005944   00006000           NOP           4
00005948   07bd09c2           SUB.D2        B15,0x8,B15
0000594c   023c02f4           STW.D2T1      A4,*+B15[0]
00005950   00001a28           MVK.S1        0x0034,A0
00005954   00000068           MVKH.S1       0x0000,A0
00005958   023c08c0           SUB.D1        A15,A0,A4
0000595c   02100264           LDW.D1T1      *+A4[0],A4
00005960   00006000           NOP           4
00005964   02108940           ADD.D1        A4,0x4,A4
00005968   02100264           LDW.D1T1      *+A4[0],A4
0000596c   00006000           NOP           4
00005970   07bd09c2           SUB.D2        B15,0x8,B15
00005974   023c02f4           STW.D2T1      A4,*+B15[0]
00005978   020000a8           MVK.S1        0x0001,A4
0000597c   02000068           MVKH.S1       0x0000,A4
00005980   031008f0           MV.D1         A4,A6
00005984   023c02e4           LDW.D2T1      *+B15[0],A4
00005988   00006000           NOP           4
0000598c   07bd0942           ADD.D2        B15,0x8,B15
00005990   02188800           MPY32.M1      A4,A6,A4
00005994   00004000           NOP           3
00005998   031008f0           MV.D1         A4,A6
0000599c   023c02e4           LDW.D2T1      *+B15[0],A4
000059a0   00006000           NOP           4
000059a4   07bd0942           ADD.D2        B15,0x8,B15
000059a8   0210c840           ADD.D1        A4,A6,A4
000059ac   031008f0           MV.D1         A4,A6
000059b0   023c02e4           LDW.D2T1      *+B15[0],A4
000059b4   00006000           NOP           4
000059b8   07bd0942           ADD.D2        B15,0x8,B15
000059bc   02180234           STB.D1T1      A4,*+A6[0]
000059c0   0200a358           MVK.L1        0,A4
000059c4            L$return$_ZNSt6string10assignFromEPKcj:
000059c4   01bc2066           LDW.D1T2      *-A15[1],B3
000059c8   07bc18f2           MV.D2X        A15,B15
000059cc   07bc0264           LDW.D1T1      *+A15[0],A15
000059d0   00006000           NOP           4
000059d4   000c0362           B.S2          B3
000059d8   00008000           NOP           5
000059dc            _ZNSt6string11appendBytesEPKcj:
000059dc   07bc02f4           STW.D2T1      A15,*+B15[0]
000059e0   07bc18f0           MV.D1X        B15,A15
000059e4   01bc2076           STW.D1T2      B3,*-A15[1]
000059e8   00001c2a           MVK.S2        0x0038,B0
000059ec   0000006a           MVKH.S2       0x0000,B0
000059f0   07bc08c2           SUB.D2        B15,B0,B15
000059f4   00001a28           MVK.S1        0x0034,A0
000059f8   00000068           MVKH.S1       0x0000,A0
000059fc   003c08c0           SUB.D1        A15,A0,A0
00005a00   02000274           STW.D1T1      A4,*+A0[0]
00005a04   021018f0           MV.D1X        B4,A4
00005a08   00001628           MVK.S1        0x002c,A0
00005a0c   00000068           MVKH.S1       0x0000,A0
00005a10   003c08c0           SUB.D1        A15,A0,A0
00005a14   02000274           STW.D1T1      A4,*+A0[0]
00005a18   021808f0           MV.D1         A6,A4
00005a1c   00001828           MVK.S1        0x0030,A0
00005a20   00000068           MVKH.S1       0x0000,A0
00005a24   003c08c0           SUB.D1        A15,A0,A0
00005a28   02000274           STW.D1T1      A4,*+A0[0]
00005a2c   00001828           MVK.S1        0x0030,A0
00005a30   00000068           MVKH.S1       0x0000,A0
00005a34   023c08c0           SUB.D1        A15,A0,A4
00005a38   02100264           LDW.D1T1      *+A4[0],A4
00005a3c   00006000           NOP           4
00005a40   07bd09c2           SUB.D2        B15,0x8,B15
00005a44   023c02f4           STW.D2T1      A4,*+B15[0]
00005a48   02000028           MVK.S1        0x0000,A4
00005a4c   02000068           MVKH.S1       0x0000,A4
00005a50   031008f0           MV.D1         A4,A6
00005a54   023c02e4           LDW.D2T1      *+B15[0],A4
00005a58   00006000           NOP           4
00005a5c   07bd0942           ADD.D2        B15,0x8,B15
00005a60   02188a78           CMPEQ.L1      A4,A6,A4
00005a64   02102bf0           XOR.D1        1,A4,A4
00005a68   02100a58           CMPEQ.L1      0,A4,A4
00005a6c   02102bf0           XOR.D1        1,A4,A4
00005a70   009008f0           MV.D1         A4,A1
00005a74   90009112    [!A1]  B.S2          L$_ZNSt6string11appendBytesEPKcj$end0 (PC+1160 = 0x00005ee8)
00005a78   00008000           NOP           5
00005a7c   00001a28           MVK.S1        0x0034,A0
00005a80   00000068           MVKH.S1       0x0000,A0
00005a84   023c08c0           SUB.D1        A15,A0,A4
00005a88   02100264           LDW.D1T1      *+A4[0],A4
00005a8c   00006000           NOP           4
00005a90   02108940           ADD.D1        A4,0x4,A4
00005a94   02100264           LDW.D1T1      *+A4[0],A4
00005a98   00006000           NOP           4
00005a9c   07bd09c2           SUB.D2        B15,0x8,B15
00005aa0   023c02f4           STW.D2T1      A4,*+B15[0]
00005aa4   00001828           MVK.S1        0x0030,A0
00005aa8   00000068           MVKH.S1       0x0000,A0
00005aac   023c08c0           SUB.D1        A15,A0,A4
00005ab0   02100264           LDW.D1T1      *+A4[0],A4
00005ab4   00006000           NOP           4
00005ab8   031008f0           MV.D1         A4,A6
00005abc   023c02e4           LDW.D2T1      *+B15[0],A4
00005ac0   00006000           NOP           4
00005ac4   07bd0942           ADD.D2        B15,0x8,B15
00005ac8   0210c840           ADD.D1        A4,A6,A4
00005acc   07bd09c2           SUB.D2        B15,0x8,B15
00005ad0   023c02f4           STW.D2T1      A4,*+B15[0]
00005ad4   00001a28           MVK.S1        0x0034,A0
00005ad8   00000068           MVKH.S1       0x0000,A0
00005adc   023c08c0           SUB.D1        A15,A0,A4
00005ae0   02100264           LDW.D1T1      *+A4[0],A4
00005ae4   00006000           NOP           4
00005ae8   02110940           ADD.D1        A4,0x8,A4
00005aec   02100264           LDW.D1T1      *+A4[0],A4
00005af0   00006000           NOP           4
00005af4   031008f0           MV.D1         A4,A6
00005af8   023c02e4           LDW.D2T1      *+B15[0],A4
00005afc   00006000           NOP           4
00005b00   07bd0942           ADD.D2        B15,0x8,B15
00005b04   021889f8           CMPGTU.L1     A4,A6,A4
00005b08   02100a58           CMPEQ.L1      0,A4,A4
00005b0c   02102bf0           XOR.D1        1,A4,A4
00005b10   009008f0           MV.D1         A4,A1
00005b14   90003a12    [!A1]  B.S2          L$_ZNSt6string11appendBytesEPKcj$end1 (PC+464 = 0x00005cd0)
00005b18   00008000           NOP           5
00005b1c   00001a28           MVK.S1        0x0034,A0
00005b20   00000068           MVKH.S1       0x0000,A0
00005b24   023c08c0           SUB.D1        A15,A0,A4
00005b28   02100264           LDW.D1T1      *+A4[0],A4
00005b2c   00006000           NOP           4
00005b30   02110940           ADD.D1        A4,0x8,A4
00005b34   02100264           LDW.D1T1      *+A4[0],A4
00005b38   00006000           NOP           4
00005b3c   07bd09c2           SUB.D2        B15,0x8,B15
00005b40   023c02f4           STW.D2T1      A4,*+B15[0]
00005b44   02000128           MVK.S1        0x0002,A4
00005b48   02000068           MVKH.S1       0x0000,A4
00005b4c   031008f0           MV.D1         A4,A6
00005b50   023c02e4           LDW.D2T1      *+B15[0],A4
00005b54   00006000           NOP           4
00005b58   07bd0942           ADD.D2        B15,0x8,B15
00005b5c   02188800           MPY32.M1      A4,A6,A4
00005b60   00004000           NOP           3
00005b64   07bd09c2           SUB.D2        B15,0x8,B15
00005b68   023c02f4           STW.D2T1      A4,*+B15[0]
00005b6c   00001c28           MVK.S1        0x0038,A0
00005b70   00000068           MVKH.S1       0x0000,A0
00005b74   023c08c0           SUB.D1        A15,A0,A4
00005b78   031008f0           MV.D1         A4,A6
00005b7c   023c02e4           LDW.D2T1      *+B15[0],A4
00005b80   00006000           NOP           4
00005b84   07bd0942           ADD.D2        B15,0x8,B15
00005b88   02180274           STW.D1T1      A4,*+A6[0]
00005b8c   07bd09c2           SUB.D2        B15,0x8,B15
00005b90   00001a28           MVK.S1        0x0034,A0
00005b94   00000068           MVKH.S1       0x0000,A0
00005b98   023c08c0           SUB.D1        A15,A0,A4
00005b9c   02100264           LDW.D1T1      *+A4[0],A4
00005ba0   00006000           NOP           4
00005ba4   07bd09c2           SUB.D2        B15,0x8,B15
00005ba8   023c02f4           STW.D2T1      A4,*+B15[0]
00005bac   00001a28           MVK.S1        0x0034,A0
00005bb0   00000068           MVKH.S1       0x0000,A0
00005bb4   023c08c0           SUB.D1        A15,A0,A4
00005bb8   02100264           LDW.D1T1      *+A4[0],A4
00005bbc   00006000           NOP           4
00005bc0   02108940           ADD.D1        A4,0x4,A4
00005bc4   02100264           LDW.D1T1      *+A4[0],A4
00005bc8   00006000           NOP           4
00005bcc   07bd09c2           SUB.D2        B15,0x8,B15
00005bd0   023c02f4           STW.D2T1      A4,*+B15[0]
00005bd4   00001828           MVK.S1        0x0030,A0
00005bd8   00000068           MVKH.S1       0x0000,A0
00005bdc   023c08c0           SUB.D1        A15,A0,A4
00005be0   02100264           LDW.D1T1      *+A4[0],A4
00005be4   00006000           NOP           4
00005be8   031008f0           MV.D1         A4,A6
00005bec   023c02e4           LDW.D2T1      *+B15[0],A4
00005bf0   00006000           NOP           4
00005bf4   07bd0942           ADD.D2        B15,0x8,B15
00005bf8   0210c840           ADD.D1        A4,A6,A4
00005bfc   07bd09c2           SUB.D2        B15,0x8,B15
00005c00   023c02f4           STW.D2T1      A4,*+B15[0]
00005c04   00001c28           MVK.S1        0x0038,A0
00005c08   00000068           MVKH.S1       0x0000,A0
00005c0c   023c08c0           SUB.D1        A15,A0,A4
00005c10   02100264           LDW.D1T1      *+A4[0],A4
00005c14   00006000           NOP           4
00005c18   031008f0           MV.D1         A4,A6
00005c1c   023c02e4           LDW.D2T1      *+B15[0],A4
00005c20   00006000           NOP           4
00005c24   07bd0942           ADD.D2        B15,0x8,B15
00005c28   021889f8           CMPGTU.L1     A4,A6,A4
00005c2c   02100a58           CMPEQ.L1      0,A4,A4
00005c30   02102bf0           XOR.D1        1,A4,A4
00005c34   009008f0           MV.D1         A4,A1
00005c38   90000f12    [!A1]  B.S2          L$_ZNSt6string11appendBytesEPKcj$else2 (PC+120 = 0x00005c98)
00005c3c   00008000           NOP           5
00005c40   00001a28           MVK.S1        0x0034,A0
00005c44   00000068           MVKH.S1       0x0000,A0
00005c48   023c08c0           SUB.D1        A15,A0,A4
00005c4c   02100264           LDW.D1T1      *+A4[0],A4
00005c50   00006000           NOP           4
00005c54   02108940           ADD.D1        A4,0x4,A4
00005c58   02100264           LDW.D1T1      *+A4[0],A4
00005c5c   00006000           NOP           4
00005c60   07bd09c2           SUB.D2        B15,0x8,B15
00005c64   023c02f4           STW.D2T1      A4,*+B15[0]
00005c68   00001828           MVK.S1        0x0030,A0
00005c6c   00000068           MVKH.S1       0x0000,A0
00005c70   023c08c0           SUB.D1        A15,A0,A4
00005c74   02100264           LDW.D1T1      *+A4[0],A4
00005c78   00006000           NOP           4
00005c7c   031008f0           MV.D1         A4,A6
00005c80   023c02e4           LDW.D2T1      *+B15[0],A4
00005c84   00006000           NOP           4
00005c88   07bd0942           ADD.D2        B15,0x8,B15
00005c8c   0210c840           ADD.D1        A4,A6,A4
00005c90   00000592           B.S2          L$_ZNSt6string11appendBytesEPKcj$end2 (PC+44 = 0x00005cac)
00005c94   00008000           NOP           5
00005c98            L$_ZNSt6string11appendBytesEPKcj$else2:
00005c98   00001c28           MVK.S1        0x0038,A0
00005c9c   00000068           MVKH.S1       0x0000,A0
00005ca0   023c08c0           SUB.D1        A15,A0,A4
00005ca4   02100264           LDW.D1T1      *+A4[0],A4
00005ca8   00006000           NOP           4
00005cac            L$_ZNSt6string11appendBytesEPKcj$end2:
00005cac   021018f2           MV.D2X        A4,B4
00005cb0   023c02e4           LDW.D2T1      *+B15[0],A4
00005cb4   00006000           NOP           4
00005cb8   07bd0942           ADD.D2        B15,0x8,B15
00005cbc   0180002a           MVK.S2        0x0000,B3
00005cc0   0180006a           MVKH.S2       0x0000,B3
00005cc4   00000012           B.S2          0x005cc0
00005cc8   00008000           NOP           5
00005ccc            L$_ZNSt6string11appendBytesEPKcj$ret3:
00005ccc   07bd0942           ADD.D2        B15,0x8,B15
00005cd0            L$_ZNSt6string11appendBytesEPKcj$end1:
00005cd0   07bd09c2           SUB.D2        B15,0x8,B15
00005cd4   00001a28           MVK.S1        0x0034,A0
00005cd8   00000068           MVKH.S1       0x0000,A0
00005cdc   023c08c0           SUB.D1        A15,A0,A4
00005ce0   02100264           LDW.D1T1      *+A4[0],A4
00005ce4   00006000           NOP           4
00005ce8   02100264           LDW.D1T1      *+A4[0],A4
00005cec   00006000           NOP           4
00005cf0   07bd09c2           SUB.D2        B15,0x8,B15
00005cf4   023c02f4           STW.D2T1      A4,*+B15[0]
00005cf8   00001a28           MVK.S1        0x0034,A0
00005cfc   00000068           MVKH.S1       0x0000,A0
00005d00   023c08c0           SUB.D1        A15,A0,A4
00005d04   02100264           LDW.D1T1      *+A4[0],A4
00005d08   00006000           NOP           4
00005d0c   02108940           ADD.D1        A4,0x4,A4
00005d10   02100264           LDW.D1T1      *+A4[0],A4
00005d14   00006000           NOP           4
00005d18   07bd09c2           SUB.D2        B15,0x8,B15
00005d1c   023c02f4           STW.D2T1      A4,*+B15[0]
00005d20   020000a8           MVK.S1        0x0001,A4
00005d24   02000068           MVKH.S1       0x0000,A4
00005d28   031008f0           MV.D1         A4,A6
00005d2c   023c02e4           LDW.D2T1      *+B15[0],A4
00005d30   00006000           NOP           4
00005d34   07bd0942           ADD.D2        B15,0x8,B15
00005d38   02188800           MPY32.M1      A4,A6,A4
00005d3c   00004000           NOP           3
00005d40   031008f0           MV.D1         A4,A6
00005d44   023c02e4           LDW.D2T1      *+B15[0],A4
00005d48   00006000           NOP           4
00005d4c   07bd0942           ADD.D2        B15,0x8,B15
00005d50   0210c840           ADD.D1        A4,A6,A4
00005d54   07bd09c2           SUB.D2        B15,0x8,B15
00005d58   023c02f4           STW.D2T1      A4,*+B15[0]
00005d5c   00001628           MVK.S1        0x002c,A0
00005d60   00000068           MVKH.S1       0x0000,A0
00005d64   023c08c0           SUB.D1        A15,A0,A4
00005d68   02100264           LDW.D1T1      *+A4[0],A4
00005d6c   00006000           NOP           4
00005d70   07bd09c2           SUB.D2        B15,0x8,B15
00005d74   023c02f4           STW.D2T1      A4,*+B15[0]
00005d78   00001828           MVK.S1        0x0030,A0
00005d7c   00000068           MVKH.S1       0x0000,A0
00005d80   023c08c0           SUB.D1        A15,A0,A4
00005d84   02100264           LDW.D1T1      *+A4[0],A4
00005d88   00006000           NOP           4
00005d8c   031008f0           MV.D1         A4,A6
00005d90   023c02e6           LDW.D2T2      *+B15[0],B4
00005d94   00006000           NOP           4
00005d98   07bd0942           ADD.D2        B15,0x8,B15
00005d9c   023c02e4           LDW.D2T1      *+B15[0],A4
00005da0   00006000           NOP           4
00005da4   07bd0942           ADD.D2        B15,0x8,B15
00005da8   0180002a           MVK.S2        0x0000,B3
00005dac   0180006a           MVKH.S2       0x0000,B3
00005db0   00000012           B.S2          0x005da0
00005db4   00008000           NOP           5
00005db8            L$_ZNSt6string11appendBytesEPKcj$ret4:
00005db8   07bd0942           ADD.D2        B15,0x8,B15
00005dbc   00001a28           MVK.S1        0x0034,A0
00005dc0   00000068           MVKH.S1       0x0000,A0
00005dc4   023c08c0           SUB.D1        A15,A0,A4
00005dc8   02100264           LDW.D1T1      *+A4[0],A4
00005dcc   00006000           NOP           4
00005dd0   02108940           ADD.D1        A4,0x4,A4
00005dd4   02100264           LDW.D1T1      *+A4[0],A4
00005dd8   00006000           NOP           4
00005ddc   07bd09c2           SUB.D2        B15,0x8,B15
00005de0   023c02f4           STW.D2T1      A4,*+B15[0]
00005de4   00001828           MVK.S1        0x0030,A0
00005de8   00000068           MVKH.S1       0x0000,A0
00005dec   023c08c0           SUB.D1        A15,A0,A4
00005df0   02100264           LDW.D1T1      *+A4[0],A4
00005df4   00006000           NOP           4
00005df8   031008f0           MV.D1         A4,A6
00005dfc   023c02e4           LDW.D2T1      *+B15[0],A4
00005e00   00006000           NOP           4
00005e04   07bd0942           ADD.D2        B15,0x8,B15
00005e08   0210c840           ADD.D1        A4,A6,A4
00005e0c   07bd09c2           SUB.D2        B15,0x8,B15
00005e10   023c02f4           STW.D2T1      A4,*+B15[0]
00005e14   00001a28           MVK.S1        0x0034,A0
00005e18   00000068           MVKH.S1       0x0000,A0
00005e1c   023c08c0           SUB.D1        A15,A0,A4
00005e20   02100264           LDW.D1T1      *+A4[0],A4
00005e24   00006000           NOP           4
00005e28   02108940           ADD.D1        A4,0x4,A4
00005e2c   031008f0           MV.D1         A4,A6
00005e30   023c02e4           LDW.D2T1      *+B15[0],A4
00005e34   00006000           NOP           4
00005e38   07bd0942           ADD.D2        B15,0x8,B15
00005e3c   02180274           STW.D1T1      A4,*+A6[0]
00005e40   02000028           MVK.S1        0x0000,A4
00005e44   02000068           MVKH.S1       0x0000,A4
00005e48   02131848           EXT.S1        A4,24,24,A4
00005e4c   07bd09c2           SUB.D2        B15,0x8,B15
00005e50   023c02f4           STW.D2T1      A4,*+B15[0]
00005e54   00001a28           MVK.S1        0x0034,A0
00005e58   00000068           MVKH.S1       0x0000,A0
00005e5c   023c08c0           SUB.D1        A15,A0,A4
00005e60   02100264           LDW.D1T1      *+A4[0],A4
00005e64   00006000           NOP           4
00005e68   02100264           LDW.D1T1      *+A4[0],A4
00005e6c   00006000           NOP           4
00005e70   07bd09c2           SUB.D2        B15,0x8,B15
00005e74   023c02f4           STW.D2T1      A4,*+B15[0]
00005e78   00001a28           MVK.S1        0x0034,A0
00005e7c   00000068           MVKH.S1       0x0000,A0
00005e80   023c08c0           SUB.D1        A15,A0,A4
00005e84   02100264           LDW.D1T1      *+A4[0],A4
00005e88   00006000           NOP           4
00005e8c   02108940           ADD.D1        A4,0x4,A4
00005e90   02100264           LDW.D1T1      *+A4[0],A4
00005e94   00006000           NOP           4
00005e98   07bd09c2           SUB.D2        B15,0x8,B15
00005e9c   023c02f4           STW.D2T1      A4,*+B15[0]
00005ea0   020000a8           MVK.S1        0x0001,A4
00005ea4   02000068           MVKH.S1       0x0000,A4
00005ea8   031008f0           MV.D1         A4,A6
00005eac   023c02e4           LDW.D2T1      *+B15[0],A4
00005eb0   00006000           NOP           4
00005eb4   07bd0942           ADD.D2        B15,0x8,B15
00005eb8   02188800           MPY32.M1      A4,A6,A4
00005ebc   00004000           NOP           3
00005ec0   031008f0           MV.D1         A4,A6
00005ec4   023c02e4           LDW.D2T1      *+B15[0],A4
00005ec8   00006000           NOP           4
00005ecc   07bd0942           ADD.D2        B15,0x8,B15
00005ed0   0210c840           ADD.D1        A4,A6,A4
00005ed4   031008f0           MV.D1         A4,A6
00005ed8   023c02e4           LDW.D2T1      *+B15[0],A4
00005edc   00006000           NOP           4
00005ee0   07bd0942           ADD.D2        B15,0x8,B15
00005ee4   02180234           STB.D1T1      A4,*+A6[0]
00005ee8            L$_ZNSt6string11appendBytesEPKcj$end0:
00005ee8   00001a28           MVK.S1        0x0034,A0
00005eec   00000068           MVKH.S1       0x0000,A0
00005ef0   023c08c0           SUB.D1        A15,A0,A4
00005ef4   02100264           LDW.D1T1      *+A4[0],A4
00005ef8   00006000           NOP           4
00005efc   00000512           B.S2          L$return$_ZNSt6string11appendBytesEPKcj (PC+40 = 0x00005f08)
00005f00   00008000           NOP           5
00005f04   0200a358           MVK.L1        0,A4
00005f08            L$return$_ZNSt6string11appendBytesEPKcj:
00005f08   01bc2066           LDW.D1T2      *-A15[1],B3
00005f0c   07bc18f2           MV.D2X        A15,B15
00005f10   07bc0264           LDW.D1T1      *+A15[0],A15
00005f14   00006000           NOP           4
00005f18   000c0362           B.S2          B3
00005f1c   00008000           NOP           5
00005f20            _ZLNSteqERKSt6stringS1_:
00005f20   07bc02f4           STW.D2T1      A15,*+B15[0]
00005f24   07bc18f0           MV.D1X        B15,A15
00005f28   01bc2076           STW.D1T2      B3,*-A15[1]
00005f2c   00001c2a           MVK.S2        0x0038,B0
00005f30   0000006a           MVKH.S2       0x0000,B0
00005f34   07bc08c2           SUB.D2        B15,B0,B15
00005f38   00001628           MVK.S1        0x002c,A0
00005f3c   00000068           MVKH.S1       0x0000,A0
00005f40   003c08c0           SUB.D1        A15,A0,A0
00005f44   02000274           STW.D1T1      A4,*+A0[0]
00005f48   021018f0           MV.D1X        B4,A4
00005f4c   00001828           MVK.S1        0x0030,A0
00005f50   00000068           MVKH.S1       0x0000,A0
00005f54   003c08c0           SUB.D1        A15,A0,A0
00005f58   02000274           STW.D1T1      A4,*+A0[0]
00005f5c   07bd09c2           SUB.D2        B15,0x8,B15
00005f60   00001628           MVK.S1        0x002c,A0
00005f64   00000068           MVKH.S1       0x0000,A0
00005f68   023c08c0           SUB.D1        A15,A0,A4
00005f6c   02100264           LDW.D1T1      *+A4[0],A4
00005f70   00006000           NOP           4
00005f74   07bd09c2           SUB.D2        B15,0x8,B15
00005f78   023c02f4           STW.D2T1      A4,*+B15[0]
00005f7c   00001828           MVK.S1        0x0030,A0
00005f80   00000068           MVKH.S1       0x0000,A0
00005f84   023c08c0           SUB.D1        A15,A0,A4
00005f88   02100264           LDW.D1T1      *+A4[0],A4
00005f8c   00006000           NOP           4
00005f90   021018f2           MV.D2X        A4,B4
00005f94   023c02e4           LDW.D2T1      *+B15[0],A4
00005f98   00006000           NOP           4
00005f9c   07bd0942           ADD.D2        B15,0x8,B15
00005fa0   0180002a           MVK.S2        0x0000,B3
00005fa4   0180006a           MVKH.S2       0x0000,B3
00005fa8   00000012           B.S2          0x005fa0
00005fac   00008000           NOP           5
00005fb0            L$_ZLNSteqERKSt6stringS1_$ret0:
00005fb0   07bd0942           ADD.D2        B15,0x8,B15
00005fb4   07bd09c2           SUB.D2        B15,0x8,B15
00005fb8   023c02f4           STW.D2T1      A4,*+B15[0]
00005fbc   02000028           MVK.S1        0x0000,A4
00005fc0   02000068           MVKH.S1       0x0000,A4
00005fc4   031008f0           MV.D1         A4,A6
00005fc8   023c02e4           LDW.D2T1      *+B15[0],A4
00005fcc   00006000           NOP           4
00005fd0   07bd0942           ADD.D2        B15,0x8,B15
00005fd4   02188a78           CMPEQ.L1      A4,A6,A4
00005fd8   00000492           B.S2          L$return$_ZLNSteqERKSt6stringS1_ (PC+36 = 0x00005fe4)
00005fdc   00008000           NOP           5
00005fe0   0200a358           MVK.L1        0,A4
00005fe4            L$return$_ZLNSteqERKSt6stringS1_:
00005fe4   01bc2066           LDW.D1T2      *-A15[1],B3
00005fe8   07bc18f2           MV.D2X        A15,B15
00005fec   07bc0264           LDW.D1T1      *+A15[0],A15
00005ff0   00006000           NOP           4
00005ff4   000c0362           B.S2          B3
00005ff8   00008000           NOP           5
00005ffc            _ZLNSteqERKSt6stringPKc:
00005ffc   07bc02f4           STW.D2T1      A15,*+B15[0]
00006000   07bc18f0           MV.D1X        B15,A15
00006004   01bc2076           STW.D1T2      B3,*-A15[1]
00006008   00001c2a           MVK.S2        0x0038,B0
0000600c   0000006a           MVKH.S2       0x0000,B0
00006010   07bc08c2           SUB.D2        B15,B0,B15
00006014   00001628           MVK.S1        0x002c,A0
00006018   00000068           MVKH.S1       0x0000,A0
0000601c   003c08c0           SUB.D1        A15,A0,A0
00006020   02000274           STW.D1T1      A4,*+A0[0]
00006024   021018f0           MV.D1X        B4,A4
00006028   00001828           MVK.S1        0x0030,A0
0000602c   00000068           MVKH.S1       0x0000,A0
00006030   003c08c0           SUB.D1        A15,A0,A0
00006034   02000274           STW.D1T1      A4,*+A0[0]
00006038   07bd09c2           SUB.D2        B15,0x8,B15
0000603c   00001628           MVK.S1        0x002c,A0
00006040   00000068           MVKH.S1       0x0000,A0
00006044   023c08c0           SUB.D1        A15,A0,A4
00006048   02100264           LDW.D1T1      *+A4[0],A4
0000604c   00006000           NOP           4
00006050   07bd09c2           SUB.D2        B15,0x8,B15
00006054   023c02f4           STW.D2T1      A4,*+B15[0]
00006058   00001828           MVK.S1        0x0030,A0
0000605c   00000068           MVKH.S1       0x0000,A0
00006060   023c08c0           SUB.D1        A15,A0,A4
00006064   02100264           LDW.D1T1      *+A4[0],A4
00006068   00006000           NOP           4
0000606c   021018f2           MV.D2X        A4,B4
00006070   023c02e4           LDW.D2T1      *+B15[0],A4
00006074   00006000           NOP           4
00006078   07bd0942           ADD.D2        B15,0x8,B15
0000607c   0180002a           MVK.S2        0x0000,B3
00006080   0180006a           MVKH.S2       0x0000,B3
00006084   00000012           B.S2          0x006080
00006088   00008000           NOP           5
0000608c            L$_ZLNSteqERKSt6stringPKc$ret0:
0000608c   07bd0942           ADD.D2        B15,0x8,B15
00006090   07bd09c2           SUB.D2        B15,0x8,B15
00006094   023c02f4           STW.D2T1      A4,*+B15[0]
00006098   02000028           MVK.S1        0x0000,A4
0000609c   02000068           MVKH.S1       0x0000,A4
000060a0   031008f0           MV.D1         A4,A6
000060a4   023c02e4           LDW.D2T1      *+B15[0],A4
000060a8   00006000           NOP           4
000060ac   07bd0942           ADD.D2        B15,0x8,B15
000060b0   02188a78           CMPEQ.L1      A4,A6,A4
000060b4   00000412           B.S2          L$return$_ZLNSteqERKSt6stringPKc (PC+32 = 0x000060c0)
000060b8   00008000           NOP           5
000060bc   0200a358           MVK.L1        0,A4
000060c0            L$return$_ZLNSteqERKSt6stringPKc:
000060c0   01bc2066           LDW.D1T2      *-A15[1],B3
000060c4   07bc18f2           MV.D2X        A15,B15
000060c8   07bc0264           LDW.D1T1      *+A15[0],A15
000060cc   00006000           NOP           4
000060d0   000c0362           B.S2          B3
000060d4   00008000           NOP           5
000060d8            _ZLNSteqEPKcRKSt6string:
000060d8   07bc02f4           STW.D2T1      A15,*+B15[0]
000060dc   07bc18f0           MV.D1X        B15,A15
000060e0   01bc2076           STW.D1T2      B3,*-A15[1]
000060e4   00001c2a           MVK.S2        0x0038,B0
000060e8   0000006a           MVKH.S2       0x0000,B0
000060ec   07bc08c2           SUB.D2        B15,B0,B15
000060f0   00001628           MVK.S1        0x002c,A0
000060f4   00000068           MVKH.S1       0x0000,A0
000060f8   003c08c0           SUB.D1        A15,A0,A0
000060fc   02000274           STW.D1T1      A4,*+A0[0]
00006100   021018f0           MV.D1X        B4,A4
00006104   00001828           MVK.S1        0x0030,A0
00006108   00000068           MVKH.S1       0x0000,A0
0000610c   003c08c0           SUB.D1        A15,A0,A0
00006110   02000274           STW.D1T1      A4,*+A0[0]
00006114   07bd09c2           SUB.D2        B15,0x8,B15
00006118   00001828           MVK.S1        0x0030,A0
0000611c   00000068           MVKH.S1       0x0000,A0
00006120   023c08c0           SUB.D1        A15,A0,A4
00006124   02100264           LDW.D1T1      *+A4[0],A4
00006128   00006000           NOP           4
0000612c   07bd09c2           SUB.D2        B15,0x8,B15
00006130   023c02f4           STW.D2T1      A4,*+B15[0]
00006134   00001628           MVK.S1        0x002c,A0
00006138   00000068           MVKH.S1       0x0000,A0
0000613c   023c08c0           SUB.D1        A15,A0,A4
00006140   02100264           LDW.D1T1      *+A4[0],A4
00006144   00006000           NOP           4
00006148   021018f2           MV.D2X        A4,B4
0000614c   023c02e4           LDW.D2T1      *+B15[0],A4
00006150   00006000           NOP           4
00006154   07bd0942           ADD.D2        B15,0x8,B15
00006158   0180002a           MVK.S2        0x0000,B3
0000615c   0180006a           MVKH.S2       0x0000,B3
00006160   00000012           B.S2          0x006160
00006164   00008000           NOP           5
00006168            L$_ZLNSteqEPKcRKSt6string$ret0:
00006168   07bd0942           ADD.D2        B15,0x8,B15
0000616c   07bd09c2           SUB.D2        B15,0x8,B15
00006170   023c02f4           STW.D2T1      A4,*+B15[0]
00006174   02000028           MVK.S1        0x0000,A4
00006178   02000068           MVKH.S1       0x0000,A4
0000617c   031008f0           MV.D1         A4,A6
00006180   023c02e4           LDW.D2T1      *+B15[0],A4
00006184   00006000           NOP           4
00006188   07bd0942           ADD.D2        B15,0x8,B15
0000618c   02188a78           CMPEQ.L1      A4,A6,A4
00006190   00000392           B.S2          L$return$_ZLNSteqEPKcRKSt6string (PC+28 = 0x0000619c)
00006194   00008000           NOP           5
00006198   0200a358           MVK.L1        0,A4
0000619c            L$return$_ZLNSteqEPKcRKSt6string:
0000619c   01bc2066           LDW.D1T2      *-A15[1],B3
000061a0   07bc18f2           MV.D2X        A15,B15
000061a4   07bc0264           LDW.D1T1      *+A15[0],A15
000061a8   00006000           NOP           4
000061ac   000c0362           B.S2          B3
000061b0   00008000           NOP           5
000061b4            _ZLNStneERKSt6stringS1_:
000061b4   07bc02f4           STW.D2T1      A15,*+B15[0]
000061b8   07bc18f0           MV.D1X        B15,A15
000061bc   01bc2076           STW.D1T2      B3,*-A15[1]
000061c0   00001c2a           MVK.S2        0x0038,B0
000061c4   0000006a           MVKH.S2       0x0000,B0
000061c8   07bc08c2           SUB.D2        B15,B0,B15
000061cc   00001628           MVK.S1        0x002c,A0
000061d0   00000068           MVKH.S1       0x0000,A0
000061d4   003c08c0           SUB.D1        A15,A0,A0
000061d8   02000274           STW.D1T1      A4,*+A0[0]
000061dc   021018f0           MV.D1X        B4,A4
000061e0   00001828           MVK.S1        0x0030,A0
000061e4   00000068           MVKH.S1       0x0000,A0
000061e8   003c08c0           SUB.D1        A15,A0,A0
000061ec   02000274           STW.D1T1      A4,*+A0[0]
000061f0   07bd09c2           SUB.D2        B15,0x8,B15
000061f4   00001628           MVK.S1        0x002c,A0
000061f8   00000068           MVKH.S1       0x0000,A0
000061fc   023c08c0           SUB.D1        A15,A0,A4
00006200   02100264           LDW.D1T1      *+A4[0],A4
00006204   00006000           NOP           4
00006208   07bd09c2           SUB.D2        B15,0x8,B15
0000620c   023c02f4           STW.D2T1      A4,*+B15[0]
00006210   00001828           MVK.S1        0x0030,A0
00006214   00000068           MVKH.S1       0x0000,A0
00006218   023c08c0           SUB.D1        A15,A0,A4
0000621c   02100264           LDW.D1T1      *+A4[0],A4
00006220   00006000           NOP           4
00006224   021018f2           MV.D2X        A4,B4
00006228   023c02e4           LDW.D2T1      *+B15[0],A4
0000622c   00006000           NOP           4
00006230   07bd0942           ADD.D2        B15,0x8,B15
00006234   0180002a           MVK.S2        0x0000,B3
00006238   0180006a           MVKH.S2       0x0000,B3
0000623c   00000012           B.S2          0x006220
00006240   00008000           NOP           5
00006244            L$_ZLNStneERKSt6stringS1_$ret0:
00006244   07bd0942           ADD.D2        B15,0x8,B15
00006248   07bd09c2           SUB.D2        B15,0x8,B15
0000624c   023c02f4           STW.D2T1      A4,*+B15[0]
00006250   02000028           MVK.S1        0x0000,A4
00006254   02000068           MVKH.S1       0x0000,A4
00006258   031008f0           MV.D1         A4,A6
0000625c   023c02e4           LDW.D2T1      *+B15[0],A4
00006260   00006000           NOP           4
00006264   07bd0942           ADD.D2        B15,0x8,B15
00006268   02188a78           CMPEQ.L1      A4,A6,A4
0000626c   02102bf0           XOR.D1        1,A4,A4
00006270   00000392           B.S2          L$return$_ZLNStneERKSt6stringS1_ (PC+28 = 0x0000627c)
00006274   00008000           NOP           5
00006278   0200a358           MVK.L1        0,A4
0000627c            L$return$_ZLNStneERKSt6stringS1_:
0000627c   01bc2066           LDW.D1T2      *-A15[1],B3
00006280   07bc18f2           MV.D2X        A15,B15
00006284   07bc0264           LDW.D1T1      *+A15[0],A15
00006288   00006000           NOP           4
0000628c   000c0362           B.S2          B3
00006290   00008000           NOP           5
00006294            _ZLNStneERKSt6stringPKc:
00006294   07bc02f4           STW.D2T1      A15,*+B15[0]
00006298   07bc18f0           MV.D1X        B15,A15
0000629c   01bc2076           STW.D1T2      B3,*-A15[1]
000062a0   00001c2a           MVK.S2        0x0038,B0
000062a4   0000006a           MVKH.S2       0x0000,B0
000062a8   07bc08c2           SUB.D2        B15,B0,B15
000062ac   00001628           MVK.S1        0x002c,A0
000062b0   00000068           MVKH.S1       0x0000,A0
000062b4   003c08c0           SUB.D1        A15,A0,A0
000062b8   02000274           STW.D1T1      A4,*+A0[0]
000062bc   021018f0           MV.D1X        B4,A4
000062c0   00001828           MVK.S1        0x0030,A0
000062c4   00000068           MVKH.S1       0x0000,A0
000062c8   003c08c0           SUB.D1        A15,A0,A0
000062cc   02000274           STW.D1T1      A4,*+A0[0]
000062d0   07bd09c2           SUB.D2        B15,0x8,B15
000062d4   00001628           MVK.S1        0x002c,A0
000062d8   00000068           MVKH.S1       0x0000,A0
000062dc   023c08c0           SUB.D1        A15,A0,A4
000062e0   02100264           LDW.D1T1      *+A4[0],A4
000062e4   00006000           NOP           4
000062e8   07bd09c2           SUB.D2        B15,0x8,B15
000062ec   023c02f4           STW.D2T1      A4,*+B15[0]
000062f0   00001828           MVK.S1        0x0030,A0
000062f4   00000068           MVKH.S1       0x0000,A0
000062f8   023c08c0           SUB.D1        A15,A0,A4
000062fc   02100264           LDW.D1T1      *+A4[0],A4
00006300   00006000           NOP           4
00006304   021018f2           MV.D2X        A4,B4
00006308   023c02e4           LDW.D2T1      *+B15[0],A4
0000630c   00006000           NOP           4
00006310   07bd0942           ADD.D2        B15,0x8,B15
00006314   0180002a           MVK.S2        0x0000,B3
00006318   0180006a           MVKH.S2       0x0000,B3
0000631c   00000012           B.S2          0x006300
00006320   00008000           NOP           5
00006324            L$_ZLNStneERKSt6stringPKc$ret0:
00006324   07bd0942           ADD.D2        B15,0x8,B15
00006328   07bd09c2           SUB.D2        B15,0x8,B15
0000632c   023c02f4           STW.D2T1      A4,*+B15[0]
00006330   02000028           MVK.S1        0x0000,A4
00006334   02000068           MVKH.S1       0x0000,A4
00006338   031008f0           MV.D1         A4,A6
0000633c   023c02e4           LDW.D2T1      *+B15[0],A4
00006340   00006000           NOP           4
00006344   07bd0942           ADD.D2        B15,0x8,B15
00006348   02188a78           CMPEQ.L1      A4,A6,A4
0000634c   02102bf0           XOR.D1        1,A4,A4
00006350   00000392           B.S2          L$return$_ZLNStneERKSt6stringPKc (PC+28 = 0x0000635c)
00006354   00008000           NOP           5
00006358   0200a358           MVK.L1        0,A4
0000635c            L$return$_ZLNStneERKSt6stringPKc:
0000635c   01bc2066           LDW.D1T2      *-A15[1],B3
00006360   07bc18f2           MV.D2X        A15,B15
00006364   07bc0264           LDW.D1T1      *+A15[0],A15
00006368   00006000           NOP           4
0000636c   000c0362           B.S2          B3
00006370   00008000           NOP           5
00006374            _ZLNStneEPKcRKSt6string:
00006374   07bc02f4           STW.D2T1      A15,*+B15[0]
00006378   07bc18f0           MV.D1X        B15,A15
0000637c   01bc2076           STW.D1T2      B3,*-A15[1]
00006380   00001c2a           MVK.S2        0x0038,B0
00006384   0000006a           MVKH.S2       0x0000,B0
00006388   07bc08c2           SUB.D2        B15,B0,B15
0000638c   00001628           MVK.S1        0x002c,A0
00006390   00000068           MVKH.S1       0x0000,A0
00006394   003c08c0           SUB.D1        A15,A0,A0
00006398   02000274           STW.D1T1      A4,*+A0[0]
0000639c   021018f0           MV.D1X        B4,A4
000063a0   00001828           MVK.S1        0x0030,A0
000063a4   00000068           MVKH.S1       0x0000,A0
000063a8   003c08c0           SUB.D1        A15,A0,A0
000063ac   02000274           STW.D1T1      A4,*+A0[0]
000063b0   07bd09c2           SUB.D2        B15,0x8,B15
000063b4   00001828           MVK.S1        0x0030,A0
000063b8   00000068           MVKH.S1       0x0000,A0
000063bc   023c08c0           SUB.D1        A15,A0,A4
000063c0   02100264           LDW.D1T1      *+A4[0],A4
000063c4   00006000           NOP           4
000063c8   07bd09c2           SUB.D2        B15,0x8,B15
000063cc   023c02f4           STW.D2T1      A4,*+B15[0]
000063d0   00001628           MVK.S1        0x002c,A0
000063d4   00000068           MVKH.S1       0x0000,A0
000063d8   023c08c0           SUB.D1        A15,A0,A4
000063dc   02100264           LDW.D1T1      *+A4[0],A4
000063e0   00006000           NOP           4
000063e4   021018f2           MV.D2X        A4,B4
000063e8   023c02e4           LDW.D2T1      *+B15[0],A4
000063ec   00006000           NOP           4
000063f0   07bd0942           ADD.D2        B15,0x8,B15
000063f4   0180002a           MVK.S2        0x0000,B3
000063f8   0180006a           MVKH.S2       0x0000,B3
000063fc   00000012           B.S2          0x0063e0
00006400   00008000           NOP           5
00006404            L$_ZLNStneEPKcRKSt6string$ret0:
00006404   07bd0942           ADD.D2        B15,0x8,B15
00006408   07bd09c2           SUB.D2        B15,0x8,B15
0000640c   023c02f4           STW.D2T1      A4,*+B15[0]
00006410   02000028           MVK.S1        0x0000,A4
00006414   02000068           MVKH.S1       0x0000,A4
00006418   031008f0           MV.D1         A4,A6
0000641c   023c02e4           LDW.D2T1      *+B15[0],A4
00006420   00006000           NOP           4
00006424   07bd0942           ADD.D2        B15,0x8,B15
00006428   02188a78           CMPEQ.L1      A4,A6,A4
0000642c   02102bf0           XOR.D1        1,A4,A4
00006430   00000392           B.S2          L$return$_ZLNStneEPKcRKSt6string (PC+28 = 0x0000643c)
00006434   00008000           NOP           5
00006438   0200a358           MVK.L1        0,A4
0000643c            L$return$_ZLNStneEPKcRKSt6string:
0000643c   01bc2066           LDW.D1T2      *-A15[1],B3
00006440   07bc18f2           MV.D2X        A15,B15
00006444   07bc0264           LDW.D1T1      *+A15[0],A15
00006448   00006000           NOP           4
0000644c   000c0362           B.S2          B3
00006450   00008000           NOP           5
00006454            _ZLNStltERKSt6stringS1_:
00006454   07bc02f4           STW.D2T1      A15,*+B15[0]
00006458   07bc18f0           MV.D1X        B15,A15
0000645c   01bc2076           STW.D1T2      B3,*-A15[1]
00006460   00001c2a           MVK.S2        0x0038,B0
00006464   0000006a           MVKH.S2       0x0000,B0
00006468   07bc08c2           SUB.D2        B15,B0,B15
0000646c   00001628           MVK.S1        0x002c,A0
00006470   00000068           MVKH.S1       0x0000,A0
00006474   003c08c0           SUB.D1        A15,A0,A0
00006478   02000274           STW.D1T1      A4,*+A0[0]
0000647c   021018f0           MV.D1X        B4,A4
00006480   00001828           MVK.S1        0x0030,A0
00006484   00000068           MVKH.S1       0x0000,A0
00006488   003c08c0           SUB.D1        A15,A0,A0
0000648c   02000274           STW.D1T1      A4,*+A0[0]
00006490   07bd09c2           SUB.D2        B15,0x8,B15
00006494   00001628           MVK.S1        0x002c,A0
00006498   00000068           MVKH.S1       0x0000,A0
0000649c   023c08c0           SUB.D1        A15,A0,A4
000064a0   02100264           LDW.D1T1      *+A4[0],A4
000064a4   00006000           NOP           4
000064a8   07bd09c2           SUB.D2        B15,0x8,B15
000064ac   023c02f4           STW.D2T1      A4,*+B15[0]
000064b0   00001828           MVK.S1        0x0030,A0
000064b4   00000068           MVKH.S1       0x0000,A0
000064b8   023c08c0           SUB.D1        A15,A0,A4
000064bc   02100264           LDW.D1T1      *+A4[0],A4
000064c0   00006000           NOP           4
000064c4   021018f2           MV.D2X        A4,B4
000064c8   023c02e4           LDW.D2T1      *+B15[0],A4
000064cc   00006000           NOP           4
000064d0   07bd0942           ADD.D2        B15,0x8,B15
000064d4   0180002a           MVK.S2        0x0000,B3
000064d8   0180006a           MVKH.S2       0x0000,B3
000064dc   00000012           B.S2          0x0064c0
000064e0   00008000           NOP           5
000064e4            L$_ZLNStltERKSt6stringS1_$ret0:
000064e4   07bd0942           ADD.D2        B15,0x8,B15
000064e8   07bd09c2           SUB.D2        B15,0x8,B15
000064ec   023c02f4           STW.D2T1      A4,*+B15[0]
000064f0   02000028           MVK.S1        0x0000,A4
000064f4   02000068           MVKH.S1       0x0000,A4
000064f8   031008f0           MV.D1         A4,A6
000064fc   023c02e4           LDW.D2T1      *+B15[0],A4
00006500   00006000           NOP           4
00006504   07bd0942           ADD.D2        B15,0x8,B15
00006508   02188af8           CMPLT.L1      A4,A6,A4
0000650c   00000312           B.S2          L$return$_ZLNStltERKSt6stringS1_ (PC+24 = 0x00006518)
00006510   00008000           NOP           5
00006514   0200a358           MVK.L1        0,A4
00006518            L$return$_ZLNStltERKSt6stringS1_:
00006518   01bc2066           LDW.D1T2      *-A15[1],B3
0000651c   07bc18f2           MV.D2X        A15,B15
00006520   07bc0264           LDW.D1T1      *+A15[0],A15
00006524   00006000           NOP           4
00006528   000c0362           B.S2          B3
0000652c   00008000           NOP           5
00006530            _ZLNStgtERKSt6stringS1_:
00006530   07bc02f4           STW.D2T1      A15,*+B15[0]
00006534   07bc18f0           MV.D1X        B15,A15
00006538   01bc2076           STW.D1T2      B3,*-A15[1]
0000653c   00001c2a           MVK.S2        0x0038,B0
00006540   0000006a           MVKH.S2       0x0000,B0
00006544   07bc08c2           SUB.D2        B15,B0,B15
00006548   00001628           MVK.S1        0x002c,A0
0000654c   00000068           MVKH.S1       0x0000,A0
00006550   003c08c0           SUB.D1        A15,A0,A0
00006554   02000274           STW.D1T1      A4,*+A0[0]
00006558   021018f0           MV.D1X        B4,A4
0000655c   00001828           MVK.S1        0x0030,A0
00006560   00000068           MVKH.S1       0x0000,A0
00006564   003c08c0           SUB.D1        A15,A0,A0
00006568   02000274           STW.D1T1      A4,*+A0[0]
0000656c   07bd09c2           SUB.D2        B15,0x8,B15
00006570   00001628           MVK.S1        0x002c,A0
00006574   00000068           MVKH.S1       0x0000,A0
00006578   023c08c0           SUB.D1        A15,A0,A4
0000657c   02100264           LDW.D1T1      *+A4[0],A4
00006580   00006000           NOP           4
00006584   07bd09c2           SUB.D2        B15,0x8,B15
00006588   023c02f4           STW.D2T1      A4,*+B15[0]
0000658c   00001828           MVK.S1        0x0030,A0
00006590   00000068           MVKH.S1       0x0000,A0
00006594   023c08c0           SUB.D1        A15,A0,A4
00006598   02100264           LDW.D1T1      *+A4[0],A4
0000659c   00006000           NOP           4
000065a0   021018f2           MV.D2X        A4,B4
000065a4   023c02e4           LDW.D2T1      *+B15[0],A4
000065a8   00006000           NOP           4
000065ac   07bd0942           ADD.D2        B15,0x8,B15
000065b0   0180002a           MVK.S2        0x0000,B3
000065b4   0180006a           MVKH.S2       0x0000,B3
000065b8   00000012           B.S2          0x0065a0
000065bc   00008000           NOP           5
000065c0            L$_ZLNStgtERKSt6stringS1_$ret0:
000065c0   07bd0942           ADD.D2        B15,0x8,B15
000065c4   07bd09c2           SUB.D2        B15,0x8,B15
000065c8   023c02f4           STW.D2T1      A4,*+B15[0]
000065cc   02000028           MVK.S1        0x0000,A4
000065d0   02000068           MVKH.S1       0x0000,A4
000065d4   031008f0           MV.D1         A4,A6
000065d8   023c02e4           LDW.D2T1      *+B15[0],A4
000065dc   00006000           NOP           4
000065e0   07bd0942           ADD.D2        B15,0x8,B15
000065e4   021888f8           CMPGT.L1      A4,A6,A4
000065e8   00000292           B.S2          L$return$_ZLNStgtERKSt6stringS1_ (PC+20 = 0x000065f4)
000065ec   00008000           NOP           5
000065f0   0200a358           MVK.L1        0,A4
000065f4            L$return$_ZLNStgtERKSt6stringS1_:
000065f4   01bc2066           LDW.D1T2      *-A15[1],B3
000065f8   07bc18f2           MV.D2X        A15,B15
000065fc   07bc0264           LDW.D1T1      *+A15[0],A15
00006600   00006000           NOP           4
00006604   000c0362           B.S2          B3
00006608   00008000           NOP           5
0000660c            _ZLNStleERKSt6stringS1_:
0000660c   07bc02f4           STW.D2T1      A15,*+B15[0]
00006610   07bc18f0           MV.D1X        B15,A15
00006614   01bc2076           STW.D1T2      B3,*-A15[1]
00006618   00001c2a           MVK.S2        0x0038,B0
0000661c   0000006a           MVKH.S2       0x0000,B0
00006620   07bc08c2           SUB.D2        B15,B0,B15
00006624   00001628           MVK.S1        0x002c,A0
00006628   00000068           MVKH.S1       0x0000,A0
0000662c   003c08c0           SUB.D1        A15,A0,A0
00006630   02000274           STW.D1T1      A4,*+A0[0]
00006634   021018f0           MV.D1X        B4,A4
00006638   00001828           MVK.S1        0x0030,A0
0000663c   00000068           MVKH.S1       0x0000,A0
00006640   003c08c0           SUB.D1        A15,A0,A0
00006644   02000274           STW.D1T1      A4,*+A0[0]
00006648   07bd09c2           SUB.D2        B15,0x8,B15
0000664c   00001628           MVK.S1        0x002c,A0
00006650   00000068           MVKH.S1       0x0000,A0
00006654   023c08c0           SUB.D1        A15,A0,A4
00006658   02100264           LDW.D1T1      *+A4[0],A4
0000665c   00006000           NOP           4
00006660   07bd09c2           SUB.D2        B15,0x8,B15
00006664   023c02f4           STW.D2T1      A4,*+B15[0]
00006668   00001828           MVK.S1        0x0030,A0
0000666c   00000068           MVKH.S1       0x0000,A0
00006670   023c08c0           SUB.D1        A15,A0,A4
00006674   02100264           LDW.D1T1      *+A4[0],A4
00006678   00006000           NOP           4
0000667c   021018f2           MV.D2X        A4,B4
00006680   023c02e4           LDW.D2T1      *+B15[0],A4
00006684   00006000           NOP           4
00006688   07bd0942           ADD.D2        B15,0x8,B15
0000668c   0180002a           MVK.S2        0x0000,B3
00006690   0180006a           MVKH.S2       0x0000,B3
00006694   00000012           B.S2          0x006680
00006698   00008000           NOP           5
0000669c            L$_ZLNStleERKSt6stringS1_$ret0:
0000669c   07bd0942           ADD.D2        B15,0x8,B15
000066a0   07bd09c2           SUB.D2        B15,0x8,B15
000066a4   023c02f4           STW.D2T1      A4,*+B15[0]
000066a8   02000028           MVK.S1        0x0000,A4
000066ac   02000068           MVKH.S1       0x0000,A4
000066b0   031008f0           MV.D1         A4,A6
000066b4   023c02e4           LDW.D2T1      *+B15[0],A4
000066b8   00006000           NOP           4
000066bc   07bd0942           ADD.D2        B15,0x8,B15
000066c0   021888f8           CMPGT.L1      A4,A6,A4
000066c4   02102bf0           XOR.D1        1,A4,A4
000066c8   00000292           B.S2          L$return$_ZLNStleERKSt6stringS1_ (PC+20 = 0x000066d4)
000066cc   00008000           NOP           5
000066d0   0200a358           MVK.L1        0,A4
000066d4            L$return$_ZLNStleERKSt6stringS1_:
000066d4   01bc2066           LDW.D1T2      *-A15[1],B3
000066d8   07bc18f2           MV.D2X        A15,B15
000066dc   07bc0264           LDW.D1T1      *+A15[0],A15
000066e0   00006000           NOP           4
000066e4   000c0362           B.S2          B3
000066e8   00008000           NOP           5
000066ec            _ZLNStgeERKSt6stringS1_:
000066ec   07bc02f4           STW.D2T1      A15,*+B15[0]
000066f0   07bc18f0           MV.D1X        B15,A15
000066f4   01bc2076           STW.D1T2      B3,*-A15[1]
000066f8   00001c2a           MVK.S2        0x0038,B0
000066fc   0000006a           MVKH.S2       0x0000,B0
00006700   07bc08c2           SUB.D2        B15,B0,B15
00006704   00001628           MVK.S1        0x002c,A0
00006708   00000068           MVKH.S1       0x0000,A0
0000670c   003c08c0           SUB.D1        A15,A0,A0
00006710   02000274           STW.D1T1      A4,*+A0[0]
00006714   021018f0           MV.D1X        B4,A4
00006718   00001828           MVK.S1        0x0030,A0
0000671c   00000068           MVKH.S1       0x0000,A0
00006720   003c08c0           SUB.D1        A15,A0,A0
00006724   02000274           STW.D1T1      A4,*+A0[0]
00006728   07bd09c2           SUB.D2        B15,0x8,B15
0000672c   00001628           MVK.S1        0x002c,A0
00006730   00000068           MVKH.S1       0x0000,A0
00006734   023c08c0           SUB.D1        A15,A0,A4
00006738   02100264           LDW.D1T1      *+A4[0],A4
0000673c   00006000           NOP           4
00006740   07bd09c2           SUB.D2        B15,0x8,B15
00006744   023c02f4           STW.D2T1      A4,*+B15[0]
00006748   00001828           MVK.S1        0x0030,A0
0000674c   00000068           MVKH.S1       0x0000,A0
00006750   023c08c0           SUB.D1        A15,A0,A4
00006754   02100264           LDW.D1T1      *+A4[0],A4
00006758   00006000           NOP           4
0000675c   021018f2           MV.D2X        A4,B4
00006760   023c02e4           LDW.D2T1      *+B15[0],A4
00006764   00006000           NOP           4
00006768   07bd0942           ADD.D2        B15,0x8,B15
0000676c   0180002a           MVK.S2        0x0000,B3
00006770   0180006a           MVKH.S2       0x0000,B3
00006774   00000012           B.S2          0x006760
00006778   00008000           NOP           5
0000677c            L$_ZLNStgeERKSt6stringS1_$ret0:
0000677c   07bd0942           ADD.D2        B15,0x8,B15
00006780   07bd09c2           SUB.D2        B15,0x8,B15
00006784   023c02f4           STW.D2T1      A4,*+B15[0]
00006788   02000028           MVK.S1        0x0000,A4
0000678c   02000068           MVKH.S1       0x0000,A4
00006790   031008f0           MV.D1         A4,A6
00006794   023c02e4           LDW.D2T1      *+B15[0],A4
00006798   00006000           NOP           4
0000679c   07bd0942           ADD.D2        B15,0x8,B15
000067a0   02188af8           CMPLT.L1      A4,A6,A4
000067a4   02102bf0           XOR.D1        1,A4,A4
000067a8   00000292           B.S2          L$return$_ZLNStgeERKSt6stringS1_ (PC+20 = 0x000067b4)
000067ac   00008000           NOP           5
000067b0   0200a358           MVK.L1        0,A4
000067b4            L$return$_ZLNStgeERKSt6stringS1_:
000067b4   01bc2066           LDW.D1T2      *-A15[1],B3
000067b8   07bc18f2           MV.D2X        A15,B15
000067bc   07bc0264           LDW.D1T1      *+A15[0],A15
000067c0   00006000           NOP           4
000067c4   000c0362           B.S2          B3
000067c8   00008000           NOP           5
000067cc            _ZLNStplERKSt6stringS1_:
000067cc   07bc02f4           STW.D2T1      A15,*+B15[0]
000067d0   07bc18f0           MV.D1X        B15,A15
000067d4   01bc2076           STW.D1T2      B3,*-A15[1]
000067d8   00002c2a           MVK.S2        0x0058,B0
000067dc   0000006a           MVKH.S2       0x0000,B0
000067e0   07bc08c2           SUB.D2        B15,B0,B15
000067e4   00001c28           MVK.S1        0x0038,A0
000067e8   00000068           MVKH.S1       0x0000,A0
000067ec   003c08c0           SUB.D1        A15,A0,A0
000067f0   02000274           STW.D1T1      A4,*+A0[0]
000067f4   021018f0           MV.D1X        B4,A4
000067f8   00001628           MVK.S1        0x002c,A0
000067fc   00000068           MVKH.S1       0x0000,A0
00006800   003c08c0           SUB.D1        A15,A0,A0
00006804   02000274           STW.D1T1      A4,*+A0[0]
00006808   021808f0           MV.D1         A6,A4
0000680c   00001828           MVK.S1        0x0030,A0
00006810   00000068           MVKH.S1       0x0000,A0
00006814   003c08c0           SUB.D1        A15,A0,A0
00006818   02000274           STW.D1T1      A4,*+A0[0]
0000681c   07bd09c2           SUB.D2        B15,0x8,B15
00006820   00002228           MVK.S1        0x0044,A0
00006824   00000068           MVKH.S1       0x0000,A0
00006828   023c08c0           SUB.D1        A15,A0,A4
0000682c   07bd09c2           SUB.D2        B15,0x8,B15
00006830   023c02f4           STW.D2T1      A4,*+B15[0]
00006834   00001628           MVK.S1        0x002c,A0
00006838   00000068           MVKH.S1       0x0000,A0
0000683c   023c08c0           SUB.D1        A15,A0,A4
00006840   02100264           LDW.D1T1      *+A4[0],A4
00006844   00006000           NOP           4
00006848   021018f2           MV.D2X        A4,B4
0000684c   023c02e4           LDW.D2T1      *+B15[0],A4
00006850   00006000           NOP           4
00006854   07bd0942           ADD.D2        B15,0x8,B15
00006858   0180002a           MVK.S2        0x0000,B3
0000685c   0180006a           MVKH.S2       0x0000,B3
00006860   00000012           B.S2          0x006860
00006864   00008000           NOP           5
00006868            L$_ZLNStplERKSt6stringS1_$ret0:
00006868   07bd0942           ADD.D2        B15,0x8,B15
0000686c            L$_ZLNStplERKSt6stringS1_$try1:
0000686c   07bd09c2           SUB.D2        B15,0x8,B15
00006870   00002228           MVK.S1        0x0044,A0
00006874   00000068           MVKH.S1       0x0000,A0
00006878   023c08c0           SUB.D1        A15,A0,A4
0000687c   07bd09c2           SUB.D2        B15,0x8,B15
00006880   023c02f4           STW.D2T1      A4,*+B15[0]
00006884   00001828           MVK.S1        0x0030,A0
00006888   00000068           MVKH.S1       0x0000,A0
0000688c   023c08c0           SUB.D1        A15,A0,A4
00006890   02100264           LDW.D1T1      *+A4[0],A4
00006894   00006000           NOP           4
00006898   021018f2           MV.D2X        A4,B4
0000689c   023c02e4           LDW.D2T1      *+B15[0],A4
000068a0   00006000           NOP           4
000068a4   07bd0942           ADD.D2        B15,0x8,B15
000068a8   0180002a           MVK.S2        0x0000,B3
000068ac   0180006a           MVKH.S2       0x0000,B3
000068b0   00000012           B.S2          0x0068a0
000068b4   00008000           NOP           5
000068b8            L$_ZLNStplERKSt6stringS1_$ret2:
000068b8   07bd0942           ADD.D2        B15,0x8,B15
000068bc   00002228           MVK.S1        0x0044,A0
000068c0   00000068           MVKH.S1       0x0000,A0
000068c4   023c08c0           SUB.D1        A15,A0,A4
000068c8   07bd09c2           SUB.D2        B15,0x8,B15
000068cc   023c02f4           STW.D2T1      A4,*+B15[0]
000068d0   00002828           MVK.S1        0x0050,A0
000068d4   00000068           MVKH.S1       0x0000,A0
000068d8   023c08c0           SUB.D1        A15,A0,A4
000068dc   031008f0           MV.D1         A4,A6
000068e0   023c02e4           LDW.D2T1      *+B15[0],A4
000068e4   00006000           NOP           4
000068e8   07bd0942           ADD.D2        B15,0x8,B15
000068ec   00100940           MV.D1         A4,A0
000068f0   01800264           LDW.D1T1      *+A0[0],A3
000068f4   00006000           NOP           4
000068f8   00180940           MV.D1         A6,A0
000068fc   01800274           STW.D1T1      A3,*+A0[0]
00006900   00108940           ADD.D1        A4,0x4,A0
00006904   01800264           LDW.D1T1      *+A0[0],A3
00006908   00006000           NOP           4
0000690c   00188940           ADD.D1        A6,0x4,A0
00006910   01800274           STW.D1T1      A3,*+A0[0]
00006914   00110940           ADD.D1        A4,0x8,A0
00006918   01800264           LDW.D1T1      *+A0[0],A3
0000691c   00006000           NOP           4
00006920   00190940           ADD.D1        A6,0x8,A0
00006924   01800274           STW.D1T1      A3,*+A0[0]
00006928   021808f0           MV.D1         A6,A4
0000692c   00002828           MVK.S1        0x0050,A0
00006930   00000068           MVKH.S1       0x0000,A0
00006934   023c08c0           SUB.D1        A15,A0,A4
00006938   00001c28           MVK.S1        0x0038,A0
0000693c   00000068           MVKH.S1       0x0000,A0
00006940   033c08c0           SUB.D1        A15,A0,A6
00006944   03180264           LDW.D1T1      *+A6[0],A6
00006948   00006000           NOP           4
0000694c   00100940           MV.D1         A4,A0
00006950   01800264           LDW.D1T1      *+A0[0],A3
00006954   00006000           NOP           4
00006958   00180940           MV.D1         A6,A0
0000695c   01800274           STW.D1T1      A3,*+A0[0]
00006960   00108940           ADD.D1        A4,0x4,A0
00006964   01800264           LDW.D1T1      *+A0[0],A3
00006968   00006000           NOP           4
0000696c   00188940           ADD.D1        A6,0x4,A0
00006970   01800274           STW.D1T1      A3,*+A0[0]
00006974   00110940           ADD.D1        A4,0x8,A0
00006978   01800264           LDW.D1T1      *+A0[0],A3
0000697c   00006000           NOP           4
00006980   00190940           ADD.D1        A6,0x8,A0
00006984   01800274           STW.D1T1      A3,*+A0[0]
00006988            L$_ZLNStplERKSt6stringS1_$noresult3:
00006988   021808f0           MV.D1         A6,A4
0000698c   00001812           B.S2          L$return$_ZLNStplERKSt6stringS1_ (PC+192 = 0x00006a40)
00006990   00008000           NOP           5
00006994   07bd09c2           SUB.D2        B15,0x8,B15
00006998   00002228           MVK.S1        0x0044,A0
0000699c   00000068           MVKH.S1       0x0000,A0
000069a0   023c08c0           SUB.D1        A15,A0,A4
000069a4   0180002a           MVK.S2        0x0000,B3
000069a8   0180006a           MVKH.S2       0x0000,B3
000069ac   00000012           B.S2          0x0069a0
000069b0   00008000           NOP           5
000069b4            L$_ZLNStplERKSt6stringS1_$ret4:
000069b4   07bd0942           ADD.D2        B15,0x8,B15
000069b8            L$_ZLNStplERKSt6stringS1_$tryend1:
000069b8   00001192           B.S2          L$_ZLNStplERKSt6stringS1_$caught1 (PC+140 = 0x00006a2c)
000069bc   00008000           NOP           5
000069c0            L$_ZLNStplERKSt6stringS1_$pad1:
000069c0   00002a28           MVK.S1        0x0054,A0
000069c4   00000068           MVKH.S1       0x0000,A0
000069c8   003c08c0           SUB.D1        A15,A0,A0
000069cc   02000274           STW.D1T1      A4,*+A0[0]
000069d0   00002c28           MVK.S1        0x0058,A0
000069d4   00000068           MVKH.S1       0x0000,A0
000069d8   003c08c0           SUB.D1        A15,A0,A0
000069dc   02000276           STW.D1T2      B4,*+A0[0]
000069e0   07bc18f2           MV.D2X        A15,B15
000069e4   00002c2a           MVK.S2        0x0058,B0
000069e8   0000006a           MVKH.S2       0x0000,B0
000069ec   07bc08c2           SUB.D2        B15,B0,B15
000069f0            L$_ZLNStplERKSt6stringS1_$cleanup5:
000069f0   07bd09c2           SUB.D2        B15,0x8,B15
000069f4   00002228           MVK.S1        0x0044,A0
000069f8   00000068           MVKH.S1       0x0000,A0
000069fc   023c08c0           SUB.D1        A15,A0,A4
00006a00   0180002a           MVK.S2        0x0000,B3
00006a04   0180006a           MVKH.S2       0x0000,B3
00006a08   00000012           B.S2          0x006a00
00006a0c   00008000           NOP           5
00006a10            L$_ZLNStplERKSt6stringS1_$ret6:
00006a10   07bd0942           ADD.D2        B15,0x8,B15
00006a14            L$_ZLNStplERKSt6stringS1_$cleanupend5:
00006a14   07bd09c2           SUB.D2        B15,0x8,B15
00006a18   0180002a           MVK.S2        0x0000,B3
00006a1c   0180006a           MVKH.S2       0x0000,B3
00006a20   00000012           B.S2          0x006a20
00006a24   00008000           NOP           5
00006a28            L$_ZLNStplERKSt6stringS1_$ret7:
00006a28   07bd0942           ADD.D2        B15,0x8,B15
00006a2c            L$_ZLNStplERKSt6stringS1_$caught1:
00006a2c   00001c28           MVK.S1        0x0038,A0
00006a30   00000068           MVKH.S1       0x0000,A0
00006a34   023c08c0           SUB.D1        A15,A0,A4
00006a38   02100264           LDW.D1T1      *+A4[0],A4
00006a3c   00006000           NOP           4
00006a40            L$return$_ZLNStplERKSt6stringS1_:
00006a40   01bc2066           LDW.D1T2      *-A15[1],B3
00006a44   07bc18f2           MV.D2X        A15,B15
00006a48   07bc0264           LDW.D1T1      *+A15[0],A15
00006a4c   00006000           NOP           4
00006a50   000c0362           B.S2          B3
00006a54   00008000           NOP           5
00006a58            L$_ZLNStplERKSt6stringS1_$pad1$s0:
00006a58   0200a35a           MVK.L2        0,B4
00006a5c   0ffff012           B.S2          L$_ZLNStplERKSt6stringS1_$pad1 (PC-128 = 0x000069c0)
00006a60   00008000           NOP           5
00006a64            _ZLNStplERKSt6stringPKc:
00006a64            L$_ZLNStplERKSt6stringS1_$fnend:
00006a64   07bc02f4           STW.D2T1      A15,*+B15[0]
00006a68   07bc18f0           MV.D1X        B15,A15
00006a6c   01bc2076           STW.D1T2      B3,*-A15[1]
00006a70   00002c2a           MVK.S2        0x0058,B0
00006a74   0000006a           MVKH.S2       0x0000,B0
00006a78   07bc08c2           SUB.D2        B15,B0,B15
00006a7c   00001c28           MVK.S1        0x0038,A0
00006a80   00000068           MVKH.S1       0x0000,A0
00006a84   003c08c0           SUB.D1        A15,A0,A0
00006a88   02000274           STW.D1T1      A4,*+A0[0]
00006a8c   021018f0           MV.D1X        B4,A4
00006a90   00001628           MVK.S1        0x002c,A0
00006a94   00000068           MVKH.S1       0x0000,A0
00006a98   003c08c0           SUB.D1        A15,A0,A0
00006a9c   02000274           STW.D1T1      A4,*+A0[0]
00006aa0   021808f0           MV.D1         A6,A4
00006aa4   00001828           MVK.S1        0x0030,A0
00006aa8   00000068           MVKH.S1       0x0000,A0
00006aac   003c08c0           SUB.D1        A15,A0,A0
00006ab0   02000274           STW.D1T1      A4,*+A0[0]
00006ab4   07bd09c2           SUB.D2        B15,0x8,B15
00006ab8   00002228           MVK.S1        0x0044,A0
00006abc   00000068           MVKH.S1       0x0000,A0
00006ac0   023c08c0           SUB.D1        A15,A0,A4
00006ac4   07bd09c2           SUB.D2        B15,0x8,B15
00006ac8   023c02f4           STW.D2T1      A4,*+B15[0]
00006acc   00001628           MVK.S1        0x002c,A0
00006ad0   00000068           MVKH.S1       0x0000,A0
00006ad4   023c08c0           SUB.D1        A15,A0,A4
00006ad8   02100264           LDW.D1T1      *+A4[0],A4
00006adc   00006000           NOP           4
00006ae0   021018f2           MV.D2X        A4,B4
00006ae4   023c02e4           LDW.D2T1      *+B15[0],A4
00006ae8   00006000           NOP           4
00006aec   07bd0942           ADD.D2        B15,0x8,B15
00006af0   0180002a           MVK.S2        0x0000,B3
00006af4   0180006a           MVKH.S2       0x0000,B3
00006af8   00000012           B.S2          0x006ae0
00006afc   00008000           NOP           5
00006b00            L$_ZLNStplERKSt6stringPKc$ret0:
00006b00   07bd0942           ADD.D2        B15,0x8,B15
00006b04            L$_ZLNStplERKSt6stringPKc$try1:
00006b04   07bd09c2           SUB.D2        B15,0x8,B15
00006b08   00002228           MVK.S1        0x0044,A0
00006b0c   00000068           MVKH.S1       0x0000,A0
00006b10   023c08c0           SUB.D1        A15,A0,A4
00006b14   07bd09c2           SUB.D2        B15,0x8,B15
00006b18   023c02f4           STW.D2T1      A4,*+B15[0]
00006b1c   00001828           MVK.S1        0x0030,A0
00006b20   00000068           MVKH.S1       0x0000,A0
00006b24   023c08c0           SUB.D1        A15,A0,A4
00006b28   02100264           LDW.D1T1      *+A4[0],A4
00006b2c   00006000           NOP           4
00006b30   021018f2           MV.D2X        A4,B4
00006b34   023c02e4           LDW.D2T1      *+B15[0],A4
00006b38   00006000           NOP           4
00006b3c   07bd0942           ADD.D2        B15,0x8,B15
00006b40   0180002a           MVK.S2        0x0000,B3
00006b44   0180006a           MVKH.S2       0x0000,B3
00006b48   00000012           B.S2          0x006b40
00006b4c   00008000           NOP           5
00006b50            L$_ZLNStplERKSt6stringPKc$ret2:
00006b50   07bd0942           ADD.D2        B15,0x8,B15
00006b54   00002228           MVK.S1        0x0044,A0
00006b58   00000068           MVKH.S1       0x0000,A0
00006b5c   023c08c0           SUB.D1        A15,A0,A4
00006b60   07bd09c2           SUB.D2        B15,0x8,B15
00006b64   023c02f4           STW.D2T1      A4,*+B15[0]
00006b68   00002828           MVK.S1        0x0050,A0
00006b6c   00000068           MVKH.S1       0x0000,A0
00006b70   023c08c0           SUB.D1        A15,A0,A4
00006b74   031008f0           MV.D1         A4,A6
00006b78   023c02e4           LDW.D2T1      *+B15[0],A4
00006b7c   00006000           NOP           4
00006b80   07bd0942           ADD.D2        B15,0x8,B15
00006b84   00100940           MV.D1         A4,A0
00006b88   01800264           LDW.D1T1      *+A0[0],A3
00006b8c   00006000           NOP           4
00006b90   00180940           MV.D1         A6,A0
00006b94   01800274           STW.D1T1      A3,*+A0[0]
00006b98   00108940           ADD.D1        A4,0x4,A0
00006b9c   01800264           LDW.D1T1      *+A0[0],A3
00006ba0   00006000           NOP           4
00006ba4   00188940           ADD.D1        A6,0x4,A0
00006ba8   01800274           STW.D1T1      A3,*+A0[0]
00006bac   00110940           ADD.D1        A4,0x8,A0
00006bb0   01800264           LDW.D1T1      *+A0[0],A3
00006bb4   00006000           NOP           4
00006bb8   00190940           ADD.D1        A6,0x8,A0
00006bbc   01800274           STW.D1T1      A3,*+A0[0]
00006bc0   021808f0           MV.D1         A6,A4
00006bc4   00002828           MVK.S1        0x0050,A0
00006bc8   00000068           MVKH.S1       0x0000,A0
00006bcc   023c08c0           SUB.D1        A15,A0,A4
00006bd0   00001c28           MVK.S1        0x0038,A0
00006bd4   00000068           MVKH.S1       0x0000,A0
00006bd8   033c08c0           SUB.D1        A15,A0,A6
00006bdc   03180264           LDW.D1T1      *+A6[0],A6
00006be0   00006000           NOP           4
00006be4   00100940           MV.D1         A4,A0
00006be8   01800264           LDW.D1T1      *+A0[0],A3
00006bec   00006000           NOP           4
00006bf0   00180940           MV.D1         A6,A0
00006bf4   01800274           STW.D1T1      A3,*+A0[0]
00006bf8   00108940           ADD.D1        A4,0x4,A0
00006bfc   01800264           LDW.D1T1      *+A0[0],A3
00006c00   00006000           NOP           4
00006c04   00188940           ADD.D1        A6,0x4,A0
00006c08   01800274           STW.D1T1      A3,*+A0[0]
00006c0c   00110940           ADD.D1        A4,0x8,A0
00006c10   01800264           LDW.D1T1      *+A0[0],A3
00006c14   00006000           NOP           4
00006c18   00190940           ADD.D1        A6,0x8,A0
00006c1c   01800274           STW.D1T1      A3,*+A0[0]
00006c20            L$_ZLNStplERKSt6stringPKc$noresult3:
00006c20   021808f0           MV.D1         A6,A4
00006c24   00001712           B.S2          L$return$_ZLNStplERKSt6stringPKc (PC+184 = 0x00006cd8)
00006c28   00008000           NOP           5
00006c2c   07bd09c2           SUB.D2        B15,0x8,B15
00006c30   00002228           MVK.S1        0x0044,A0
00006c34   00000068           MVKH.S1       0x0000,A0
00006c38   023c08c0           SUB.D1        A15,A0,A4
00006c3c   0180002a           MVK.S2        0x0000,B3
00006c40   0180006a           MVKH.S2       0x0000,B3
00006c44   00000012           B.S2          0x006c40
00006c48   00008000           NOP           5
00006c4c            L$_ZLNStplERKSt6stringPKc$ret4:
00006c4c   07bd0942           ADD.D2        B15,0x8,B15
00006c50            L$_ZLNStplERKSt6stringPKc$tryend1:
00006c50   00001092           B.S2          L$_ZLNStplERKSt6stringPKc$caught1 (PC+132 = 0x00006cc4)
00006c54   00008000           NOP           5
00006c58            L$_ZLNStplERKSt6stringPKc$pad1:
00006c58   00002a28           MVK.S1        0x0054,A0
00006c5c   00000068           MVKH.S1       0x0000,A0
00006c60   003c08c0           SUB.D1        A15,A0,A0
00006c64   02000274           STW.D1T1      A4,*+A0[0]
00006c68   00002c28           MVK.S1        0x0058,A0
00006c6c   00000068           MVKH.S1       0x0000,A0
00006c70   003c08c0           SUB.D1        A15,A0,A0
00006c74   02000276           STW.D1T2      B4,*+A0[0]
00006c78   07bc18f2           MV.D2X        A15,B15
00006c7c   00002c2a           MVK.S2        0x0058,B0
00006c80   0000006a           MVKH.S2       0x0000,B0
00006c84   07bc08c2           SUB.D2        B15,B0,B15
00006c88            L$_ZLNStplERKSt6stringPKc$cleanup5:
00006c88   07bd09c2           SUB.D2        B15,0x8,B15
00006c8c   00002228           MVK.S1        0x0044,A0
00006c90   00000068           MVKH.S1       0x0000,A0
00006c94   023c08c0           SUB.D1        A15,A0,A4
00006c98   0180002a           MVK.S2        0x0000,B3
00006c9c   0180006a           MVKH.S2       0x0000,B3
00006ca0   00000012           B.S2          0x006ca0
00006ca4   00008000           NOP           5
00006ca8            L$_ZLNStplERKSt6stringPKc$ret6:
00006ca8   07bd0942           ADD.D2        B15,0x8,B15
00006cac            L$_ZLNStplERKSt6stringPKc$cleanupend5:
00006cac   07bd09c2           SUB.D2        B15,0x8,B15
00006cb0   0180002a           MVK.S2        0x0000,B3
00006cb4   0180006a           MVKH.S2       0x0000,B3
00006cb8   00000012           B.S2          0x006ca0
00006cbc   00008000           NOP           5
00006cc0            L$_ZLNStplERKSt6stringPKc$ret7:
00006cc0   07bd0942           ADD.D2        B15,0x8,B15
00006cc4            L$_ZLNStplERKSt6stringPKc$caught1:
00006cc4   00001c28           MVK.S1        0x0038,A0
00006cc8   00000068           MVKH.S1       0x0000,A0
00006ccc   023c08c0           SUB.D1        A15,A0,A4
00006cd0   02100264           LDW.D1T1      *+A4[0],A4
00006cd4   00006000           NOP           4
00006cd8            L$return$_ZLNStplERKSt6stringPKc:
00006cd8   01bc2066           LDW.D1T2      *-A15[1],B3
00006cdc   07bc18f2           MV.D2X        A15,B15
00006ce0   07bc0264           LDW.D1T1      *+A15[0],A15
00006ce4   00006000           NOP           4
00006ce8   000c0362           B.S2          B3
00006cec   00008000           NOP           5
00006cf0            L$_ZLNStplERKSt6stringPKc$pad1$s0:
00006cf0   0200a35a           MVK.L2        0,B4
00006cf4   0fffef12           B.S2          L$_ZLNStplERKSt6stringPKc$pad1 (PC-136 = 0x00006c58)
00006cf8   00008000           NOP           5
00006cfc            _ZLNStplEPKcRKSt6string:
00006cfc            L$_ZLNStplERKSt6stringPKc$fnend:
00006cfc   07bc02f4           STW.D2T1      A15,*+B15[0]
00006d00   07bc18f0           MV.D1X        B15,A15
00006d04   01bc2076           STW.D1T2      B3,*-A15[1]
00006d08   00002c2a           MVK.S2        0x0058,B0
00006d0c   0000006a           MVKH.S2       0x0000,B0
00006d10   07bc08c2           SUB.D2        B15,B0,B15
00006d14   00001c28           MVK.S1        0x0038,A0
00006d18   00000068           MVKH.S1       0x0000,A0
00006d1c   003c08c0           SUB.D1        A15,A0,A0
00006d20   02000274           STW.D1T1      A4,*+A0[0]
00006d24   021018f0           MV.D1X        B4,A4
00006d28   00001628           MVK.S1        0x002c,A0
00006d2c   00000068           MVKH.S1       0x0000,A0
00006d30   003c08c0           SUB.D1        A15,A0,A0
00006d34   02000274           STW.D1T1      A4,*+A0[0]
00006d38   021808f0           MV.D1         A6,A4
00006d3c   00001828           MVK.S1        0x0030,A0
00006d40   00000068           MVKH.S1       0x0000,A0
00006d44   003c08c0           SUB.D1        A15,A0,A0
00006d48   02000274           STW.D1T1      A4,*+A0[0]
00006d4c   07bd09c2           SUB.D2        B15,0x8,B15
00006d50   00002228           MVK.S1        0x0044,A0
00006d54   00000068           MVKH.S1       0x0000,A0
00006d58   023c08c0           SUB.D1        A15,A0,A4
00006d5c   07bd09c2           SUB.D2        B15,0x8,B15
00006d60   023c02f4           STW.D2T1      A4,*+B15[0]
00006d64   00001628           MVK.S1        0x002c,A0
00006d68   00000068           MVKH.S1       0x0000,A0
00006d6c   023c08c0           SUB.D1        A15,A0,A4
00006d70   02100264           LDW.D1T1      *+A4[0],A4
00006d74   00006000           NOP           4
00006d78   021018f2           MV.D2X        A4,B4
00006d7c   023c02e4           LDW.D2T1      *+B15[0],A4
00006d80   00006000           NOP           4
00006d84   07bd0942           ADD.D2        B15,0x8,B15
00006d88   0180002a           MVK.S2        0x0000,B3
00006d8c   0180006a           MVKH.S2       0x0000,B3
00006d90   00000012           B.S2          0x006d80
00006d94   00008000           NOP           5
00006d98            L$_ZLNStplEPKcRKSt6string$ret0:
00006d98   07bd0942           ADD.D2        B15,0x8,B15
00006d9c            L$_ZLNStplEPKcRKSt6string$try1:
00006d9c   07bd09c2           SUB.D2        B15,0x8,B15
00006da0   00002228           MVK.S1        0x0044,A0
00006da4   00000068           MVKH.S1       0x0000,A0
00006da8   023c08c0           SUB.D1        A15,A0,A4
00006dac   07bd09c2           SUB.D2        B15,0x8,B15
00006db0   023c02f4           STW.D2T1      A4,*+B15[0]
00006db4   00001828           MVK.S1        0x0030,A0
00006db8   00000068           MVKH.S1       0x0000,A0
00006dbc   023c08c0           SUB.D1        A15,A0,A4
00006dc0   02100264           LDW.D1T1      *+A4[0],A4
00006dc4   00006000           NOP           4
00006dc8   021018f2           MV.D2X        A4,B4
00006dcc   023c02e4           LDW.D2T1      *+B15[0],A4
00006dd0   00006000           NOP           4
00006dd4   07bd0942           ADD.D2        B15,0x8,B15
00006dd8   0180002a           MVK.S2        0x0000,B3
00006ddc   0180006a           MVKH.S2       0x0000,B3
00006de0   00000012           B.S2          0x006de0
00006de4   00008000           NOP           5
00006de8            L$_ZLNStplEPKcRKSt6string$ret2:
00006de8   07bd0942           ADD.D2        B15,0x8,B15
00006dec   00002228           MVK.S1        0x0044,A0
00006df0   00000068           MVKH.S1       0x0000,A0
00006df4   023c08c0           SUB.D1        A15,A0,A4
00006df8   07bd09c2           SUB.D2        B15,0x8,B15
00006dfc   023c02f4           STW.D2T1      A4,*+B15[0]
00006e00   00002828           MVK.S1        0x0050,A0
00006e04   00000068           MVKH.S1       0x0000,A0
00006e08   023c08c0           SUB.D1        A15,A0,A4
00006e0c   031008f0           MV.D1         A4,A6
00006e10   023c02e4           LDW.D2T1      *+B15[0],A4
00006e14   00006000           NOP           4
00006e18   07bd0942           ADD.D2        B15,0x8,B15
00006e1c   00100940           MV.D1         A4,A0
00006e20   01800264           LDW.D1T1      *+A0[0],A3
00006e24   00006000           NOP           4
00006e28   00180940           MV.D1         A6,A0
00006e2c   01800274           STW.D1T1      A3,*+A0[0]
00006e30   00108940           ADD.D1        A4,0x4,A0
00006e34   01800264           LDW.D1T1      *+A0[0],A3
00006e38   00006000           NOP           4
00006e3c   00188940           ADD.D1        A6,0x4,A0
00006e40   01800274           STW.D1T1      A3,*+A0[0]
00006e44   00110940           ADD.D1        A4,0x8,A0
00006e48   01800264           LDW.D1T1      *+A0[0],A3
00006e4c   00006000           NOP           4
00006e50   00190940           ADD.D1        A6,0x8,A0
00006e54   01800274           STW.D1T1      A3,*+A0[0]
00006e58   021808f0           MV.D1         A6,A4
00006e5c   00002828           MVK.S1        0x0050,A0
00006e60   00000068           MVKH.S1       0x0000,A0
00006e64   023c08c0           SUB.D1        A15,A0,A4
00006e68   00001c28           MVK.S1        0x0038,A0
00006e6c   00000068           MVKH.S1       0x0000,A0
00006e70   033c08c0           SUB.D1        A15,A0,A6
00006e74   03180264           LDW.D1T1      *+A6[0],A6
00006e78   00006000           NOP           4
00006e7c   00100940           MV.D1         A4,A0
00006e80   01800264           LDW.D1T1      *+A0[0],A3
00006e84   00006000           NOP           4
00006e88   00180940           MV.D1         A6,A0
00006e8c   01800274           STW.D1T1      A3,*+A0[0]
00006e90   00108940           ADD.D1        A4,0x4,A0
00006e94   01800264           LDW.D1T1      *+A0[0],A3
00006e98   00006000           NOP           4
00006e9c   00188940           ADD.D1        A6,0x4,A0
00006ea0   01800274           STW.D1T1      A3,*+A0[0]
00006ea4   00110940           ADD.D1        A4,0x8,A0
00006ea8   01800264           LDW.D1T1      *+A0[0],A3
00006eac   00006000           NOP           4
00006eb0   00190940           ADD.D1        A6,0x8,A0
00006eb4   01800274           STW.D1T1      A3,*+A0[0]
00006eb8            L$_ZLNStplEPKcRKSt6string$noresult3:
00006eb8   021808f0           MV.D1         A6,A4
00006ebc   00001a12           B.S2          L$return$_ZLNStplEPKcRKSt6string (PC+208 = 0x00006f70)
00006ec0   00008000           NOP           5
00006ec4   07bd09c2           SUB.D2        B15,0x8,B15
00006ec8   00002228           MVK.S1        0x0044,A0
00006ecc   00000068           MVKH.S1       0x0000,A0
00006ed0   023c08c0           SUB.D1        A15,A0,A4
00006ed4   0180002a           MVK.S2        0x0000,B3
00006ed8   0180006a           MVKH.S2       0x0000,B3
00006edc   00000012           B.S2          0x006ec0
00006ee0   00008000           NOP           5
00006ee4            L$_ZLNStplEPKcRKSt6string$ret4:
00006ee4   07bd0942           ADD.D2        B15,0x8,B15
00006ee8            L$_ZLNStplEPKcRKSt6string$tryend1:
00006ee8   00000f92           B.S2          L$_ZLNStplEPKcRKSt6string$caught1 (PC+124 = 0x00006f5c)
00006eec   00008000           NOP           5
00006ef0            L$_ZLNStplEPKcRKSt6string$pad1:
00006ef0   00002a28           MVK.S1        0x0054,A0
00006ef4   00000068           MVKH.S1       0x0000,A0
00006ef8   003c08c0           SUB.D1        A15,A0,A0
00006efc   02000274           STW.D1T1      A4,*+A0[0]
00006f00   00002c28           MVK.S1        0x0058,A0
00006f04   00000068           MVKH.S1       0x0000,A0
00006f08   003c08c0           SUB.D1        A15,A0,A0
00006f0c   02000276           STW.D1T2      B4,*+A0[0]
00006f10   07bc18f2           MV.D2X        A15,B15
00006f14   00002c2a           MVK.S2        0x0058,B0
00006f18   0000006a           MVKH.S2       0x0000,B0
00006f1c   07bc08c2           SUB.D2        B15,B0,B15
00006f20            L$_ZLNStplEPKcRKSt6string$cleanup5:
00006f20   07bd09c2           SUB.D2        B15,0x8,B15
00006f24   00002228           MVK.S1        0x0044,A0
00006f28   00000068           MVKH.S1       0x0000,A0
00006f2c   023c08c0           SUB.D1        A15,A0,A4
00006f30   0180002a           MVK.S2        0x0000,B3
00006f34   0180006a           MVKH.S2       0x0000,B3
00006f38   00000012           B.S2          L$_ZLNStplEPKcRKSt6string$cleanup5 (PC+0 = 0x00006f20)
00006f3c   00008000           NOP           5
00006f40            L$_ZLNStplEPKcRKSt6string$ret6:
00006f40   07bd0942           ADD.D2        B15,0x8,B15
00006f44            L$_ZLNStplEPKcRKSt6string$cleanupend5:
00006f44   07bd09c2           SUB.D2        B15,0x8,B15
00006f48   0180002a           MVK.S2        0x0000,B3
00006f4c   0180006a           MVKH.S2       0x0000,B3
00006f50   00000012           B.S2          L$_ZLNStplEPKcRKSt6string$ret6 (PC+0 = 0x00006f40)
00006f54   00008000           NOP           5
00006f58            L$_ZLNStplEPKcRKSt6string$ret7:
00006f58   07bd0942           ADD.D2        B15,0x8,B15
00006f5c            L$_ZLNStplEPKcRKSt6string$caught1:
00006f5c   00001c28           MVK.S1        0x0038,A0
00006f60   00000068           MVKH.S1       0x0000,A0
00006f64   023c08c0           SUB.D1        A15,A0,A4
00006f68   02100264           LDW.D1T1      *+A4[0],A4
00006f6c   00006000           NOP           4
00006f70            L$return$_ZLNStplEPKcRKSt6string:
00006f70   01bc2066           LDW.D1T2      *-A15[1],B3
00006f74   07bc18f2           MV.D2X        A15,B15
00006f78   07bc0264           LDW.D1T1      *+A15[0],A15
00006f7c   00006000           NOP           4
00006f80   000c0362           B.S2          B3
00006f84   00008000           NOP           5
00006f88            L$_ZLNStplEPKcRKSt6string$pad1$s0:
00006f88   0200a35a           MVK.L2        0,B4
00006f8c   0fffee12           B.S2          L$_ZLNStplEPKcRKSt6string$pad1 (PC-144 = 0x00006ef0)
00006f90   00008000           NOP           5
00006f94            _ZLNStplERKSt6stringc:
00006f94            L$_ZLNStplEPKcRKSt6string$fnend:
00006f94   07bc02f4           STW.D2T1      A15,*+B15[0]
00006f98   07bc18f0           MV.D1X        B15,A15
00006f9c   01bc2076           STW.D1T2      B3,*-A15[1]
00006fa0   00002c2a           MVK.S2        0x0058,B0
00006fa4   0000006a           MVKH.S2       0x0000,B0
00006fa8   07bc08c2           SUB.D2        B15,B0,B15
00006fac   00001c28           MVK.S1        0x0038,A0
00006fb0   00000068           MVKH.S1       0x0000,A0
00006fb4   003c08c0           SUB.D1        A15,A0,A0
00006fb8   02000274           STW.D1T1      A4,*+A0[0]
00006fbc   021018f0           MV.D1X        B4,A4
00006fc0   00001628           MVK.S1        0x002c,A0
00006fc4   00000068           MVKH.S1       0x0000,A0
00006fc8   003c08c0           SUB.D1        A15,A0,A0
00006fcc   02000274           STW.D1T1      A4,*+A0[0]
00006fd0   021808f0           MV.D1         A6,A4
00006fd4   000016a8           MVK.S1        0x002d,A0
00006fd8   00000068           MVKH.S1       0x0000,A0
00006fdc   003c08c0           SUB.D1        A15,A0,A0
00006fe0   02000234           STB.D1T1      A4,*+A0[0]
00006fe4   07bd09c2           SUB.D2        B15,0x8,B15
00006fe8   00002228           MVK.S1        0x0044,A0
00006fec   00000068           MVKH.S1       0x0000,A0
00006ff0   023c08c0           SUB.D1        A15,A0,A4
00006ff4   07bd09c2           SUB.D2        B15,0x8,B15
00006ff8   023c02f4           STW.D2T1      A4,*+B15[0]
00006ffc   00001628           MVK.S1        0x002c,A0
00007000   00000068           MVKH.S1       0x0000,A0
00007004   023c08c0           SUB.D1        A15,A0,A4
00007008   02100264           LDW.D1T1      *+A4[0],A4
0000700c   00006000           NOP           4
00007010   021018f2           MV.D2X        A4,B4
00007014   023c02e4           LDW.D2T1      *+B15[0],A4
00007018   00006000           NOP           4
0000701c   07bd0942           ADD.D2        B15,0x8,B15
00007020   0180002a           MVK.S2        0x0000,B3
00007024   0180006a           MVKH.S2       0x0000,B3
00007028   00000012           B.S2          0x007020
0000702c   00008000           NOP           5
00007030            L$_ZLNStplERKSt6stringc$ret0:
00007030   07bd0942           ADD.D2        B15,0x8,B15
00007034            L$_ZLNStplERKSt6stringc$try1:
00007034   07bd09c2           SUB.D2        B15,0x8,B15
00007038   00002228           MVK.S1        0x0044,A0
0000703c   00000068           MVKH.S1       0x0000,A0
00007040   023c08c0           SUB.D1        A15,A0,A4
00007044   07bd09c2           SUB.D2        B15,0x8,B15
00007048   023c02f4           STW.D2T1      A4,*+B15[0]
0000704c   000016a8           MVK.S1        0x002d,A0
00007050   00000068           MVKH.S1       0x0000,A0
00007054   023c08c0           SUB.D1        A15,A0,A4
00007058   02100224           LDB.D1T1      *+A4[0],A4
0000705c   00006000           NOP           4
00007060   021018f2           MV.D2X        A4,B4
00007064   023c02e4           LDW.D2T1      *+B15[0],A4
00007068   00006000           NOP           4
0000706c   07bd0942           ADD.D2        B15,0x8,B15
00007070   0180002a           MVK.S2        0x0000,B3
00007074   0180006a           MVKH.S2       0x0000,B3
00007078   00000012           B.S2          0x007060
0000707c   00008000           NOP           5
00007080            L$_ZLNStplERKSt6stringc$ret2:
00007080   07bd0942           ADD.D2        B15,0x8,B15
00007084   00002228           MVK.S1        0x0044,A0
00007088   00000068           MVKH.S1       0x0000,A0
0000708c   023c08c0           SUB.D1        A15,A0,A4
00007090   07bd09c2           SUB.D2        B15,0x8,B15
00007094   023c02f4           STW.D2T1      A4,*+B15[0]
00007098   00002828           MVK.S1        0x0050,A0
0000709c   00000068           MVKH.S1       0x0000,A0
000070a0   023c08c0           SUB.D1        A15,A0,A4
000070a4   031008f0           MV.D1         A4,A6
000070a8   023c02e4           LDW.D2T1      *+B15[0],A4
000070ac   00006000           NOP           4
000070b0   07bd0942           ADD.D2        B15,0x8,B15
000070b4   00100940           MV.D1         A4,A0
000070b8   01800264           LDW.D1T1      *+A0[0],A3
000070bc   00006000           NOP           4
000070c0   00180940           MV.D1         A6,A0
000070c4   01800274           STW.D1T1      A3,*+A0[0]
000070c8   00108940           ADD.D1        A4,0x4,A0
000070cc   01800264           LDW.D1T1      *+A0[0],A3
000070d0   00006000           NOP           4
000070d4   00188940           ADD.D1        A6,0x4,A0
000070d8   01800274           STW.D1T1      A3,*+A0[0]
000070dc   00110940           ADD.D1        A4,0x8,A0
000070e0   01800264           LDW.D1T1      *+A0[0],A3
000070e4   00006000           NOP           4
000070e8   00190940           ADD.D1        A6,0x8,A0
000070ec   01800274           STW.D1T1      A3,*+A0[0]
000070f0   021808f0           MV.D1         A6,A4
000070f4   00002828           MVK.S1        0x0050,A0
000070f8   00000068           MVKH.S1       0x0000,A0
000070fc   023c08c0           SUB.D1        A15,A0,A4
00007100   00001c28           MVK.S1        0x0038,A0
00007104   00000068           MVKH.S1       0x0000,A0
00007108   033c08c0           SUB.D1        A15,A0,A6
0000710c   03180264           LDW.D1T1      *+A6[0],A6
00007110   00006000           NOP           4
00007114   00100940           MV.D1         A4,A0
00007118   01800264           LDW.D1T1      *+A0[0],A3
0000711c   00006000           NOP           4
00007120   00180940           MV.D1         A6,A0
00007124   01800274           STW.D1T1      A3,*+A0[0]
00007128   00108940           ADD.D1        A4,0x4,A0
0000712c   01800264           LDW.D1T1      *+A0[0],A3
00007130   00006000           NOP           4
00007134   00188940           ADD.D1        A6,0x4,A0
00007138   01800274           STW.D1T1      A3,*+A0[0]
0000713c   00110940           ADD.D1        A4,0x8,A0
00007140   01800264           LDW.D1T1      *+A0[0],A3
00007144   00006000           NOP           4
00007148   00190940           ADD.D1        A6,0x8,A0
0000714c   01800274           STW.D1T1      A3,*+A0[0]
00007150            L$_ZLNStplERKSt6stringc$noresult3:
00007150   021808f0           MV.D1         A6,A4
00007154   00001912           B.S2          L$return$_ZLNStplERKSt6stringc (PC+200 = 0x00007208)
00007158   00008000           NOP           5
0000715c   07bd09c2           SUB.D2        B15,0x8,B15
00007160   00002228           MVK.S1        0x0044,A0
00007164   00000068           MVKH.S1       0x0000,A0
00007168   023c08c0           SUB.D1        A15,A0,A4
0000716c   0180002a           MVK.S2        0x0000,B3
00007170   0180006a           MVKH.S2       0x0000,B3
00007174   00000012           B.S2          0x007160
00007178   00008000           NOP           5
0000717c            L$_ZLNStplERKSt6stringc$ret4:
0000717c   07bd0942           ADD.D2        B15,0x8,B15
00007180            L$_ZLNStplERKSt6stringc$tryend1:
00007180   00000e92           B.S2          L$_ZLNStplERKSt6stringc$caught1 (PC+116 = 0x000071f4)
00007184   00008000           NOP           5
00007188            L$_ZLNStplERKSt6stringc$pad1:
00007188   00002a28           MVK.S1        0x0054,A0
0000718c   00000068           MVKH.S1       0x0000,A0
00007190   003c08c0           SUB.D1        A15,A0,A0
00007194   02000274           STW.D1T1      A4,*+A0[0]
00007198   00002c28           MVK.S1        0x0058,A0
0000719c   00000068           MVKH.S1       0x0000,A0
000071a0   003c08c0           SUB.D1        A15,A0,A0
000071a4   02000276           STW.D1T2      B4,*+A0[0]
000071a8   07bc18f2           MV.D2X        A15,B15
000071ac   00002c2a           MVK.S2        0x0058,B0
000071b0   0000006a           MVKH.S2       0x0000,B0
000071b4   07bc08c2           SUB.D2        B15,B0,B15
000071b8            L$_ZLNStplERKSt6stringc$cleanup5:
000071b8   07bd09c2           SUB.D2        B15,0x8,B15
000071bc   00002228           MVK.S1        0x0044,A0
000071c0   00000068           MVKH.S1       0x0000,A0
000071c4   023c08c0           SUB.D1        A15,A0,A4
000071c8   0180002a           MVK.S2        0x0000,B3
000071cc   0180006a           MVKH.S2       0x0000,B3
000071d0   00000012           B.S2          0x0071c0
000071d4   00008000           NOP           5
000071d8            L$_ZLNStplERKSt6stringc$ret6:
000071d8   07bd0942           ADD.D2        B15,0x8,B15
000071dc            L$_ZLNStplERKSt6stringc$cleanupend5:
000071dc   07bd09c2           SUB.D2        B15,0x8,B15
000071e0   0180002a           MVK.S2        0x0000,B3
000071e4   0180006a           MVKH.S2       0x0000,B3
000071e8   00000012           B.S2          0x0071e0
000071ec   00008000           NOP           5
000071f0            L$_ZLNStplERKSt6stringc$ret7:
000071f0   07bd0942           ADD.D2        B15,0x8,B15
000071f4            L$_ZLNStplERKSt6stringc$caught1:
000071f4   00001c28           MVK.S1        0x0038,A0
000071f8   00000068           MVKH.S1       0x0000,A0
000071fc   023c08c0           SUB.D1        A15,A0,A4
00007200   02100264           LDW.D1T1      *+A4[0],A4
00007204   00006000           NOP           4
00007208            L$return$_ZLNStplERKSt6stringc:
00007208   01bc2066           LDW.D1T2      *-A15[1],B3
0000720c   07bc18f2           MV.D2X        A15,B15
00007210   07bc0264           LDW.D1T1      *+A15[0],A15
00007214   00006000           NOP           4
00007218   000c0362           B.S2          B3
0000721c   00008000           NOP           5
00007220            L$_ZLNStplERKSt6stringc$pad1$s0:
00007220   0200a35a           MVK.L2        0,B4
00007224   0fffed12           B.S2          L$_ZLNStplERKSt6stringc$pad1 (PC-152 = 0x00007188)
00007228   00008000           NOP           5
0000722c            _ZLNStplEcRKSt6string:
0000722c            L$_ZLNStplERKSt6stringc$fnend:
0000722c   07bc02f4           STW.D2T1      A15,*+B15[0]
00007230   07bc18f0           MV.D1X        B15,A15
00007234   01bc2076           STW.D1T2      B3,*-A15[1]
00007238   00002c2a           MVK.S2        0x0058,B0
0000723c   0000006a           MVKH.S2       0x0000,B0
00007240   07bc08c2           SUB.D2        B15,B0,B15
00007244   00001c28           MVK.S1        0x0038,A0
00007248   00000068           MVKH.S1       0x0000,A0
0000724c   003c08c0           SUB.D1        A15,A0,A0
00007250   02000274           STW.D1T1      A4,*+A0[0]
00007254   021018f0           MV.D1X        B4,A4
00007258   000014a8           MVK.S1        0x0029,A0
0000725c   00000068           MVKH.S1       0x0000,A0
00007260   003c08c0           SUB.D1        A15,A0,A0
00007264   02000234           STB.D1T1      A4,*+A0[0]
00007268   021808f0           MV.D1         A6,A4
0000726c   00001828           MVK.S1        0x0030,A0
00007270   00000068           MVKH.S1       0x0000,A0
00007274   003c08c0           SUB.D1        A15,A0,A0
00007278   02000274           STW.D1T1      A4,*+A0[0]
0000727c   07bd09c2           SUB.D2        B15,0x8,B15
00007280   00002228           MVK.S1        0x0044,A0
00007284   00000068           MVKH.S1       0x0000,A0
00007288   023c08c0           SUB.D1        A15,A0,A4
0000728c   07bd09c2           SUB.D2        B15,0x8,B15
00007290   023c02f4           STW.D2T1      A4,*+B15[0]
00007294   020000a8           MVK.S1        0x0001,A4
00007298   02000068           MVKH.S1       0x0000,A4
0000729c   07bd09c2           SUB.D2        B15,0x8,B15
000072a0   023c02f4           STW.D2T1      A4,*+B15[0]
000072a4   000014a8           MVK.S1        0x0029,A0
000072a8   00000068           MVKH.S1       0x0000,A0
000072ac   023c08c0           SUB.D1        A15,A0,A4
000072b0   02100224           LDB.D1T1      *+A4[0],A4
000072b4   00006000           NOP           4
000072b8   031008f0           MV.D1         A4,A6
000072bc   023c02e6           LDW.D2T2      *+B15[0],B4
000072c0   00006000           NOP           4
000072c4   07bd0942           ADD.D2        B15,0x8,B15
000072c8   023c02e4           LDW.D2T1      *+B15[0],A4
000072cc   00006000           NOP           4
000072d0   07bd0942           ADD.D2        B15,0x8,B15
000072d4   0180002a           MVK.S2        0x0000,B3
000072d8   0180006a           MVKH.S2       0x0000,B3
000072dc   00000012           B.S2          0x0072c0
000072e0   00008000           NOP           5
000072e4            L$_ZLNStplEcRKSt6string$ret0:
000072e4   07bd0942           ADD.D2        B15,0x8,B15
000072e8            L$_ZLNStplEcRKSt6string$try1:
000072e8   07bd09c2           SUB.D2        B15,0x8,B15
000072ec   00002228           MVK.S1        0x0044,A0
000072f0   00000068           MVKH.S1       0x0000,A0
000072f4   023c08c0           SUB.D1        A15,A0,A4
000072f8   07bd09c2           SUB.D2        B15,0x8,B15
000072fc   023c02f4           STW.D2T1      A4,*+B15[0]
00007300   00001828           MVK.S1        0x0030,A0
00007304   00000068           MVKH.S1       0x0000,A0
00007308   023c08c0           SUB.D1        A15,A0,A4
0000730c   02100264           LDW.D1T1      *+A4[0],A4
00007310   00006000           NOP           4
00007314   021018f2           MV.D2X        A4,B4
00007318   023c02e4           LDW.D2T1      *+B15[0],A4
0000731c   00006000           NOP           4
00007320   07bd0942           ADD.D2        B15,0x8,B15
00007324   0180002a           MVK.S2        0x0000,B3
00007328   0180006a           MVKH.S2       0x0000,B3
0000732c   00000012           B.S2          0x007320
00007330   00008000           NOP           5
00007334            L$_ZLNStplEcRKSt6string$ret2:
00007334   07bd0942           ADD.D2        B15,0x8,B15
00007338   00002228           MVK.S1        0x0044,A0
0000733c   00000068           MVKH.S1       0x0000,A0
00007340   023c08c0           SUB.D1        A15,A0,A4
00007344   07bd09c2           SUB.D2        B15,0x8,B15
00007348   023c02f4           STW.D2T1      A4,*+B15[0]
0000734c   00002828           MVK.S1        0x0050,A0
00007350   00000068           MVKH.S1       0x0000,A0
00007354   023c08c0           SUB.D1        A15,A0,A4
00007358   031008f0           MV.D1         A4,A6
0000735c   023c02e4           LDW.D2T1      *+B15[0],A4
00007360   00006000           NOP           4
00007364   07bd0942           ADD.D2        B15,0x8,B15
00007368   00100940           MV.D1         A4,A0
0000736c   01800264           LDW.D1T1      *+A0[0],A3
00007370   00006000           NOP           4
00007374   00180940           MV.D1         A6,A0
00007378   01800274           STW.D1T1      A3,*+A0[0]
0000737c   00108940           ADD.D1        A4,0x4,A0
00007380   01800264           LDW.D1T1      *+A0[0],A3
00007384   00006000           NOP           4
00007388   00188940           ADD.D1        A6,0x4,A0
0000738c   01800274           STW.D1T1      A3,*+A0[0]
00007390   00110940           ADD.D1        A4,0x8,A0
00007394   01800264           LDW.D1T1      *+A0[0],A3
00007398   00006000           NOP           4
0000739c   00190940           ADD.D1        A6,0x8,A0
000073a0   01800274           STW.D1T1      A3,*+A0[0]
000073a4   021808f0           MV.D1         A6,A4
000073a8   00002828           MVK.S1        0x0050,A0
000073ac   00000068           MVKH.S1       0x0000,A0
000073b0   023c08c0           SUB.D1        A15,A0,A4
000073b4   00001c28           MVK.S1        0x0038,A0
000073b8   00000068           MVKH.S1       0x0000,A0
000073bc   033c08c0           SUB.D1        A15,A0,A6
000073c0   03180264           LDW.D1T1      *+A6[0],A6
000073c4   00006000           NOP           4
000073c8   00100940           MV.D1         A4,A0
000073cc   01800264           LDW.D1T1      *+A0[0],A3
000073d0   00006000           NOP           4
000073d4   00180940           MV.D1         A6,A0
000073d8   01800274           STW.D1T1      A3,*+A0[0]
000073dc   00108940           ADD.D1        A4,0x4,A0
000073e0   01800264           LDW.D1T1      *+A0[0],A3
000073e4   00006000           NOP           4
000073e8   00188940           ADD.D1        A6,0x4,A0
000073ec   01800274           STW.D1T1      A3,*+A0[0]
000073f0   00110940           ADD.D1        A4,0x8,A0
000073f4   01800264           LDW.D1T1      *+A0[0],A3
000073f8   00006000           NOP           4
000073fc   00190940           ADD.D1        A6,0x8,A0
00007400   01800274           STW.D1T1      A3,*+A0[0]
00007404            L$_ZLNStplEcRKSt6string$noresult3:
00007404   021808f0           MV.D1         A6,A4
00007408   00001792           B.S2          L$return$_ZLNStplEcRKSt6string (PC+188 = 0x000074bc)
0000740c   00008000           NOP           5
00007410   07bd09c2           SUB.D2        B15,0x8,B15
00007414   00002228           MVK.S1        0x0044,A0
00007418   00000068           MVKH.S1       0x0000,A0
0000741c   023c08c0           SUB.D1        A15,A0,A4
00007420   0180002a           MVK.S2        0x0000,B3
00007424   0180006a           MVKH.S2       0x0000,B3
00007428   00000012           B.S2          0x007420
0000742c   00008000           NOP           5
00007430            L$_ZLNStplEcRKSt6string$ret4:
00007430   07bd0942           ADD.D2        B15,0x8,B15
00007434            L$_ZLNStplEcRKSt6string$tryend1:
00007434   00001112           B.S2          L$_ZLNStplEcRKSt6string$caught1 (PC+136 = 0x000074a8)
00007438   00008000           NOP           5
0000743c            L$_ZLNStplEcRKSt6string$pad1:
0000743c   00002a28           MVK.S1        0x0054,A0
00007440   00000068           MVKH.S1       0x0000,A0
00007444   003c08c0           SUB.D1        A15,A0,A0
00007448   02000274           STW.D1T1      A4,*+A0[0]
0000744c   00002c28           MVK.S1        0x0058,A0
00007450   00000068           MVKH.S1       0x0000,A0
00007454   003c08c0           SUB.D1        A15,A0,A0
00007458   02000276           STW.D1T2      B4,*+A0[0]
0000745c   07bc18f2           MV.D2X        A15,B15
00007460   00002c2a           MVK.S2        0x0058,B0
00007464   0000006a           MVKH.S2       0x0000,B0
00007468   07bc08c2           SUB.D2        B15,B0,B15
0000746c            L$_ZLNStplEcRKSt6string$cleanup5:
0000746c   07bd09c2           SUB.D2        B15,0x8,B15
00007470   00002228           MVK.S1        0x0044,A0
00007474   00000068           MVKH.S1       0x0000,A0
00007478   023c08c0           SUB.D1        A15,A0,A4
0000747c   0180002a           MVK.S2        0x0000,B3
00007480   0180006a           MVKH.S2       0x0000,B3
00007484   00000012           B.S2          0x007480
00007488   00008000           NOP           5
0000748c            L$_ZLNStplEcRKSt6string$ret6:
0000748c   07bd0942           ADD.D2        B15,0x8,B15
00007490            L$_ZLNStplEcRKSt6string$cleanupend5:
00007490   07bd09c2           SUB.D2        B15,0x8,B15
00007494   0180002a           MVK.S2        0x0000,B3
00007498   0180006a           MVKH.S2       0x0000,B3
0000749c   00000012           B.S2          0x007480
000074a0   00008000           NOP           5
000074a4            L$_ZLNStplEcRKSt6string$ret7:
000074a4   07bd0942           ADD.D2        B15,0x8,B15
000074a8            L$_ZLNStplEcRKSt6string$caught1:
000074a8   00001c28           MVK.S1        0x0038,A0
000074ac   00000068           MVKH.S1       0x0000,A0
000074b0   023c08c0           SUB.D1        A15,A0,A4
000074b4   02100264           LDW.D1T1      *+A4[0],A4
000074b8   00006000           NOP           4
000074bc            L$return$_ZLNStplEcRKSt6string:
000074bc   01bc2066           LDW.D1T2      *-A15[1],B3
000074c0   07bc18f2           MV.D2X        A15,B15
000074c4   07bc0264           LDW.D1T1      *+A15[0],A15
000074c8   00006000           NOP           4
000074cc   000c0362           B.S2          B3
000074d0   00008000           NOP           5
000074d4            L$_ZLNStplEcRKSt6string$pad1$s0:
000074d4   0200a35a           MVK.L2        0,B4
000074d8   0fffef92           B.S2          L$_ZLNStplEcRKSt6string$pad1 (PC-132 = 0x0000743c)
000074dc   00008000           NOP           5
000074e0            _ZLNSt9to_stringEx:
000074e0            L$_ZLNStplEcRKSt6string$fnend:
000074e0   07bc02f4           STW.D2T1      A15,*+B15[0]
000074e4   07bc18f0           MV.D1X        B15,A15
000074e8   01bc2076           STW.D1T2      B3,*-A15[1]
000074ec   00004c2a           MVK.S2        0x0098,B0
000074f0   0000006a           MVKH.S2       0x0000,B0
000074f4   07bc08c2           SUB.D2        B15,B0,B15
000074f8   00001c28           MVK.S1        0x0038,A0
000074fc   00000068           MVKH.S1       0x0000,A0
00007500   003c08c0           SUB.D1        A15,A0,A0
00007504   02000274           STW.D1T1      A4,*+A0[0]
00007508   021018f0           MV.D1X        B4,A4
0000750c   029418f0           MV.D1X        B5,A5
00007510   00001828           MVK.S1        0x0030,A0
00007514   00000068           MVKH.S1       0x0000,A0
00007518   003c08c0           SUB.D1        A15,A0,A0
0000751c   02000344           STDW.D1T1     A5:A4,*+A0[0]
00007520   02000028           MVK.S1        0x0000,A4
00007524   02000068           MVKH.S1       0x0000,A4
00007528   07bd09c2           SUB.D2        B15,0x8,B15
0000752c   023c02f4           STW.D2T1      A4,*+B15[0]
00007530   00002e28           MVK.S1        0x005c,A0
00007534   00000068           MVKH.S1       0x0000,A0
00007538   023c08c0           SUB.D1        A15,A0,A4
0000753c   031008f0           MV.D1         A4,A6
00007540   023c02e4           LDW.D2T1      *+B15[0],A4
00007544   00006000           NOP           4
00007548   07bd0942           ADD.D2        B15,0x8,B15
0000754c   02180274           STW.D1T1      A4,*+A6[0]
00007550   00001828           MVK.S1        0x0030,A0
00007554   00000068           MVKH.S1       0x0000,A0
00007558   023c08c0           SUB.D1        A15,A0,A4
0000755c   02100364           LDDW.D1T1     *+A4[0],A5:A4
00007560   00006000           NOP           4
00007564   07bd09c2           SUB.D2        B15,0x8,B15
00007568   023c03c4           STDW.D2T1     A5:A4,*+B15[0]
0000756c   02000028           MVK.S1        0x0000,A4
00007570   02000068           MVKH.S1       0x0000,A4
00007574   0293eda0           SHR.S1        A4,0x1f,A5
00007578   031008f0           MV.D1         A4,A6
0000757c   039408f0           MV.D1         A5,A7
00007580   023c03e4           LDDW.D2T1     *+B15[0],A5:A4
00007584   00006000           NOP           4
00007588   07bd0942           ADD.D2        B15,0x8,B15
0000758c   001caaf8           CMPLT.L1      A5,A7,A0
00007590   019caa78           CMPEQ.L1      A5,A7,A3
00007594   02188bf8           CMPLTU.L1     A4,A6,A4
00007598   021069b0           AND.D1        A3,A4,A4
0000759c   021008b0           OR.D1         A0,A4,A4
000075a0   07bd09c2           SUB.D2        B15,0x8,B15
000075a4   023c02f4           STW.D2T1      A4,*+B15[0]
000075a8   00002ea8           MVK.S1        0x005d,A0
000075ac   00000068           MVKH.S1       0x0000,A0
000075b0   023c08c0           SUB.D1        A15,A0,A4
000075b4   031008f0           MV.D1         A4,A6
000075b8   023c02e4           LDW.D2T1      *+B15[0],A4
000075bc   00006000           NOP           4
000075c0   07bd0942           ADD.D2        B15,0x8,B15
000075c4   02180234           STB.D1T1      A4,*+A6[0]
000075c8   00002ea8           MVK.S1        0x005d,A0
000075cc   00000068           MVKH.S1       0x0000,A0
000075d0   023c08c0           SUB.D1        A15,A0,A4
000075d4   02100214           LDBU.D1T1     *+A4[0],A4
000075d8   00006000           NOP           4
000075dc   02100a58           CMPEQ.L1      0,A4,A4
000075e0   02102bf0           XOR.D1        1,A4,A4
000075e4   009008f0           MV.D1         A4,A1
000075e8   90000592    [!A1]  B.S2          L$_ZLNSt9to_stringEx$else0 (PC+44 = 0x0000760c)
000075ec   00008000           NOP           5
000075f0   00001828           MVK.S1        0x0030,A0
000075f4   00000068           MVKH.S1       0x0000,A0
000075f8   023c08c0           SUB.D1        A15,A0,A4
000075fc   02100364           LDDW.D1T1     *+A4[0],A5:A4
00007600   00006000           NOP           4
00007604   00000612           B.S2          L$_ZLNSt9to_stringEx$end0 (PC+48 = 0x00007630)
00007608   00008000           NOP           5
0000760c            L$_ZLNSt9to_stringEx$else0:
0000760c   00001828           MVK.S1        0x0030,A0
00007610   00000068           MVKH.S1       0x0000,A0
00007614   023c08c0           SUB.D1        A15,A0,A4
00007618   02100364           LDDW.D1T1     *+A4[0],A5:A4
0000761c   00006000           NOP           4
00007620   00100a58           CMPEQ.L1      0,A4,A0
00007624   021005a0           NEG.S1        A4,A4
00007628   0297ebf0           NOT.D1        A5,A5
0000762c   02940840           ADD.D1        A5,A0,A5
00007630            L$_ZLNSt9to_stringEx$end0:
00007630   07bd09c2           SUB.D2        B15,0x8,B15
00007634   023c02f4           STW.D2T1      A4,*+B15[0]
00007638   00003428           MVK.S1        0x0068,A0
0000763c   00000068           MVKH.S1       0x0000,A0
00007640   023c08c0           SUB.D1        A15,A0,A4
00007644   031008f0           MV.D1         A4,A6
00007648   023c02e4           LDW.D2T1      *+B15[0],A4
0000764c   00006000           NOP           4
00007650   07bd0942           ADD.D2        B15,0x8,B15
00007654   02180344           STDW.D1T1     A5:A4,*+A6[0]
00007658            L$_ZLNSt9to_stringEx$begin1:
00007658   02001828           MVK.S1        0x0030,A4
0000765c   02000068           MVKH.S1       0x0000,A4
00007660   07bd09c2           SUB.D2        B15,0x8,B15
00007664   023c02f4           STW.D2T1      A4,*+B15[0]
00007668   00003428           MVK.S1        0x0068,A0
0000766c   00000068           MVKH.S1       0x0000,A0
00007670   023c08c0           SUB.D1        A15,A0,A4
00007674   02100364           LDDW.D1T1     *+A4[0],A5:A4
00007678   00006000           NOP           4
0000767c   07bd09c2           SUB.D2        B15,0x8,B15
00007680   023c03c4           STDW.D2T1     A5:A4,*+B15[0]
00007684   02000528           MVK.S1        0x000a,A4
00007688   02000068           MVKH.S1       0x0000,A4
0000768c   0293eda0           SHR.S1        A4,0x1f,A5
00007690   031008f0           MV.D1         A4,A6
00007694   039408f0           MV.D1         A5,A7
00007698   023c03e4           LDDW.D2T1     *+B15[0],A5:A4
0000769c   00006000           NOP           4
000076a0   07bd0942           ADD.D2        B15,0x8,B15
000076a4   07bd09c2           SUB.D2        B15,0x8,B15
000076a8   021818f2           MV.D2X        A6,B4
000076ac   029c18f2           MV.D2X        A7,B5
000076b0   0180002a           MVK.S2        0x0000,B3
000076b4   0180006a           MVKH.S2       0x0000,B3
000076b8   00000012           B.S2          0x0076a0
000076bc   00008000           NOP           5
000076c0            L$_ZLNSt9to_stringEx$ret2:
000076c0   07bd0942           ADD.D2        B15,0x8,B15
000076c4   031008f0           MV.D1         A4,A6
000076c8   023c02e4           LDW.D2T1      *+B15[0],A4
000076cc   00006000           NOP           4
000076d0   07bd0942           ADD.D2        B15,0x8,B15
000076d4   0210c8c0           SUB.D1        A4,A6,A4
000076d8   02131848           EXT.S1        A4,24,24,A4
000076dc   07bd09c2           SUB.D2        B15,0x8,B15
000076e0   023c02f4           STW.D2T1      A4,*+B15[0]
000076e4   00002c28           MVK.S1        0x0058,A0
000076e8   00000068           MVKH.S1       0x0000,A0
000076ec   023c08c0           SUB.D1        A15,A0,A4
000076f0   07bd09c2           SUB.D2        B15,0x8,B15
000076f4   023c02f4           STW.D2T1      A4,*+B15[0]
000076f8   00002e28           MVK.S1        0x005c,A0
000076fc   00000068           MVKH.S1       0x0000,A0
00007700   023c08c0           SUB.D1        A15,A0,A4
00007704   02100264           LDW.D1T1      *+A4[0],A4
00007708   00006000           NOP           4
0000770c   07bd09c2           SUB.D2        B15,0x8,B15
00007710   023c02f4           STW.D2T1      A4,*+B15[0]
00007714   020000a8           MVK.S1        0x0001,A4
00007718   02000068           MVKH.S1       0x0000,A4
0000771c   031008f0           MV.D1         A4,A6
00007720   023c02e4           LDW.D2T1      *+B15[0],A4
00007724   00006000           NOP           4
00007728   07bd0942           ADD.D2        B15,0x8,B15
0000772c   02188800           MPY32.M1      A4,A6,A4
00007730   00004000           NOP           3
00007734   031008f0           MV.D1         A4,A6
00007738   023c02e4           LDW.D2T1      *+B15[0],A4
0000773c   00006000           NOP           4
00007740   07bd0942           ADD.D2        B15,0x8,B15
00007744   0210c840           ADD.D1        A4,A6,A4
00007748   031008f0           MV.D1         A4,A6
0000774c   023c02e4           LDW.D2T1      *+B15[0],A4
00007750   00006000           NOP           4
00007754   07bd0942           ADD.D2        B15,0x8,B15
00007758   02180234           STB.D1T1      A4,*+A6[0]
0000775c   00002e28           MVK.S1        0x005c,A0
00007760   00000068           MVKH.S1       0x0000,A0
00007764   023c08c0           SUB.D1        A15,A0,A4
00007768   07bd09c2           SUB.D2        B15,0x8,B15
0000776c   023c02f4           STW.D2T1      A4,*+B15[0]
00007770   02100264           LDW.D1T1      *+A4[0],A4
00007774   00006000           NOP           4
00007778   07bd09c2           SUB.D2        B15,0x8,B15
0000777c   023c02f4           STW.D2T1      A4,*+B15[0]
00007780   02102940           ADD.D1        A4,0x1,A4
00007784   033c02e4           LDW.D2T1      *+B15[0],A6
00007788   00006000           NOP           4
0000778c   07bd0942           ADD.D2        B15,0x8,B15
00007790   01bc02e4           LDW.D2T1      *+B15[0],A3
00007794   00006000           NOP           4
00007798   07bd0942           ADD.D2        B15,0x8,B15
0000779c   020c0274           STW.D1T1      A4,*+A3[0]
000077a0   021808f0           MV.D1         A6,A4
000077a4   00003428           MVK.S1        0x0068,A0
000077a8   00000068           MVKH.S1       0x0000,A0
000077ac   023c08c0           SUB.D1        A15,A0,A4
000077b0   02100364           LDDW.D1T1     *+A4[0],A5:A4
000077b4   00006000           NOP           4
000077b8   07bd09c2           SUB.D2        B15,0x8,B15
000077bc   023c03c4           STDW.D2T1     A5:A4,*+B15[0]
000077c0   02000528           MVK.S1        0x000a,A4
000077c4   02000068           MVKH.S1       0x0000,A4
000077c8   0293eda0           SHR.S1        A4,0x1f,A5
000077cc   031008f0           MV.D1         A4,A6
000077d0   039408f0           MV.D1         A5,A7
000077d4   023c03e4           LDDW.D2T1     *+B15[0],A5:A4
000077d8   00006000           NOP           4
000077dc   07bd0942           ADD.D2        B15,0x8,B15
000077e0   07bd09c2           SUB.D2        B15,0x8,B15
000077e4   021818f2           MV.D2X        A6,B4
000077e8   029c18f2           MV.D2X        A7,B5
000077ec   0180002a           MVK.S2        0x0000,B3
000077f0   0180006a           MVKH.S2       0x0000,B3
000077f4   00000012           B.S2          0x0077e0
000077f8   00008000           NOP           5
000077fc            L$_ZLNSt9to_stringEx$ret3:
000077fc   07bd0942           ADD.D2        B15,0x8,B15
00007800   07bd09c2           SUB.D2        B15,0x8,B15
00007804   023c02f4           STW.D2T1      A4,*+B15[0]
00007808   00003428           MVK.S1        0x0068,A0
0000780c   00000068           MVKH.S1       0x0000,A0
00007810   023c08c0           SUB.D1        A15,A0,A4
00007814   031008f0           MV.D1         A4,A6
00007818   023c02e4           LDW.D2T1      *+B15[0],A4
0000781c   00006000           NOP           4
00007820   07bd0942           ADD.D2        B15,0x8,B15
00007824   02180344           STDW.D1T1     A5:A4,*+A6[0]
00007828            L$_ZLNSt9to_stringEx$step1:
00007828   00003428           MVK.S1        0x0068,A0
0000782c   00000068           MVKH.S1       0x0000,A0
00007830   023c08c0           SUB.D1        A15,A0,A4
00007834   02100364           LDDW.D1T1     *+A4[0],A5:A4
00007838   00006000           NOP           4
0000783c   07bd09c2           SUB.D2        B15,0x8,B15
00007840   023c03c4           STDW.D2T1     A5:A4,*+B15[0]
00007844   02000028           MVK.S1        0x0000,A4
00007848   02000068           MVKH.S1       0x0000,A4
0000784c   0293eda0           SHR.S1        A4,0x1f,A5
00007850   031008f0           MV.D1         A4,A6
00007854   039408f0           MV.D1         A5,A7
00007858   023c03e4           LDDW.D2T1     *+B15[0],A5:A4
0000785c   00006000           NOP           4
00007860   07bd0942           ADD.D2        B15,0x8,B15
00007864   00188a78           CMPEQ.L1      A4,A6,A0
00007868   021caa78           CMPEQ.L1      A5,A7,A4
0000786c   021009b0           AND.D1        A0,A4,A4
00007870   02102bf0           XOR.D1        1,A4,A4
00007874   02100a58           CMPEQ.L1      0,A4,A4
00007878   02102bf0           XOR.D1        1,A4,A4
0000787c   009008f0           MV.D1         A4,A1
00007880   8fffbb12    [ A1]  B.S2          L$_ZLNSt9to_stringEx$begin1 (PC-552 = 0x00007658)
00007884   00008000           NOP           5
00007888            L$_ZLNSt9to_stringEx$end1:
00007888   00002ea8           MVK.S1        0x005d,A0
0000788c   00000068           MVKH.S1       0x0000,A0
00007890   023c08c0           SUB.D1        A15,A0,A4
00007894   02100214           LDBU.D1T1     *+A4[0],A4
00007898   00006000           NOP           4
0000789c   02100a58           CMPEQ.L1      0,A4,A4
000078a0   02102bf0           XOR.D1        1,A4,A4
000078a4   009008f0           MV.D1         A4,A1
000078a8   90001c12    [!A1]  B.S2          L$_ZLNSt9to_stringEx$end4 (PC+224 = 0x00007980)
000078ac   00008000           NOP           5
000078b0   020016a8           MVK.S1        0x002d,A4
000078b4   02000068           MVKH.S1       0x0000,A4
000078b8   07bd09c2           SUB.D2        B15,0x8,B15
000078bc   023c02f4           STW.D2T1      A4,*+B15[0]
000078c0   00002c28           MVK.S1        0x0058,A0
000078c4   00000068           MVKH.S1       0x0000,A0
000078c8   023c08c0           SUB.D1        A15,A0,A4
000078cc   07bd09c2           SUB.D2        B15,0x8,B15
000078d0   023c02f4           STW.D2T1      A4,*+B15[0]
000078d4   00002e28           MVK.S1        0x005c,A0
000078d8   00000068           MVKH.S1       0x0000,A0
000078dc   023c08c0           SUB.D1        A15,A0,A4
000078e0   02100264           LDW.D1T1      *+A4[0],A4
000078e4   00006000           NOP           4
000078e8   07bd09c2           SUB.D2        B15,0x8,B15
000078ec   023c02f4           STW.D2T1      A4,*+B15[0]
000078f0   020000a8           MVK.S1        0x0001,A4
000078f4   02000068           MVKH.S1       0x0000,A4
000078f8   031008f0           MV.D1         A4,A6
000078fc   023c02e4           LDW.D2T1      *+B15[0],A4
00007900   00006000           NOP           4
00007904   07bd0942           ADD.D2        B15,0x8,B15
00007908   02188800           MPY32.M1      A4,A6,A4
0000790c   00004000           NOP           3
00007910   031008f0           MV.D1         A4,A6
00007914   023c02e4           LDW.D2T1      *+B15[0],A4
00007918   00006000           NOP           4
0000791c   07bd0942           ADD.D2        B15,0x8,B15
00007920   0210c840           ADD.D1        A4,A6,A4
00007924   031008f0           MV.D1         A4,A6
00007928   023c02e4           LDW.D2T1      *+B15[0],A4
0000792c   00006000           NOP           4
00007930   07bd0942           ADD.D2        B15,0x8,B15
00007934   02180234           STB.D1T1      A4,*+A6[0]
00007938   00002e28           MVK.S1        0x005c,A0
0000793c   00000068           MVKH.S1       0x0000,A0
00007940   023c08c0           SUB.D1        A15,A0,A4
00007944   07bd09c2           SUB.D2        B15,0x8,B15
00007948   023c02f4           STW.D2T1      A4,*+B15[0]
0000794c   02100264           LDW.D1T1      *+A4[0],A4
00007950   00006000           NOP           4
00007954   07bd09c2           SUB.D2        B15,0x8,B15
00007958   023c02f4           STW.D2T1      A4,*+B15[0]
0000795c   02102940           ADD.D1        A4,0x1,A4
00007960   033c02e4           LDW.D2T1      *+B15[0],A6
00007964   00006000           NOP           4
00007968   07bd0942           ADD.D2        B15,0x8,B15
0000796c   01bc02e4           LDW.D2T1      *+B15[0],A3
00007970   00006000           NOP           4
00007974   07bd0942           ADD.D2        B15,0x8,B15
00007978   020c0274           STW.D1T1      A4,*+A3[0]
0000797c   021808f0           MV.D1         A6,A4
00007980            L$_ZLNSt9to_stringEx$end4:
00007980   07bd09c2           SUB.D2        B15,0x8,B15
00007984   00003a28           MVK.S1        0x0074,A0
00007988   00000068           MVKH.S1       0x0000,A0
0000798c   023c08c0           SUB.D1        A15,A0,A4
00007990   0180002a           MVK.S2        0x0000,B3
00007994   0180006a           MVKH.S2       0x0000,B3
00007998   00000012           B.S2          L$_ZLNSt9to_stringEx$end4 (PC+0 = 0x00007980)
0000799c   00008000           NOP           5
000079a0            L$_ZLNSt9to_stringEx$ret5:
000079a0   07bd0942           ADD.D2        B15,0x8,B15
000079a4            L$_ZLNSt9to_stringEx$try6:
000079a4   00002e28           MVK.S1        0x005c,A0
000079a8   00000068           MVKH.S1       0x0000,A0
000079ac   023c08c0           SUB.D1        A15,A0,A4
000079b0   02100264           LDW.D1T1      *+A4[0],A4
000079b4   00006000           NOP           4
000079b8   07bd09c2           SUB.D2        B15,0x8,B15
000079bc   023c02f4           STW.D2T1      A4,*+B15[0]
000079c0   00003c28           MVK.S1        0x0078,A0
000079c4   00000068           MVKH.S1       0x0000,A0
000079c8   023c08c0           SUB.D1        A15,A0,A4
000079cc   031008f0           MV.D1         A4,A6
000079d0   023c02e4           LDW.D2T1      *+B15[0],A4
000079d4   00006000           NOP           4
000079d8   07bd0942           ADD.D2        B15,0x8,B15
000079dc   02180274           STW.D1T1      A4,*+A6[0]
000079e0            L$_ZLNSt9to_stringEx$begin7:
000079e0   00003c28           MVK.S1        0x0078,A0
000079e4   00000068           MVKH.S1       0x0000,A0
000079e8   023c08c0           SUB.D1        A15,A0,A4
000079ec   07bd09c2           SUB.D2        B15,0x8,B15
000079f0   023c02f4           STW.D2T1      A4,*+B15[0]
000079f4   02100264           LDW.D1T1      *+A4[0],A4
000079f8   00006000           NOP           4
000079fc   07bd09c2           SUB.D2        B15,0x8,B15
00007a00   023c02f4           STW.D2T1      A4,*+B15[0]
00007a04   021029c0           SUB.D1        A4,0x1,A4
00007a08   033c02e4           LDW.D2T1      *+B15[0],A6
00007a0c   00006000           NOP           4
00007a10   07bd0942           ADD.D2        B15,0x8,B15
00007a14   01bc02e4           LDW.D2T1      *+B15[0],A3
00007a18   00006000           NOP           4
00007a1c   07bd0942           ADD.D2        B15,0x8,B15
00007a20   020c0274           STW.D1T1      A4,*+A3[0]
00007a24   021808f0           MV.D1         A6,A4
00007a28   07bd09c2           SUB.D2        B15,0x8,B15
00007a2c   023c02f4           STW.D2T1      A4,*+B15[0]
00007a30   02000028           MVK.S1        0x0000,A4
00007a34   02000068           MVKH.S1       0x0000,A4
00007a38   031008f0           MV.D1         A4,A6
00007a3c   023c02e4           LDW.D2T1      *+B15[0],A4
00007a40   00006000           NOP           4
00007a44   07bd0942           ADD.D2        B15,0x8,B15
00007a48   021888f8           CMPGT.L1      A4,A6,A4
00007a4c   02100a58           CMPEQ.L1      0,A4,A4
00007a50   02102bf0           XOR.D1        1,A4,A4
00007a54   009008f0           MV.D1         A4,A1
00007a58   90001a12    [!A1]  B.S2          L$_ZLNSt9to_stringEx$end7 (PC+208 = 0x00007b10)
00007a5c   00008000           NOP           5
00007a60   07bd09c2           SUB.D2        B15,0x8,B15
00007a64   00003a28           MVK.S1        0x0074,A0
00007a68   00000068           MVKH.S1       0x0000,A0
00007a6c   023c08c0           SUB.D1        A15,A0,A4
00007a70   07bd09c2           SUB.D2        B15,0x8,B15
00007a74   023c02f4           STW.D2T1      A4,*+B15[0]
00007a78   00002c28           MVK.S1        0x0058,A0
00007a7c   00000068           MVKH.S1       0x0000,A0
00007a80   023c08c0           SUB.D1        A15,A0,A4
00007a84   07bd09c2           SUB.D2        B15,0x8,B15
00007a88   023c02f4           STW.D2T1      A4,*+B15[0]
00007a8c   00003c28           MVK.S1        0x0078,A0
00007a90   00000068           MVKH.S1       0x0000,A0
00007a94   023c08c0           SUB.D1        A15,A0,A4
00007a98   02100264           LDW.D1T1      *+A4[0],A4
00007a9c   00006000           NOP           4
00007aa0   07bd09c2           SUB.D2        B15,0x8,B15
00007aa4   023c02f4           STW.D2T1      A4,*+B15[0]
00007aa8   020000a8           MVK.S1        0x0001,A4
00007aac   02000068           MVKH.S1       0x0000,A4
00007ab0   031008f0           MV.D1         A4,A6
00007ab4   023c02e4           LDW.D2T1      *+B15[0],A4
00007ab8   00006000           NOP           4
00007abc   07bd0942           ADD.D2        B15,0x8,B15
00007ac0   02188800           MPY32.M1      A4,A6,A4
00007ac4   00004000           NOP           3
00007ac8   031008f0           MV.D1         A4,A6
00007acc   023c02e4           LDW.D2T1      *+B15[0],A4
00007ad0   00006000           NOP           4
00007ad4   07bd0942           ADD.D2        B15,0x8,B15
00007ad8   0210c840           ADD.D1        A4,A6,A4
00007adc   02100224           LDB.D1T1      *+A4[0],A4
00007ae0   00006000           NOP           4
00007ae4   021018f2           MV.D2X        A4,B4
00007ae8   023c02e4           LDW.D2T1      *+B15[0],A4
00007aec   00006000           NOP           4
00007af0   07bd0942           ADD.D2        B15,0x8,B15
00007af4   0180002a           MVK.S2        0x0000,B3
00007af8   0180006a           MVKH.S2       0x0000,B3
00007afc   00000012           B.S2          0x007ae0
00007b00   00008000           NOP           5
00007b04            L$_ZLNSt9to_stringEx$ret8:
00007b04   07bd0942           ADD.D2        B15,0x8,B15
00007b08            L$_ZLNSt9to_stringEx$step7:
00007b08   0fffdc12           B.S2          L$_ZLNSt9to_stringEx$begin7 (PC-288 = 0x000079e0)
00007b0c   00008000           NOP           5
00007b10            L$_ZLNSt9to_stringEx$end7:
00007b10   00003a28           MVK.S1        0x0074,A0
00007b14   00000068           MVKH.S1       0x0000,A0
00007b18   023c08c0           SUB.D1        A15,A0,A4
00007b1c   07bd09c2           SUB.D2        B15,0x8,B15
00007b20   023c02f4           STW.D2T1      A4,*+B15[0]
00007b24   00004228           MVK.S1        0x0084,A0
00007b28   00000068           MVKH.S1       0x0000,A0
00007b2c   023c08c0           SUB.D1        A15,A0,A4
00007b30   031008f0           MV.D1         A4,A6
00007b34   023c02e4           LDW.D2T1      *+B15[0],A4
00007b38   00006000           NOP           4
00007b3c   07bd0942           ADD.D2        B15,0x8,B15
00007b40   00100940           MV.D1         A4,A0
00007b44   01800264           LDW.D1T1      *+A0[0],A3
00007b48   00006000           NOP           4
00007b4c   00180940           MV.D1         A6,A0
00007b50   01800274           STW.D1T1      A3,*+A0[0]
00007b54   00108940           ADD.D1        A4,0x4,A0
00007b58   01800264           LDW.D1T1      *+A0[0],A3
00007b5c   00006000           NOP           4
00007b60   00188940           ADD.D1        A6,0x4,A0
00007b64   01800274           STW.D1T1      A3,*+A0[0]
00007b68   00110940           ADD.D1        A4,0x8,A0
00007b6c   01800264           LDW.D1T1      *+A0[0],A3
00007b70   00006000           NOP           4
00007b74   00190940           ADD.D1        A6,0x8,A0
00007b78   01800274           STW.D1T1      A3,*+A0[0]
00007b7c   021808f0           MV.D1         A6,A4
00007b80   00004228           MVK.S1        0x0084,A0
00007b84   00000068           MVKH.S1       0x0000,A0
00007b88   023c08c0           SUB.D1        A15,A0,A4
00007b8c   00001c28           MVK.S1        0x0038,A0
00007b90   00000068           MVKH.S1       0x0000,A0
00007b94   033c08c0           SUB.D1        A15,A0,A6
00007b98   03180264           LDW.D1T1      *+A6[0],A6
00007b9c   00006000           NOP           4
00007ba0   00100940           MV.D1         A4,A0
00007ba4   01800264           LDW.D1T1      *+A0[0],A3
00007ba8   00006000           NOP           4
00007bac   00180940           MV.D1         A6,A0
00007bb0   01800274           STW.D1T1      A3,*+A0[0]
00007bb4   00108940           ADD.D1        A4,0x4,A0
00007bb8   01800264           LDW.D1T1      *+A0[0],A3
00007bbc   00006000           NOP           4
00007bc0   00188940           ADD.D1        A6,0x4,A0
00007bc4   01800274           STW.D1T1      A3,*+A0[0]
00007bc8   00110940           ADD.D1        A4,0x8,A0
00007bcc   01800264           LDW.D1T1      *+A0[0],A3
00007bd0   00006000           NOP           4
00007bd4   00190940           ADD.D1        A6,0x8,A0
00007bd8   01800274           STW.D1T1      A3,*+A0[0]
00007bdc            L$_ZLNSt9to_stringEx$noresult9:
00007bdc   021808f0           MV.D1         A6,A4
00007be0   00001692           B.S2          L$return$_ZLNSt9to_stringEx (PC+180 = 0x00007c94)
00007be4   00008000           NOP           5
00007be8   07bd09c2           SUB.D2        B15,0x8,B15
00007bec   00003a28           MVK.S1        0x0074,A0
00007bf0   00000068           MVKH.S1       0x0000,A0
00007bf4   023c08c0           SUB.D1        A15,A0,A4
00007bf8   0180002a           MVK.S2        0x0000,B3
00007bfc   0180006a           MVKH.S2       0x0000,B3
00007c00   00000012           B.S2          0x007c00
00007c04   00008000           NOP           5
00007c08            L$_ZLNSt9to_stringEx$ret10:
00007c08   07bd0942           ADD.D2        B15,0x8,B15
00007c0c            L$_ZLNSt9to_stringEx$tryend6:
00007c0c   00001012           B.S2          L$_ZLNSt9to_stringEx$caught6 (PC+128 = 0x00007c80)
00007c10   00008000           NOP           5
00007c14            L$_ZLNSt9to_stringEx$pad6:
00007c14   00004428           MVK.S1        0x0088,A0
00007c18   00000068           MVKH.S1       0x0000,A0
00007c1c   003c08c0           SUB.D1        A15,A0,A0
00007c20   02000274           STW.D1T1      A4,*+A0[0]
00007c24   00004628           MVK.S1        0x008c,A0
00007c28   00000068           MVKH.S1       0x0000,A0
00007c2c   003c08c0           SUB.D1        A15,A0,A0
00007c30   02000276           STW.D1T2      B4,*+A0[0]
00007c34   07bc18f2           MV.D2X        A15,B15
00007c38   00004c2a           MVK.S2        0x0098,B0
00007c3c   0000006a           MVKH.S2       0x0000,B0
00007c40   07bc08c2           SUB.D2        B15,B0,B15
00007c44            L$_ZLNSt9to_stringEx$cleanup11:
00007c44   07bd09c2           SUB.D2        B15,0x8,B15
00007c48   00003a28           MVK.S1        0x0074,A0
00007c4c   00000068           MVKH.S1       0x0000,A0
00007c50   023c08c0           SUB.D1        A15,A0,A4
00007c54   0180002a           MVK.S2        0x0000,B3
00007c58   0180006a           MVKH.S2       0x0000,B3
00007c5c   00000012           B.S2          0x007c40
00007c60   00008000           NOP           5
00007c64            L$_ZLNSt9to_stringEx$ret12:
00007c64   07bd0942           ADD.D2        B15,0x8,B15
00007c68            L$_ZLNSt9to_stringEx$cleanupend11:
00007c68   07bd09c2           SUB.D2        B15,0x8,B15
00007c6c   0180002a           MVK.S2        0x0000,B3
00007c70   0180006a           MVKH.S2       0x0000,B3
00007c74   00000012           B.S2          0x007c60
00007c78   00008000           NOP           5
00007c7c            L$_ZLNSt9to_stringEx$ret13:
00007c7c   07bd0942           ADD.D2        B15,0x8,B15
00007c80            L$_ZLNSt9to_stringEx$caught6:
00007c80   00001c28           MVK.S1        0x0038,A0
00007c84   00000068           MVKH.S1       0x0000,A0
00007c88   023c08c0           SUB.D1        A15,A0,A4
00007c8c   02100264           LDW.D1T1      *+A4[0],A4
00007c90   00006000           NOP           4
00007c94            L$return$_ZLNSt9to_stringEx:
00007c94   01bc2066           LDW.D1T2      *-A15[1],B3
00007c98   07bc18f2           MV.D2X        A15,B15
00007c9c   07bc0264           LDW.D1T1      *+A15[0],A15
00007ca0   00006000           NOP           4
00007ca4   000c0362           B.S2          B3
00007ca8   00008000           NOP           5
00007cac            L$_ZLNSt9to_stringEx$pad6$s0:
00007cac   0200a35a           MVK.L2        0,B4
00007cb0   0fffee92           B.S2          L$_ZLNSt9to_stringEx$pad6 (PC-140 = 0x00007c14)
00007cb4   00008000           NOP           5
00007cb8            _ZLNSt9to_stringEi:
00007cb8            L$_ZLNSt9to_stringEx$fnend:
00007cb8   07bc02f4           STW.D2T1      A15,*+B15[0]
00007cbc   07bc18f0           MV.D1X        B15,A15
00007cc0   01bc2076           STW.D1T2      B3,*-A15[1]
00007cc4   0000242a           MVK.S2        0x0048,B0
00007cc8   0000006a           MVKH.S2       0x0000,B0
00007ccc   07bc08c2           SUB.D2        B15,B0,B15
00007cd0   00001c28           MVK.S1        0x0038,A0
00007cd4   00000068           MVKH.S1       0x0000,A0
00007cd8   003c08c0           SUB.D1        A15,A0,A0
00007cdc   02000274           STW.D1T1      A4,*+A0[0]
00007ce0   021018f0           MV.D1X        B4,A4
00007ce4   00001628           MVK.S1        0x002c,A0
00007ce8   00000068           MVKH.S1       0x0000,A0
00007cec   003c08c0           SUB.D1        A15,A0,A0
00007cf0   02000274           STW.D1T1      A4,*+A0[0]
00007cf4   07bd09c2           SUB.D2        B15,0x8,B15
00007cf8   00001628           MVK.S1        0x002c,A0
00007cfc   00000068           MVKH.S1       0x0000,A0
00007d00   023c08c0           SUB.D1        A15,A0,A4
00007d04   02100264           LDW.D1T1      *+A4[0],A4
00007d08   00006000           NOP           4
00007d0c   0293eda0           SHR.S1        A4,0x1f,A5
00007d10   021018f2           MV.D2X        A4,B4
00007d14   029418f2           MV.D2X        A5,B5
00007d18   00002228           MVK.S1        0x0044,A0
00007d1c   00000068           MVKH.S1       0x0000,A0
00007d20   023c08c0           SUB.D1        A15,A0,A4
00007d24   0180002a           MVK.S2        0x0000,B3
00007d28   0180006a           MVKH.S2       0x0000,B3
00007d2c   0ffef812           B.S2          L$_ZLNStplEcRKSt6string$fnend (PC-2112 = 0x000074e0)
00007d30   00008000           NOP           5
00007d34            L$_ZLNSt9to_stringEi$ret0:
00007d34   07bd0942           ADD.D2        B15,0x8,B15
00007d38   00002228           MVK.S1        0x0044,A0
00007d3c   00000068           MVKH.S1       0x0000,A0
00007d40   023c08c0           SUB.D1        A15,A0,A4
00007d44   00001c28           MVK.S1        0x0038,A0
00007d48   00000068           MVKH.S1       0x0000,A0
00007d4c   033c08c0           SUB.D1        A15,A0,A6
00007d50   03180264           LDW.D1T1      *+A6[0],A6
00007d54   00006000           NOP           4
00007d58   00100940           MV.D1         A4,A0
00007d5c   01800264           LDW.D1T1      *+A0[0],A3
00007d60   00006000           NOP           4
00007d64   00180940           MV.D1         A6,A0
00007d68   01800274           STW.D1T1      A3,*+A0[0]
00007d6c   00108940           ADD.D1        A4,0x4,A0
00007d70   01800264           LDW.D1T1      *+A0[0],A3
00007d74   00006000           NOP           4
00007d78   00188940           ADD.D1        A6,0x4,A0
00007d7c   01800274           STW.D1T1      A3,*+A0[0]
00007d80   00110940           ADD.D1        A4,0x8,A0
00007d84   01800264           LDW.D1T1      *+A0[0],A3
00007d88   00006000           NOP           4
00007d8c   00190940           ADD.D1        A6,0x8,A0
00007d90   01800274           STW.D1T1      A3,*+A0[0]
00007d94            L$_ZLNSt9to_stringEi$noresult1:
00007d94   021808f0           MV.D1         A6,A4
00007d98   00000692           B.S2          L$return$_ZLNSt9to_stringEi (PC+52 = 0x00007db4)
00007d9c   00008000           NOP           5
00007da0   00001c28           MVK.S1        0x0038,A0
00007da4   00000068           MVKH.S1       0x0000,A0
00007da8   023c08c0           SUB.D1        A15,A0,A4
00007dac   02100264           LDW.D1T1      *+A4[0],A4
00007db0   00006000           NOP           4
00007db4            L$return$_ZLNSt9to_stringEi:
00007db4   01bc2066           LDW.D1T2      *-A15[1],B3
00007db8   07bc18f2           MV.D2X        A15,B15
00007dbc   07bc0264           LDW.D1T1      *+A15[0],A15
00007dc0   00006000           NOP           4
00007dc4   000c0362           B.S2          B3
00007dc8   00008000           NOP           5
00007dcc            _ZLNSt9to_stringEl:
00007dcc   07bc02f4           STW.D2T1      A15,*+B15[0]
00007dd0   07bc18f0           MV.D1X        B15,A15
00007dd4   01bc2076           STW.D1T2      B3,*-A15[1]
00007dd8   0000242a           MVK.S2        0x0048,B0
00007ddc   0000006a           MVKH.S2       0x0000,B0
00007de0   07bc08c2           SUB.D2        B15,B0,B15
00007de4   00001c28           MVK.S1        0x0038,A0
00007de8   00000068           MVKH.S1       0x0000,A0
00007dec   003c08c0           SUB.D1        A15,A0,A0
00007df0   02000274           STW.D1T1      A4,*+A0[0]
00007df4   021018f0           MV.D1X        B4,A4
00007df8   00001628           MVK.S1        0x002c,A0
00007dfc   00000068           MVKH.S1       0x0000,A0
00007e00   003c08c0           SUB.D1        A15,A0,A0
00007e04   02000274           STW.D1T1      A4,*+A0[0]
00007e08   07bd09c2           SUB.D2        B15,0x8,B15
00007e0c   00001628           MVK.S1        0x002c,A0
00007e10   00000068           MVKH.S1       0x0000,A0
00007e14   023c08c0           SUB.D1        A15,A0,A4
00007e18   02100264           LDW.D1T1      *+A4[0],A4
00007e1c   00006000           NOP           4
00007e20   0293eda0           SHR.S1        A4,0x1f,A5
00007e24   021018f2           MV.D2X        A4,B4
00007e28   029418f2           MV.D2X        A5,B5
00007e2c   00002228           MVK.S1        0x0044,A0
00007e30   00000068           MVKH.S1       0x0000,A0
00007e34   023c08c0           SUB.D1        A15,A0,A4
00007e38   0180002a           MVK.S2        0x0000,B3
00007e3c   0180006a           MVKH.S2       0x0000,B3
00007e40   0ffed412           B.S2          L$_ZLNStplEcRKSt6string$fnend (PC-2400 = 0x000074e0)
00007e44   00008000           NOP           5
00007e48            L$_ZLNSt9to_stringEl$ret0:
00007e48   07bd0942           ADD.D2        B15,0x8,B15
00007e4c   00002228           MVK.S1        0x0044,A0
00007e50   00000068           MVKH.S1       0x0000,A0
00007e54   023c08c0           SUB.D1        A15,A0,A4
00007e58   00001c28           MVK.S1        0x0038,A0
00007e5c   00000068           MVKH.S1       0x0000,A0
00007e60   033c08c0           SUB.D1        A15,A0,A6
00007e64   03180264           LDW.D1T1      *+A6[0],A6
00007e68   00006000           NOP           4
00007e6c   00100940           MV.D1         A4,A0
00007e70   01800264           LDW.D1T1      *+A0[0],A3
00007e74   00006000           NOP           4
00007e78   00180940           MV.D1         A6,A0
00007e7c   01800274           STW.D1T1      A3,*+A0[0]
00007e80   00108940           ADD.D1        A4,0x4,A0
00007e84   01800264           LDW.D1T1      *+A0[0],A3
00007e88   00006000           NOP           4
00007e8c   00188940           ADD.D1        A6,0x4,A0
00007e90   01800274           STW.D1T1      A3,*+A0[0]
00007e94   00110940           ADD.D1        A4,0x8,A0
00007e98   01800264           LDW.D1T1      *+A0[0],A3
00007e9c   00006000           NOP           4
00007ea0   00190940           ADD.D1        A6,0x8,A0
00007ea4   01800274           STW.D1T1      A3,*+A0[0]
00007ea8            L$_ZLNSt9to_stringEl$noresult1:
00007ea8   021808f0           MV.D1         A6,A4
00007eac   00000512           B.S2          L$return$_ZLNSt9to_stringEl (PC+40 = 0x00007ec8)
00007eb0   00008000           NOP           5
00007eb4   00001c28           MVK.S1        0x0038,A0
00007eb8   00000068           MVKH.S1       0x0000,A0
00007ebc   023c08c0           SUB.D1        A15,A0,A4
00007ec0   02100264           LDW.D1T1      *+A4[0],A4
00007ec4   00006000           NOP           4
00007ec8            L$return$_ZLNSt9to_stringEl:
00007ec8   01bc2066           LDW.D1T2      *-A15[1],B3
00007ecc   07bc18f2           MV.D2X        A15,B15
00007ed0   07bc0264           LDW.D1T1      *+A15[0],A15
00007ed4   00006000           NOP           4
00007ed8   000c0362           B.S2          B3
00007edc   00008000           NOP           5
00007ee0            _ZLNSt9to_stringEj:
00007ee0   07bc02f4           STW.D2T1      A15,*+B15[0]
00007ee4   07bc18f0           MV.D1X        B15,A15
00007ee8   01bc2076           STW.D1T2      B3,*-A15[1]
00007eec   0000242a           MVK.S2        0x0048,B0
00007ef0   0000006a           MVKH.S2       0x0000,B0
00007ef4   07bc08c2           SUB.D2        B15,B0,B15
00007ef8   00001c28           MVK.S1        0x0038,A0
00007efc   00000068           MVKH.S1       0x0000,A0
00007f00   003c08c0           SUB.D1        A15,A0,A0
00007f04   02000274           STW.D1T1      A4,*+A0[0]
00007f08   021018f0           MV.D1X        B4,A4
00007f0c   00001628           MVK.S1        0x002c,A0
00007f10   00000068           MVKH.S1       0x0000,A0
00007f14   003c08c0           SUB.D1        A15,A0,A0
00007f18   02000274           STW.D1T1      A4,*+A0[0]
00007f1c   07bd09c2           SUB.D2        B15,0x8,B15
00007f20   00001628           MVK.S1        0x002c,A0
00007f24   00000068           MVKH.S1       0x0000,A0
00007f28   023c08c0           SUB.D1        A15,A0,A4
00007f2c   02100264           LDW.D1T1      *+A4[0],A4
00007f30   00006000           NOP           4
00007f34   0280a358           MVK.L1        0,A5
00007f38   021018f2           MV.D2X        A4,B4
00007f3c   029418f2           MV.D2X        A5,B5
00007f40   00002228           MVK.S1        0x0044,A0
00007f44   00000068           MVKH.S1       0x0000,A0
00007f48   023c08c0           SUB.D1        A15,A0,A4
00007f4c   0180002a           MVK.S2        0x0000,B3
00007f50   0180006a           MVKH.S2       0x0000,B3
00007f54   0ffeb412           B.S2          L$_ZLNStplEcRKSt6string$fnend (PC-2656 = 0x000074e0)
00007f58   00008000           NOP           5
00007f5c            L$_ZLNSt9to_stringEj$ret0:
00007f5c   07bd0942           ADD.D2        B15,0x8,B15
00007f60   00002228           MVK.S1        0x0044,A0
00007f64   00000068           MVKH.S1       0x0000,A0
00007f68   023c08c0           SUB.D1        A15,A0,A4
00007f6c   00001c28           MVK.S1        0x0038,A0
00007f70   00000068           MVKH.S1       0x0000,A0
00007f74   033c08c0           SUB.D1        A15,A0,A6
00007f78   03180264           LDW.D1T1      *+A6[0],A6
00007f7c   00006000           NOP           4
00007f80   00100940           MV.D1         A4,A0
00007f84   01800264           LDW.D1T1      *+A0[0],A3
00007f88   00006000           NOP           4
00007f8c   00180940           MV.D1         A6,A0
00007f90   01800274           STW.D1T1      A3,*+A0[0]
00007f94   00108940           ADD.D1        A4,0x4,A0
00007f98   01800264           LDW.D1T1      *+A0[0],A3
00007f9c   00006000           NOP           4
00007fa0   00188940           ADD.D1        A6,0x4,A0
00007fa4   01800274           STW.D1T1      A3,*+A0[0]
00007fa8   00110940           ADD.D1        A4,0x8,A0
00007fac   01800264           LDW.D1T1      *+A0[0],A3
00007fb0   00006000           NOP           4
00007fb4   00190940           ADD.D1        A6,0x8,A0
00007fb8   01800274           STW.D1T1      A3,*+A0[0]
00007fbc            L$_ZLNSt9to_stringEj$noresult1:
00007fbc   021808f0           MV.D1         A6,A4
00007fc0   00000392           B.S2          L$return$_ZLNSt9to_stringEj (PC+28 = 0x00007fdc)
00007fc4   00008000           NOP           5
00007fc8   00001c28           MVK.S1        0x0038,A0
00007fcc   00000068           MVKH.S1       0x0000,A0
00007fd0   023c08c0           SUB.D1        A15,A0,A4
00007fd4   02100264           LDW.D1T1      *+A4[0],A4
00007fd8   00006000           NOP           4
00007fdc            L$return$_ZLNSt9to_stringEj:
00007fdc   01bc2066           LDW.D1T2      *-A15[1],B3
00007fe0   07bc18f2           MV.D2X        A15,B15
00007fe4   07bc0264           LDW.D1T1      *+A15[0],A15
00007fe8   00006000           NOP           4
00007fec   000c0362           B.S2          B3
00007ff0   00008000           NOP           5
00007ff4            _ZLNSt9to_stringEm:
00007ff4   07bc02f4           STW.D2T1      A15,*+B15[0]
00007ff8   07bc18f0           MV.D1X        B15,A15
00007ffc   01bc2076           STW.D1T2      B3,*-A15[1]
00008000   0000242a           MVK.S2        0x0048,B0
00008004   0000006a           MVKH.S2       0x0000,B0
00008008   07bc08c2           SUB.D2        B15,B0,B15
0000800c   00001c28           MVK.S1        0x0038,A0
00008010   00000068           MVKH.S1       0x0000,A0
00008014   003c08c0           SUB.D1        A15,A0,A0
00008018   02000274           STW.D1T1      A4,*+A0[0]
0000801c   021018f0           MV.D1X        B4,A4
00008020   00001628           MVK.S1        0x002c,A0
00008024   00000068           MVKH.S1       0x0000,A0
00008028   003c08c0           SUB.D1        A15,A0,A0
0000802c   02000274           STW.D1T1      A4,*+A0[0]
00008030   07bd09c2           SUB.D2        B15,0x8,B15
00008034   00001628           MVK.S1        0x002c,A0
00008038   00000068           MVKH.S1       0x0000,A0
0000803c   023c08c0           SUB.D1        A15,A0,A4
00008040   02100264           LDW.D1T1      *+A4[0],A4
00008044   00006000           NOP           4
00008048   0280a358           MVK.L1        0,A5
0000804c   021018f2           MV.D2X        A4,B4
00008050   029418f2           MV.D2X        A5,B5
00008054   00002228           MVK.S1        0x0044,A0
00008058   00000068           MVKH.S1       0x0000,A0
0000805c   023c08c0           SUB.D1        A15,A0,A4
00008060   0180002a           MVK.S2        0x0000,B3
00008064   0180006a           MVKH.S2       0x0000,B3
00008068   0ffe9012           B.S2          L$_ZLNStplEcRKSt6string$fnend (PC-2944 = 0x000074e0)
0000806c   00008000           NOP           5
00008070            L$_ZLNSt9to_stringEm$ret0:
00008070   07bd0942           ADD.D2        B15,0x8,B15
00008074   00002228           MVK.S1        0x0044,A0
00008078   00000068           MVKH.S1       0x0000,A0
0000807c   023c08c0           SUB.D1        A15,A0,A4
00008080   00001c28           MVK.S1        0x0038,A0
00008084   00000068           MVKH.S1       0x0000,A0
00008088   033c08c0           SUB.D1        A15,A0,A6
0000808c   03180264           LDW.D1T1      *+A6[0],A6
00008090   00006000           NOP           4
00008094   00100940           MV.D1         A4,A0
00008098   01800264           LDW.D1T1      *+A0[0],A3
0000809c   00006000           NOP           4
000080a0   00180940           MV.D1         A6,A0
000080a4   01800274           STW.D1T1      A3,*+A0[0]
000080a8   00108940           ADD.D1        A4,0x4,A0
000080ac   01800264           LDW.D1T1      *+A0[0],A3
000080b0   00006000           NOP           4
000080b4   00188940           ADD.D1        A6,0x4,A0
000080b8   01800274           STW.D1T1      A3,*+A0[0]
000080bc   00110940           ADD.D1        A4,0x8,A0
000080c0   01800264           LDW.D1T1      *+A0[0],A3
000080c4   00006000           NOP           4
000080c8   00190940           ADD.D1        A6,0x8,A0
000080cc   01800274           STW.D1T1      A3,*+A0[0]
000080d0            L$_ZLNSt9to_stringEm$noresult1:
000080d0   021808f0           MV.D1         A6,A4
000080d4   00000612           B.S2          L$return$_ZLNSt9to_stringEm (PC+48 = 0x000080f0)
000080d8   00008000           NOP           5
000080dc   00001c28           MVK.S1        0x0038,A0
000080e0   00000068           MVKH.S1       0x0000,A0
000080e4   023c08c0           SUB.D1        A15,A0,A4
000080e8   02100264           LDW.D1T1      *+A4[0],A4
000080ec   00006000           NOP           4
000080f0            L$return$_ZLNSt9to_stringEm:
000080f0   01bc2066           LDW.D1T2      *-A15[1],B3
000080f4   07bc18f2           MV.D2X        A15,B15
000080f8   07bc0264           LDW.D1T1      *+A15[0],A15
000080fc   00006000           NOP           4
00008100   000c0362           B.S2          B3
00008104   00008000           NOP           5
00008108            _ZN4BaseD2Ev:
00008108            _ZN4BaseD1Ev:
00008108   07bc02f4           STW.D2T1      A15,*+B15[0]
0000810c   07bc18f0           MV.D1X        B15,A15
00008110   00001c2a           MVK.S2        0x0038,B0
00008114   0000006a           MVKH.S2       0x0000,B0
00008118   07bc08c2           SUB.D2        B15,B0,B15
0000811c   00001628           MVK.S1        0x002c,A0
00008120   00000068           MVKH.S1       0x0000,A0
00008124   003c08c0           SUB.D1        A15,A0,A0
00008128   02000274           STW.D1T1      A4,*+A0[0]
0000812c   02000028           MVK.S1        0x0000,A4
00008130   02000068           MVKH.S1       0x0000,A4
00008134   07bd09c2           SUB.D2        B15,0x8,B15
00008138   023c02f4           STW.D2T1      A4,*+B15[0]
0000813c   02000428           MVK.S1        0x0008,A4
00008140   02000068           MVKH.S1       0x0000,A4
00008144   031008f0           MV.D1         A4,A6
00008148   023c02e4           LDW.D2T1      *+B15[0],A4
0000814c   00006000           NOP           4
00008150   07bd0942           ADD.D2        B15,0x8,B15
00008154   0210c840           ADD.D1        A4,A6,A4
00008158   07bd09c2           SUB.D2        B15,0x8,B15
0000815c   023c02f4           STW.D2T1      A4,*+B15[0]
00008160   00001628           MVK.S1        0x002c,A0
00008164   00000068           MVKH.S1       0x0000,A0
00008168   023c08c0           SUB.D1        A15,A0,A4
0000816c   02100264           LDW.D1T1      *+A4[0],A4
00008170   00006000           NOP           4
00008174   031008f0           MV.D1         A4,A6
00008178   023c02e4           LDW.D2T1      *+B15[0],A4
0000817c   00006000           NOP           4
00008180   07bd0942           ADD.D2        B15,0x8,B15
00008184   02180274           STW.D1T1      A4,*+A6[0]
00008188   0200a358           MVK.L1        0,A4
0000818c            L$return$_ZN4BaseD1Ev:
0000818c   07bc18f2           MV.D2X        A15,B15
00008190   07bc0264           LDW.D1T1      *+A15[0],A15
00008194   00006000           NOP           4
00008198   000c0362           B.S2          B3
0000819c   00008000           NOP           5
000081a0            _ZN4BaseD0Ev:
000081a0   07bc02f4           STW.D2T1      A15,*+B15[0]
000081a4   07bc18f0           MV.D1X        B15,A15
000081a8   01bc2076           STW.D1T2      B3,*-A15[1]
000081ac   00001c2a           MVK.S2        0x0038,B0
000081b0   0000006a           MVKH.S2       0x0000,B0
000081b4   07bc08c2           SUB.D2        B15,B0,B15
000081b8   00001628           MVK.S1        0x002c,A0
000081bc   00000068           MVKH.S1       0x0000,A0
000081c0   003c08c0           SUB.D1        A15,A0,A0
000081c4   02000274           STW.D1T1      A4,*+A0[0]
000081c8   07bd09c2           SUB.D2        B15,0x8,B15
000081cc   00001628           MVK.S1        0x002c,A0
000081d0   00000068           MVKH.S1       0x0000,A0
000081d4   023c08c0           SUB.D1        A15,A0,A4
000081d8   02100264           LDW.D1T1      *+A4[0],A4
000081dc   00006000           NOP           4
000081e0   0180002a           MVK.S2        0x0000,B3
000081e4   0180006a           MVKH.S2       0x0000,B3
000081e8   00000012           B.S2          0x0081e0
000081ec   00008000           NOP           5
000081f0            L$_ZN4BaseD0Ev$ret0:
000081f0   07bd0942           ADD.D2        B15,0x8,B15
000081f4   07bd09c2           SUB.D2        B15,0x8,B15
000081f8   00001628           MVK.S1        0x002c,A0
000081fc   00000068           MVKH.S1       0x0000,A0
00008200   023c08c0           SUB.D1        A15,A0,A4
00008204   02100264           LDW.D1T1      *+A4[0],A4
00008208   00006000           NOP           4
0000820c   0180002a           MVK.S2        0x0000,B3
00008210   0180006a           MVKH.S2       0x0000,B3
00008214   00000012           B.S2          0x008200
00008218   00008000           NOP           5
0000821c            L$_ZN4BaseD0Ev$ret1:
0000821c   07bd0942           ADD.D2        B15,0x8,B15
00008220   00000192           B.S2          L$return$_ZN4BaseD0Ev (PC+12 = 0x0000822c)
00008224   00008000           NOP           5
00008228   0200a358           MVK.L1        0,A4
0000822c            L$return$_ZN4BaseD0Ev:
0000822c   01bc2066           LDW.D1T2      *-A15[1],B3
00008230   07bc18f2           MV.D2X        A15,B15
00008234   07bc0264           LDW.D1T1      *+A15[0],A15
00008238   00006000           NOP           4
0000823c   000c0362           B.S2          B3
00008240   00008000           NOP           5
00008244            _ZN4Base1fEi:
00008244   07bc02f4           STW.D2T1      A15,*+B15[0]
00008248   07bc18f0           MV.D1X        B15,A15
0000824c   00001c2a           MVK.S2        0x0038,B0
00008250   0000006a           MVKH.S2       0x0000,B0
00008254   07bc08c2           SUB.D2        B15,B0,B15
00008258   00001828           MVK.S1        0x0030,A0
0000825c   00000068           MVKH.S1       0x0000,A0
00008260   003c08c0           SUB.D1        A15,A0,A0
00008264   02000274           STW.D1T1      A4,*+A0[0]
00008268   021018f0           MV.D1X        B4,A4
0000826c   00001628           MVK.S1        0x002c,A0
00008270   00000068           MVKH.S1       0x0000,A0
00008274   003c08c0           SUB.D1        A15,A0,A0
00008278   02000274           STW.D1T1      A4,*+A0[0]
0000827c   00001628           MVK.S1        0x002c,A0
00008280   00000068           MVKH.S1       0x0000,A0
00008284   023c08c0           SUB.D1        A15,A0,A4
00008288   02100264           LDW.D1T1      *+A4[0],A4
0000828c   00006000           NOP           4
00008290   07bd09c2           SUB.D2        B15,0x8,B15
00008294   023c02f4           STW.D2T1      A4,*+B15[0]
00008298   020000a8           MVK.S1        0x0001,A4
0000829c   02000068           MVKH.S1       0x0000,A4
000082a0   031008f0           MV.D1         A4,A6
000082a4   023c02e4           LDW.D2T1      *+B15[0],A4
000082a8   00006000           NOP           4
000082ac   07bd0942           ADD.D2        B15,0x8,B15
000082b0   0210c840           ADD.D1        A4,A6,A4
000082b4   00000412           B.S2          L$return$_ZN4Base1fEi (PC+32 = 0x000082c0)
000082b8   00008000           NOP           5
000082bc   0200a358           MVK.L1        0,A4
000082c0            L$return$_ZN4Base1fEi:
000082c0   07bc18f2           MV.D2X        A15,B15
000082c4   07bc0264           LDW.D1T1      *+A15[0],A15
000082c8   00006000           NOP           4
000082cc   000c0362           B.S2          B3
000082d0   00008000           NOP           5
000082d4            _ZN7Derived1fEi:
000082d4   07bc02f4           STW.D2T1      A15,*+B15[0]
000082d8   07bc18f0           MV.D1X        B15,A15
000082dc   00001c2a           MVK.S2        0x0038,B0
000082e0   0000006a           MVKH.S2       0x0000,B0
000082e4   07bc08c2           SUB.D2        B15,B0,B15
000082e8   00001828           MVK.S1        0x0030,A0
000082ec   00000068           MVKH.S1       0x0000,A0
000082f0   003c08c0           SUB.D1        A15,A0,A0
000082f4   02000274           STW.D1T1      A4,*+A0[0]
000082f8   021018f0           MV.D1X        B4,A4
000082fc   00001628           MVK.S1        0x002c,A0
00008300   00000068           MVKH.S1       0x0000,A0
00008304   003c08c0           SUB.D1        A15,A0,A0
00008308   02000274           STW.D1T1      A4,*+A0[0]
0000830c   00001628           MVK.S1        0x002c,A0
00008310   00000068           MVKH.S1       0x0000,A0
00008314   023c08c0           SUB.D1        A15,A0,A4
00008318   02100264           LDW.D1T1      *+A4[0],A4
0000831c   00006000           NOP           4
00008320   07bd09c2           SUB.D2        B15,0x8,B15
00008324   023c02f4           STW.D2T1      A4,*+B15[0]
00008328   02000128           MVK.S1        0x0002,A4
0000832c   02000068           MVKH.S1       0x0000,A4
00008330   031008f0           MV.D1         A4,A6
00008334   023c02e4           LDW.D2T1      *+B15[0],A4
00008338   00006000           NOP           4
0000833c   07bd0942           ADD.D2        B15,0x8,B15
00008340   02188800           MPY32.M1      A4,A6,A4
00008344   00004000           NOP           3
00008348   00000292           B.S2          L$return$_ZN7Derived1fEi (PC+20 = 0x00008354)
0000834c   00008000           NOP           5
00008350   0200a358           MVK.L1        0,A4
00008354            L$return$_ZN7Derived1fEi:
00008354   07bc18f2           MV.D2X        A15,B15
00008358   07bc0264           LDW.D1T1      *+A15[0],A15
0000835c   00006000           NOP           4
00008360   000c0362           B.S2          B3
00008364   00008000           NOP           5
00008368            _ZN7CounterC1Ev:
00008368            _ZN7CounterC2Ev:
00008368   07bc02f4           STW.D2T1      A15,*+B15[0]
0000836c   07bc18f0           MV.D1X        B15,A15
00008370   00001c2a           MVK.S2        0x0038,B0
00008374   0000006a           MVKH.S2       0x0000,B0
00008378   07bc08c2           SUB.D2        B15,B0,B15
0000837c   00001628           MVK.S1        0x002c,A0
00008380   00000068           MVKH.S1       0x0000,A0
00008384   003c08c0           SUB.D1        A15,A0,A0
00008388   02000274           STW.D1T1      A4,*+A0[0]
0000838c   020003a8           MVK.S1        0x0007,A4
00008390   02000068           MVKH.S1       0x0000,A4
00008394   07bd09c2           SUB.D2        B15,0x8,B15
00008398   023c02f4           STW.D2T1      A4,*+B15[0]
0000839c   00001628           MVK.S1        0x002c,A0
000083a0   00000068           MVKH.S1       0x0000,A0
000083a4   023c08c0           SUB.D1        A15,A0,A4
000083a8   02100264           LDW.D1T1      *+A4[0],A4
000083ac   00006000           NOP           4
000083b0   031008f0           MV.D1         A4,A6
000083b4   023c02e4           LDW.D2T1      *+B15[0],A4
000083b8   00006000           NOP           4
000083bc   07bd0942           ADD.D2        B15,0x8,B15
000083c0   02180274           STW.D1T1      A4,*+A6[0]
000083c4   0200a358           MVK.L1        0,A4
000083c8            L$return$_ZN7CounterC1Ev:
000083c8   07bc18f2           MV.D2X        A15,B15
000083cc   07bc0264           LDW.D1T1      *+A15[0],A15
000083d0   00006000           NOP           4
000083d4   000c0362           B.S2          B3
000083d8   00008000           NOP           5
000083dc            _ZN7CounterD2Ev:
000083dc            _ZN7CounterD1Ev:
000083dc   07bc02f4           STW.D2T1      A15,*+B15[0]
000083e0   07bc18f0           MV.D1X        B15,A15
000083e4   01bc2076           STW.D1T2      B3,*-A15[1]
000083e8   00001c2a           MVK.S2        0x0038,B0
000083ec   0000006a           MVKH.S2       0x0000,B0
000083f0   07bc08c2           SUB.D2        B15,B0,B15
000083f4   00001628           MVK.S1        0x002c,A0
000083f8   00000068           MVKH.S1       0x0000,A0
000083fc   003c08c0           SUB.D1        A15,A0,A0
00008400   02000274           STW.D1T1      A4,*+A0[0]
00008404   07be09c2           SUB.D2        B15,0x10,B15
00008408   02000028           MVK.S1        0x0000,A4
0000840c   02000068           MVKH.S1       0x0000,A4
00008410   003c8942           ADD.D2        B15,0x4,B0
00008414   020002f4           STW.D2T1      A4,*+B0[0]
00008418   00001628           MVK.S1        0x002c,A0
0000841c   00000068           MVKH.S1       0x0000,A0
00008420   023c08c0           SUB.D1        A15,A0,A4
00008424   02100264           LDW.D1T1      *+A4[0],A4
00008428   00006000           NOP           4
0000842c   02100264           LDW.D1T1      *+A4[0],A4
00008430   00006000           NOP           4
00008434   003d0942           ADD.D2        B15,0x8,B0
00008438   020002f4           STW.D2T1      A4,*+B0[0]
0000843c   0180002a           MVK.S2        0x0000,B3
00008440   0180006a           MVKH.S2       0x0000,B3
00008444   00000012           B.S2          0x008440
00008448   00008000           NOP           5
0000844c            L$_ZN7CounterD1Ev$ret0:
0000844c   07be0942           ADD.D2        B15,0x10,B15
00008450   0200a358           MVK.L1        0,A4
00008454            L$return$_ZN7CounterD1Ev:
00008454   01bc2066           LDW.D1T2      *-A15[1],B3
00008458   07bc18f2           MV.D2X        A15,B15
0000845c   07bc0264           LDW.D1T1      *+A15[0],A15
00008460   00006000           NOP           4
00008464   000c0362           B.S2          B3
00008468   00008000           NOP           5
0000846c            _Z7throweri:
0000846c   07bc02f4           STW.D2T1      A15,*+B15[0]
00008470   07bc18f0           MV.D1X        B15,A15
00008474   01bc2076           STW.D1T2      B3,*-A15[1]
00008478   00002c2a           MVK.S2        0x0058,B0
0000847c   0000006a           MVKH.S2       0x0000,B0
00008480   07bc08c2           SUB.D2        B15,B0,B15
00008484   00001628           MVK.S1        0x002c,A0
00008488   00000068           MVKH.S1       0x0000,A0
0000848c   003c08c0           SUB.D1        A15,A0,A0
00008490   02000274           STW.D1T1      A4,*+A0[0]
00008494   02000028           MVK.S1        0x0000,A4
00008498   02000068           MVKH.S1       0x0000,A4
0000849c   07bd09c2           SUB.D2        B15,0x8,B15
000084a0   023c02f4           STW.D2T1      A4,*+B15[0]
000084a4   00001e28           MVK.S1        0x003c,A0
000084a8   00000068           MVKH.S1       0x0000,A0
000084ac   023c08c0           SUB.D1        A15,A0,A4
000084b0   031008f0           MV.D1         A4,A6
000084b4   023c02e4           LDW.D2T1      *+B15[0],A4
000084b8   00006000           NOP           4
000084bc   07bd0942           ADD.D2        B15,0x8,B15
000084c0   02180274           STW.D1T1      A4,*+A6[0]
000084c4   02000028           MVK.S1        0x0000,A4
000084c8   02000068           MVKH.S1       0x0000,A4
000084cc   07bd09c2           SUB.D2        B15,0x8,B15
000084d0   023c02f4           STW.D2T1      A4,*+B15[0]
000084d4   00002228           MVK.S1        0x0044,A0
000084d8   00000068           MVKH.S1       0x0000,A0
000084dc   023c08c0           SUB.D1        A15,A0,A4
000084e0   031008f0           MV.D1         A4,A6
000084e4   023c02e4           LDW.D2T1      *+B15[0],A4
000084e8   00006000           NOP           4
000084ec   07bd0942           ADD.D2        B15,0x8,B15
000084f0   02180274           STW.D1T1      A4,*+A6[0]
000084f4            L$_Z7throweri$try0:
000084f4   00001628           MVK.S1        0x002c,A0
000084f8   00000068           MVKH.S1       0x0000,A0
000084fc   023c08c0           SUB.D1        A15,A0,A4
00008500   02100264           LDW.D1T1      *+A4[0],A4
00008504   00006000           NOP           4
00008508   07bd09c2           SUB.D2        B15,0x8,B15
0000850c   023c02f4           STW.D2T1      A4,*+B15[0]
00008510   020001a8           MVK.S1        0x0003,A4
00008514   02000068           MVKH.S1       0x0000,A4
00008518   031008f0           MV.D1         A4,A6
0000851c   023c02e4           LDW.D2T1      *+B15[0],A4
00008520   00006000           NOP           4
00008524   07bd0942           ADD.D2        B15,0x8,B15
00008528   021888f8           CMPGT.L1      A4,A6,A4
0000852c   02100a58           CMPEQ.L1      0,A4,A4
00008530   02102bf0           XOR.D1        1,A4,A4
00008534   009008f0           MV.D1         A4,A1
00008538   90004e12    [!A1]  B.S2          L$_Z7throweri$end1 (PC+624 = 0x00008790)
0000853c   00008000           NOP           5
00008540   020000a8           MVK.S1        0x0001,A4
00008544   02000068           MVKH.S1       0x0000,A4
00008548   07bd09c2           SUB.D2        B15,0x8,B15
0000854c   023c02f4           STW.D2T1      A4,*+B15[0]
00008550   00002228           MVK.S1        0x0044,A0
00008554   00000068           MVKH.S1       0x0000,A0
00008558   023c08c0           SUB.D1        A15,A0,A4
0000855c   031008f0           MV.D1         A4,A6
00008560   023c02e4           LDW.D2T1      *+B15[0],A4
00008564   00006000           NOP           4
00008568   07bd0942           ADD.D2        B15,0x8,B15
0000856c   02180274           STW.D1T1      A4,*+A6[0]
00008570   07bd09c2           SUB.D2        B15,0x8,B15
00008574   02000628           MVK.S1        0x000c,A4
00008578   02000068           MVKH.S1       0x0000,A4
0000857c   0180002a           MVK.S2        0x0000,B3
00008580   0180006a           MVKH.S2       0x0000,B3
00008584   00000012           B.S2          0x008580
00008588   00008000           NOP           5
0000858c            L$_Z7throweri$ret2:
0000858c   07bd0942           ADD.D2        B15,0x8,B15
00008590   07bd09c2           SUB.D2        B15,0x8,B15
00008594   023c02f4           STW.D2T1      A4,*+B15[0]
00008598   00002028           MVK.S1        0x0040,A0
0000859c   00000068           MVKH.S1       0x0000,A0
000085a0   023c08c0           SUB.D1        A15,A0,A4
000085a4   031008f0           MV.D1         A4,A6
000085a8   023c02e4           LDW.D2T1      *+B15[0],A4
000085ac   00006000           NOP           4
000085b0   07bd0942           ADD.D2        B15,0x8,B15
000085b4   02180274           STW.D1T1      A4,*+A6[0]
000085b8   07bd09c2           SUB.D2        B15,0x8,B15
000085bc   00002028           MVK.S1        0x0040,A0
000085c0   00000068           MVKH.S1       0x0000,A0
000085c4   023c08c0           SUB.D1        A15,A0,A4
000085c8   02100264           LDW.D1T1      *+A4[0],A4
000085cc   00006000           NOP           4
000085d0   07bd09c2           SUB.D2        B15,0x8,B15
000085d4   023c02f4           STW.D2T1      A4,*+B15[0]
000085d8   07bd09c2           SUB.D2        B15,0x8,B15
000085dc   00001c28           MVK.S1        0x0038,A0
000085e0   00000068           MVKH.S1       0x0000,A0
000085e4   023c08c0           SUB.D1        A15,A0,A4
000085e8   07bd09c2           SUB.D2        B15,0x8,B15
000085ec   023c02f4           STW.D2T1      A4,*+B15[0]
000085f0   02000028           MVK.S1        0x0000,A4
000085f4   02000068           MVKH.S1       0x0000,A4
000085f8   021018f2           MV.D2X        A4,B4
000085fc   023c02e4           LDW.D2T1      *+B15[0],A4
00008600   00006000           NOP           4
00008604   07bd0942           ADD.D2        B15,0x8,B15
00008608   0180002a           MVK.S2        0x0000,B3
0000860c   0180006a           MVKH.S2       0x0000,B3
00008610   00000012           B.S2          0x008600
00008614   00008000           NOP           5
00008618            L$_Z7throweri$ret3:
00008618   07bd0942           ADD.D2        B15,0x8,B15
0000861c   020000a8           MVK.S1        0x0001,A4
00008620   02000068           MVKH.S1       0x0000,A4
00008624   07bd09c2           SUB.D2        B15,0x8,B15
00008628   023c02f4           STW.D2T1      A4,*+B15[0]
0000862c   00001e28           MVK.S1        0x003c,A0
00008630   00000068           MVKH.S1       0x0000,A0
00008634   023c08c0           SUB.D1        A15,A0,A4
00008638   031008f0           MV.D1         A4,A6
0000863c   023c02e4           LDW.D2T1      *+B15[0],A4
00008640   00006000           NOP           4
00008644   07bd0942           ADD.D2        B15,0x8,B15
00008648   02180274           STW.D1T1      A4,*+A6[0]
0000864c   00001c28           MVK.S1        0x0038,A0
00008650   00000068           MVKH.S1       0x0000,A0
00008654   023c08c0           SUB.D1        A15,A0,A4
00008658   021018f2           MV.D2X        A4,B4
0000865c   023c02e4           LDW.D2T1      *+B15[0],A4
00008660   00006000           NOP           4
00008664   07bd0942           ADD.D2        B15,0x8,B15
00008668   0180002a           MVK.S2        0x0000,B3
0000866c   0180006a           MVKH.S2       0x0000,B3
00008670   00000012           B.S2          0x008660
00008674   00008000           NOP           5
00008678            L$_Z7throweri$ret4:
00008678   07bd0942           ADD.D2        B15,0x8,B15
0000867c   02000028           MVK.S1        0x0000,A4
00008680   02000068           MVKH.S1       0x0000,A4
00008684   07bd09c2           SUB.D2        B15,0x8,B15
00008688   023c02f4           STW.D2T1      A4,*+B15[0]
0000868c   00002228           MVK.S1        0x0044,A0
00008690   00000068           MVKH.S1       0x0000,A0
00008694   023c08c0           SUB.D1        A15,A0,A4
00008698   031008f0           MV.D1         A4,A6
0000869c   023c02e4           LDW.D2T1      *+B15[0],A4
000086a0   00006000           NOP           4
000086a4   07bd0942           ADD.D2        B15,0x8,B15
000086a8   02180274           STW.D1T1      A4,*+A6[0]
000086ac   00001e28           MVK.S1        0x003c,A0
000086b0   00000068           MVKH.S1       0x0000,A0
000086b4   023c08c0           SUB.D1        A15,A0,A4
000086b8   02100264           LDW.D1T1      *+A4[0],A4
000086bc   00006000           NOP           4
000086c0   02100a58           CMPEQ.L1      0,A4,A4
000086c4   02102bf0           XOR.D1        1,A4,A4
000086c8   009008f0           MV.D1         A4,A1
000086cc   90000d12    [!A1]  B.S2          L$_Z7throweri$end5 (PC+104 = 0x00008728)
000086d0   00008000           NOP           5
000086d4   07bd09c2           SUB.D2        B15,0x8,B15
000086d8   00001c28           MVK.S1        0x0038,A0
000086dc   00000068           MVKH.S1       0x0000,A0
000086e0   023c08c0           SUB.D1        A15,A0,A4
000086e4   0180002a           MVK.S2        0x0000,B3
000086e8   0180006a           MVKH.S2       0x0000,B3
000086ec   00000012           B.S2          0x0086e0
000086f0   00008000           NOP           5
000086f4            L$_Z7throweri$ret6:
000086f4   07bd0942           ADD.D2        B15,0x8,B15
000086f8   02000028           MVK.S1        0x0000,A4
000086fc   02000068           MVKH.S1       0x0000,A4
00008700   07bd09c2           SUB.D2        B15,0x8,B15
00008704   023c02f4           STW.D2T1      A4,*+B15[0]
00008708   00001e28           MVK.S1        0x003c,A0
0000870c   00000068           MVKH.S1       0x0000,A0
00008710   023c08c0           SUB.D1        A15,A0,A4
00008714   031008f0           MV.D1         A4,A6
00008718   023c02e4           LDW.D2T1      *+B15[0],A4
0000871c   00006000           NOP           4
00008720   07bd0942           ADD.D2        B15,0x8,B15
00008724   02180274           STW.D1T1      A4,*+A6[0]
00008728            L$_Z7throweri$end5:
00008728   07bd09c2           SUB.D2        B15,0x8,B15
0000872c   00002028           MVK.S1        0x0040,A0
00008730   00000068           MVKH.S1       0x0000,A0
00008734   023c08c0           SUB.D1        A15,A0,A4
00008738   02100264           LDW.D1T1      *+A4[0],A4
0000873c   00006000           NOP           4
00008740   07bd09c2           SUB.D2        B15,0x8,B15
00008744   023c02f4           STW.D2T1      A4,*+B15[0]
00008748   02000028           MVK.S1        0x0000,A4
0000874c   02000068           MVKH.S1       0x0000,A4
00008750   07bd09c2           SUB.D2        B15,0x8,B15
00008754   023c02f4           STW.D2T1      A4,*+B15[0]
00008758   02000028           MVK.S1        0x0000,A4
0000875c   02000068           MVKH.S1       0x0000,A4
00008760   031008f0           MV.D1         A4,A6
00008764   023c02e6           LDW.D2T2      *+B15[0],B4
00008768   00006000           NOP           4
0000876c   07bd0942           ADD.D2        B15,0x8,B15
00008770   023c02e4           LDW.D2T1      *+B15[0],A4
00008774   00006000           NOP           4
00008778   07bd0942           ADD.D2        B15,0x8,B15
0000877c   0180002a           MVK.S2        0x0000,B3
00008780   0180006a           MVKH.S2       0x0000,B3
00008784   00000012           B.S2          0x008780
00008788   00008000           NOP           5
0000878c            L$_Z7throweri$ret7:
0000878c   07bd0942           ADD.D2        B15,0x8,B15
00008790            L$_Z7throweri$end1:
00008790   00001628           MVK.S1        0x002c,A0
00008794   00000068           MVKH.S1       0x0000,A0
00008798   023c08c0           SUB.D1        A15,A0,A4
0000879c   02100264           LDW.D1T1      *+A4[0],A4
000087a0   00006000           NOP           4
000087a4   00001c92           B.S2          L$return$_Z7throweri (PC+228 = 0x00008884)
000087a8   00008000           NOP           5
000087ac            L$_Z7throweri$tryend0:
000087ac   00001c12           B.S2          L$_Z7throweri$caught0 (PC+224 = 0x00008880)
000087b0   00008000           NOP           5
000087b4            L$_Z7throweri$pad0:
000087b4   00002428           MVK.S1        0x0048,A0
000087b8   00000068           MVKH.S1       0x0000,A0
000087bc   003c08c0           SUB.D1        A15,A0,A0
000087c0   02000274           STW.D1T1      A4,*+A0[0]
000087c4   00002628           MVK.S1        0x004c,A0
000087c8   00000068           MVKH.S1       0x0000,A0
000087cc   003c08c0           SUB.D1        A15,A0,A0
000087d0   02000276           STW.D1T2      B4,*+A0[0]
000087d4   07bc18f2           MV.D2X        A15,B15
000087d8   00002c2a           MVK.S2        0x0058,B0
000087dc   0000006a           MVKH.S2       0x0000,B0
000087e0   07bc08c2           SUB.D2        B15,B0,B15
000087e4            L$_Z7throweri$cleanup8:
000087e4   00002228           MVK.S1        0x0044,A0
000087e8   00000068           MVKH.S1       0x0000,A0
000087ec   023c08c0           SUB.D1        A15,A0,A4
000087f0   02100264           LDW.D1T1      *+A4[0],A4
000087f4   00006000           NOP           4
000087f8   02100a58           CMPEQ.L1      0,A4,A4
000087fc   02102bf0           XOR.D1        1,A4,A4
00008800   009008f0           MV.D1         A4,A1
00008804   90000d12    [!A1]  B.S2          L$_Z7throweri$cleanupend8 (PC+104 = 0x00008868)
00008808   00008000           NOP           5
0000880c   07bd09c2           SUB.D2        B15,0x8,B15
00008810   00002028           MVK.S1        0x0040,A0
00008814   00000068           MVKH.S1       0x0000,A0
00008818   023c08c0           SUB.D1        A15,A0,A4
0000881c   02100264           LDW.D1T1      *+A4[0],A4
00008820   00006000           NOP           4
00008824   0180002a           MVK.S2        0x0000,B3
00008828   0180006a           MVKH.S2       0x0000,B3
0000882c   00000012           B.S2          0x008820
00008830   00008000           NOP           5
00008834            L$_Z7throweri$ret10:
00008834   07bd0942           ADD.D2        B15,0x8,B15
00008838   02000028           MVK.S1        0x0000,A4
0000883c   02000068           MVKH.S1       0x0000,A4
00008840   07bd09c2           SUB.D2        B15,0x8,B15
00008844   023c02f4           STW.D2T1      A4,*+B15[0]
00008848   00002228           MVK.S1        0x0044,A0
0000884c   00000068           MVKH.S1       0x0000,A0
00008850   023c08c0           SUB.D1        A15,A0,A4
00008854   031008f0           MV.D1         A4,A6
00008858   023c02e4           LDW.D2T1      *+B15[0],A4
0000885c   00006000           NOP           4
00008860   07bd0942           ADD.D2        B15,0x8,B15
00008864   02180274           STW.D1T1      A4,*+A6[0]
00008868            L$_Z7throweri$end9:
00008868            L$_Z7throweri$cleanupend8:
00008868   07bd09c2           SUB.D2        B15,0x8,B15
0000886c   0180002a           MVK.S2        0x0000,B3
00008870   0180006a           MVKH.S2       0x0000,B3
00008874   00000012           B.S2          0x008860
00008878   00008000           NOP           5
0000887c            L$_Z7throweri$ret11:
0000887c   07bd0942           ADD.D2        B15,0x8,B15
00008880            L$_Z7throweri$caught0:
00008880   0200a358           MVK.L1        0,A4
00008884            L$return$_Z7throweri:
00008884   01bc2066           LDW.D1T2      *-A15[1],B3
00008888   07bc18f2           MV.D2X        A15,B15
0000888c   07bc0264           LDW.D1T1      *+A15[0],A15
00008890   00006000           NOP           4
00008894   000c0362           B.S2          B3
00008898   00008000           NOP           5
0000889c            L$_Z7throweri$pad0$s0:
0000889c   0200a35a           MVK.L2        0,B4
000088a0   0fffe292           B.S2          L$_Z7throweri$pad0 (PC-236 = 0x000087b4)
000088a4   00008000           NOP           5
000088a8            _Z7catcheri:
000088a8            L$_Z7throweri$fnend:
000088a8   07bc02f4           STW.D2T1      A15,*+B15[0]
000088ac   07bc18f0           MV.D1X        B15,A15
000088b0   01bc2076           STW.D1T2      B3,*-A15[1]
000088b4   00002c2a           MVK.S2        0x0058,B0
000088b8   0000006a           MVKH.S2       0x0000,B0
000088bc   07bc08c2           SUB.D2        B15,B0,B15
000088c0   00001628           MVK.S1        0x002c,A0
000088c4   00000068           MVKH.S1       0x0000,A0
000088c8   003c08c0           SUB.D1        A15,A0,A0
000088cc   02000274           STW.D1T1      A4,*+A0[0]
000088d0            L$_Z7catcheri$try0:
000088d0   07bd09c2           SUB.D2        B15,0x8,B15
000088d4   00001628           MVK.S1        0x002c,A0
000088d8   00000068           MVKH.S1       0x0000,A0
000088dc   023c08c0           SUB.D1        A15,A0,A4
000088e0   02100264           LDW.D1T1      *+A4[0],A4
000088e4   00006000           NOP           4
000088e8   0180002a           MVK.S2        0x0000,B3
000088ec   0180006a           MVKH.S2       0x0000,B3
000088f0   0fff7192           B.S2          _Z7throweri (PC-1140 = 0x0000846c)
000088f4   00008000           NOP           5
000088f8            L$_Z7catcheri$ret1:
000088f8   07bd0942           ADD.D2        B15,0x8,B15
000088fc   00005f12           B.S2          L$return$_Z7catcheri (PC+760 = 0x00008bd8)
00008900   00008000           NOP           5
00008904            L$_Z7catcheri$tryend0:
00008904   00005a92           B.S2          L$_Z7catcheri$caught0 (PC+724 = 0x00008bd4)
00008908   00008000           NOP           5
0000890c            L$_Z7catcheri$pad0:
0000890c   00001828           MVK.S1        0x0030,A0
00008910   00000068           MVKH.S1       0x0000,A0
00008914   003c08c0           SUB.D1        A15,A0,A0
00008918   02000274           STW.D1T1      A4,*+A0[0]
0000891c   00001a28           MVK.S1        0x0034,A0
00008920   00000068           MVKH.S1       0x0000,A0
00008924   003c08c0           SUB.D1        A15,A0,A0
00008928   02000276           STW.D1T2      B4,*+A0[0]
0000892c   07bc18f2           MV.D2X        A15,B15
00008930   00002c2a           MVK.S2        0x0058,B0
00008934   0000006a           MVKH.S2       0x0000,B0
00008938   07bc08c2           SUB.D2        B15,B0,B15
0000893c            L$_Z7catcheri$$chain7:
0000893c   00001a28           MVK.S1        0x0034,A0
00008940   00000068           MVKH.S1       0x0000,A0
00008944   023c08c0           SUB.D1        A15,A0,A4
00008948   02100264           LDW.D1T1      *+A4[0],A4
0000894c   00006000           NOP           4
00008950   07bd09c2           SUB.D2        B15,0x8,B15
00008954   023c02f4           STW.D2T1      A4,*+B15[0]
00008958   020000a8           MVK.S1        0x0001,A4
0000895c   02000068           MVKH.S1       0x0000,A4
00008960   031008f0           MV.D1         A4,A6
00008964   023c02e4           LDW.D2T1      *+B15[0],A4
00008968   00006000           NOP           4
0000896c   07bd0942           ADD.D2        B15,0x8,B15
00008970   02188a78           CMPEQ.L1      A4,A6,A4
00008974   02100a58           CMPEQ.L1      0,A4,A4
00008978   02102bf0           XOR.D1        1,A4,A4
0000897c   009008f0           MV.D1         A4,A1
00008980   90003512    [!A1]  B.S2          L$_Z7catcheri$else2 (PC+424 = 0x00008b28)
00008984   00008000           NOP           5
00008988   07bd09c2           SUB.D2        B15,0x8,B15
0000898c   00001828           MVK.S1        0x0030,A0
00008990   00000068           MVKH.S1       0x0000,A0
00008994   023c08c0           SUB.D1        A15,A0,A4
00008998   02100264           LDW.D1T1      *+A4[0],A4
0000899c   00006000           NOP           4
000089a0   0180002a           MVK.S2        0x0000,B3
000089a4   0180006a           MVKH.S2       0x0000,B3
000089a8   00000012           B.S2          0x0089a0
000089ac   00008000           NOP           5
000089b0            L$_Z7catcheri$ret3:
000089b0   07bd0942           ADD.D2        B15,0x8,B15
000089b4   07bd09c2           SUB.D2        B15,0x8,B15
000089b8   023c02f4           STW.D2T1      A4,*+B15[0]
000089bc   00001c28           MVK.S1        0x0038,A0
000089c0   00000068           MVKH.S1       0x0000,A0
000089c4   023c08c0           SUB.D1        A15,A0,A4
000089c8   031008f0           MV.D1         A4,A6
000089cc   023c02e4           LDW.D2T1      *+B15[0],A4
000089d0   00006000           NOP           4
000089d4   07bd0942           ADD.D2        B15,0x8,B15
000089d8   02180274           STW.D1T1      A4,*+A6[0]
000089dc            L$_Z7catcheri$try4:
000089dc   07be09c2           SUB.D2        B15,0x10,B15
000089e0   02000028           MVK.S1        0x0000,A4
000089e4   02000068           MVKH.S1       0x0000,A4
000089e8   003c8942           ADD.D2        B15,0x4,B0
000089ec   020002f4           STW.D2T1      A4,*+B0[0]
000089f0   07bd09c2           SUB.D2        B15,0x8,B15
000089f4   00001c28           MVK.S1        0x0038,A0
000089f8   00000068           MVKH.S1       0x0000,A0
000089fc   023c08c0           SUB.D1        A15,A0,A4
00008a00   02100264           LDW.D1T1      *+A4[0],A4
00008a04   00006000           NOP           4
00008a08   0180002a           MVK.S2        0x0000,B3
00008a0c   0180006a           MVKH.S2       0x0000,B3
00008a10   00000012           B.S2          0x008a00
00008a14   00008000           NOP           5
00008a18            L$_Z7catcheri$ret5:
00008a18   07bd0942           ADD.D2        B15,0x8,B15
00008a1c   003d0942           ADD.D2        B15,0x8,B0
00008a20   020002f4           STW.D2T1      A4,*+B0[0]
00008a24   0180002a           MVK.S2        0x0000,B3
00008a28   0180006a           MVKH.S2       0x0000,B3
00008a2c   00000012           B.S2          0x008a20
00008a30   00008000           NOP           5
00008a34            L$_Z7catcheri$ret6:
00008a34   07be0942           ADD.D2        B15,0x10,B15
00008a38   020000a8           MVK.S1        0x0001,A4
00008a3c   02000068           MVKH.S1       0x0000,A4
00008a40   021005a0           NEG.S1        A4,A4
00008a44   07bd09c2           SUB.D2        B15,0x8,B15
00008a48   023c02f4           STW.D2T1      A4,*+B15[0]
00008a4c   00002228           MVK.S1        0x0044,A0
00008a50   00000068           MVKH.S1       0x0000,A0
00008a54   023c08c0           SUB.D1        A15,A0,A4
00008a58   031008f0           MV.D1         A4,A6
00008a5c   023c02e4           LDW.D2T1      *+B15[0],A4
00008a60   00006000           NOP           4
00008a64   07bd0942           ADD.D2        B15,0x8,B15
00008a68   02180274           STW.D1T1      A4,*+A6[0]
00008a6c   07bd09c2           SUB.D2        B15,0x8,B15
00008a70   0180002a           MVK.S2        0x0000,B3
00008a74   0180006a           MVKH.S2       0x0000,B3
00008a78   00000012           B.S2          0x008a60
00008a7c   00008000           NOP           5
00008a80            L$_Z7catcheri$ret7:
00008a80   07bd0942           ADD.D2        B15,0x8,B15
00008a84   00002228           MVK.S1        0x0044,A0
00008a88   00000068           MVKH.S1       0x0000,A0
00008a8c   023c08c0           SUB.D1        A15,A0,A4
00008a90   02100264           LDW.D1T1      *+A4[0],A4
00008a94   00006000           NOP           4
00008a98   00002b12           B.S2          L$return$_Z7catcheri (PC+344 = 0x00008bd8)
00008a9c   00008000           NOP           5
00008aa0            L$_Z7catcheri$tryend4:
00008aa0   00000d12           B.S2          L$_Z7catcheri$caught4 (PC+104 = 0x00008b08)
00008aa4   00008000           NOP           5
00008aa8            L$_Z7catcheri$pad4:
00008aa8   00001e28           MVK.S1        0x003c,A0
00008aac   00000068           MVKH.S1       0x0000,A0
00008ab0   003c08c0           SUB.D1        A15,A0,A0
00008ab4   02000274           STW.D1T1      A4,*+A0[0]
00008ab8   00002028           MVK.S1        0x0040,A0
00008abc   00000068           MVKH.S1       0x0000,A0
00008ac0   003c08c0           SUB.D1        A15,A0,A0
00008ac4   02000276           STW.D1T2      B4,*+A0[0]
00008ac8   07bc18f2           MV.D2X        A15,B15
00008acc   00002c2a           MVK.S2        0x0058,B0
00008ad0   0000006a           MVKH.S2       0x0000,B0
00008ad4   07bc08c2           SUB.D2        B15,B0,B15
00008ad8            L$_Z7catcheri$$endcatch8:
00008ad8            L$_Z7catcheri$cleanup8:
00008ad8   07bd09c2           SUB.D2        B15,0x8,B15
00008adc   0180002a           MVK.S2        0x0000,B3
00008ae0   0180006a           MVKH.S2       0x0000,B3
00008ae4   00000012           B.S2          0x008ae0
00008ae8   00008000           NOP           5
00008aec            L$_Z7catcheri$ret9:
00008aec   07bd0942           ADD.D2        B15,0x8,B15
00008af0            L$_Z7catcheri$cleanupend8:
00008af0   07bd09c2           SUB.D2        B15,0x8,B15
00008af4   0180002a           MVK.S2        0x0000,B3
00008af8   0180006a           MVKH.S2       0x0000,B3
00008afc   00000012           B.S2          0x008ae0
00008b00   00008000           NOP           5
00008b04            L$_Z7catcheri$ret10:
00008b04   07bd0942           ADD.D2        B15,0x8,B15
00008b08            L$_Z7catcheri$caught4:
00008b08   07bd09c2           SUB.D2        B15,0x8,B15
00008b0c   0180002a           MVK.S2        0x0000,B3
00008b10   0180006a           MVKH.S2       0x0000,B3
00008b14   00000012           B.S2          0x008b00
00008b18   00008000           NOP           5
00008b1c            L$_Z7catcheri$ret11:
00008b1c   07bd0942           ADD.D2        B15,0x8,B15
00008b20   00001692           B.S2          L$_Z7catcheri$caught0 (PC+180 = 0x00008bd4)
00008b24   00008000           NOP           5
00008b28            L$_Z7catcheri$else2:
00008b28   07bd09c2           SUB.D2        B15,0x8,B15
00008b2c   00001828           MVK.S1        0x0030,A0
00008b30   00000068           MVKH.S1       0x0000,A0
00008b34   023c08c0           SUB.D1        A15,A0,A4
00008b38   02100264           LDW.D1T1      *+A4[0],A4
00008b3c   00006000           NOP           4
00008b40   0180002a           MVK.S2        0x0000,B3
00008b44   0180006a           MVKH.S2       0x0000,B3
00008b48   00000012           B.S2          0x008b40
00008b4c   00008000           NOP           5
00008b50            L$_Z7catcheri$ret12:
00008b50   07bd0942           ADD.D2        B15,0x8,B15
00008b54   02000128           MVK.S1        0x0002,A4
00008b58   02000068           MVKH.S1       0x0000,A4
00008b5c   021005a0           NEG.S1        A4,A4
00008b60   07bd09c2           SUB.D2        B15,0x8,B15
00008b64   023c02f4           STW.D2T1      A4,*+B15[0]
00008b68   00002828           MVK.S1        0x0050,A0
00008b6c   00000068           MVKH.S1       0x0000,A0
00008b70   023c08c0           SUB.D1        A15,A0,A4
00008b74   031008f0           MV.D1         A4,A6
00008b78   023c02e4           LDW.D2T1      *+B15[0],A4
00008b7c   00006000           NOP           4
00008b80   07bd0942           ADD.D2        B15,0x8,B15
00008b84   02180274           STW.D1T1      A4,*+A6[0]
00008b88   07bd09c2           SUB.D2        B15,0x8,B15
00008b8c   0180002a           MVK.S2        0x0000,B3
00008b90   0180006a           MVKH.S2       0x0000,B3
00008b94   00000012           B.S2          0x008b80
00008b98   00008000           NOP           5
00008b9c            L$_Z7catcheri$ret13:
00008b9c   07bd0942           ADD.D2        B15,0x8,B15
00008ba0   00002828           MVK.S1        0x0050,A0
00008ba4   00000068           MVKH.S1       0x0000,A0
00008ba8   023c08c0           SUB.D1        A15,A0,A4
00008bac   02100264           LDW.D1T1      *+A4[0],A4
00008bb0   00006000           NOP           4
00008bb4   00000712           B.S2          L$return$_Z7catcheri (PC+56 = 0x00008bd8)
00008bb8   00008000           NOP           5
00008bbc   07bd09c2           SUB.D2        B15,0x8,B15
00008bc0   0180002a           MVK.S2        0x0000,B3
00008bc4   0180006a           MVKH.S2       0x0000,B3
00008bc8   00000012           B.S2          0x008bc0
00008bcc   00008000           NOP           5
00008bd0            L$_Z7catcheri$ret14:
00008bd0   07bd0942           ADD.D2        B15,0x8,B15
00008bd4            L$_Z7catcheri$end2:
00008bd4            L$_Z7catcheri$caught0:
00008bd4   0200a358           MVK.L1        0,A4
00008bd8            L$return$_Z7catcheri:
00008bd8   01bc2066           LDW.D1T2      *-A15[1],B3
00008bdc   07bc18f2           MV.D2X        A15,B15
00008be0   07bc0264           LDW.D1T1      *+A15[0],A15
00008be4   00006000           NOP           4
00008be8   000c0362           B.S2          B3
00008bec   00008000           NOP           5
00008bf0            L$_Z7catcheri$pad4$s0:
00008bf0   0200a35a           MVK.L2        0,B4
00008bf4   0fffd912           B.S2          L$_Z7catcheri$pad4 (PC-312 = 0x00008aa8)
00008bf8   00008000           NOP           5
00008bfc            L$_Z7catcheri$pad0$s1:
00008bfc   0204a35a           MVK.L2        1,B4
00008c00   0fffa192           B.S2          L$_Z7catcheri$pad0 (PC-756 = 0x0000890c)
00008c04   00008000           NOP           5
00008c08            L$_Z7catcheri$pad0$s2:
00008c08   0208a35a           MVK.L2        2,B4
00008c0c   0fffa192           B.S2          L$_Z7catcheri$pad0 (PC-756 = 0x0000890c)
00008c10   00008000           NOP           5
00008c14            main:
00008c14            L$_Z7catcheri$fnend:
00008c14   07bc02f4           STW.D2T1      A15,*+B15[0]
00008c18   07bc18f0           MV.D1X        B15,A15
00008c1c   01bc2076           STW.D1T2      B3,*-A15[1]
00008c20   0000242a           MVK.S2        0x0048,B0
00008c24   0000006a           MVKH.S2       0x0000,B0
00008c28   07bc08c2           SUB.D2        B15,B0,B15
00008c2c   07bd09c2           SUB.D2        B15,0x8,B15
00008c30   00001628           MVK.S1        0x002c,A0
00008c34   00000068           MVKH.S1       0x0000,A0
00008c38   023c08c0           SUB.D1        A15,A0,A4
00008c3c   0180002a           MVK.S2        0x0000,B3
00008c40   0180006a           MVKH.S2       0x0000,B3
00008c44   00000012           B.S2          0x008c40
00008c48   00008000           NOP           5
00008c4c            L$main$ret0:
00008c4c   07bd0942           ADD.D2        B15,0x8,B15
00008c50            L$main$try1:
00008c50   00001628           MVK.S1        0x002c,A0
00008c54   00000068           MVKH.S1       0x0000,A0
00008c58   023c08c0           SUB.D1        A15,A0,A4
00008c5c   07bd09c2           SUB.D2        B15,0x8,B15
00008c60   023c02f4           STW.D2T1      A4,*+B15[0]
00008c64   00001828           MVK.S1        0x0030,A0
00008c68   00000068           MVKH.S1       0x0000,A0
00008c6c   023c08c0           SUB.D1        A15,A0,A4
00008c70   031008f0           MV.D1         A4,A6
00008c74   023c02e4           LDW.D2T1      *+B15[0],A4
00008c78   00006000           NOP           4
00008c7c   07bd0942           ADD.D2        B15,0x8,B15
00008c80   02180274           STW.D1T1      A4,*+A6[0]
00008c84   07bf09c2           SUB.D2        B15,0x18,B15
00008c88   02000028           MVK.S1        0x0000,A4
00008c8c   02000068           MVKH.S1       0x0000,A4
00008c90   003c8942           ADD.D2        B15,0x4,B0
00008c94   020002f4           STW.D2T1      A4,*+B0[0]
00008c98   00001828           MVK.S1        0x0030,A0
00008c9c   00000068           MVKH.S1       0x0000,A0
00008ca0   023c08c0           SUB.D1        A15,A0,A4
00008ca4   02100264           LDW.D1T1      *+A4[0],A4
00008ca8   00006000           NOP           4
00008cac   07bd09c2           SUB.D2        B15,0x8,B15
00008cb0   023c02f4           STW.D2T1      A4,*+B15[0]
00008cb4   00001a28           MVK.S1        0x0034,A0
00008cb8   00000068           MVKH.S1       0x0000,A0
00008cbc   023c08c0           SUB.D1        A15,A0,A4
00008cc0   031008f0           MV.D1         A4,A6
00008cc4   023c02e4           LDW.D2T1      *+B15[0],A4
00008cc8   00006000           NOP           4
00008ccc   07bd0942           ADD.D2        B15,0x8,B15
00008cd0   02180274           STW.D1T1      A4,*+A6[0]
00008cd4   07bd09c2           SUB.D2        B15,0x8,B15
00008cd8   00001a28           MVK.S1        0x0034,A0
00008cdc   00000068           MVKH.S1       0x0000,A0
00008ce0   023c08c0           SUB.D1        A15,A0,A4
00008ce4   02100264           LDW.D1T1      *+A4[0],A4
00008ce8   00006000           NOP           4
00008cec   02100264           LDW.D1T1      *+A4[0],A4
00008cf0   00006000           NOP           4
00008cf4   07bd09c2           SUB.D2        B15,0x8,B15
00008cf8   023c02f4           STW.D2T1      A4,*+B15[0]
00008cfc   02000428           MVK.S1        0x0008,A4
00008d00   02000068           MVKH.S1       0x0000,A4
00008d04   031008f0           MV.D1         A4,A6
00008d08   023c02e4           LDW.D2T1      *+B15[0],A4
00008d0c   00006000           NOP           4
00008d10   07bd0942           ADD.D2        B15,0x8,B15
00008d14   0210c840           ADD.D1        A4,A6,A4
00008d18   02100264           LDW.D1T1      *+A4[0],A4
00008d1c   00006000           NOP           4
00008d20   07bd09c2           SUB.D2        B15,0x8,B15
00008d24   023c02f4           STW.D2T1      A4,*+B15[0]
00008d28   00001a28           MVK.S1        0x0034,A0
00008d2c   00000068           MVKH.S1       0x0000,A0
00008d30   023c08c0           SUB.D1        A15,A0,A4
00008d34   02100264           LDW.D1T1      *+A4[0],A4
00008d38   00006000           NOP           4
00008d3c   07bd09c2           SUB.D2        B15,0x8,B15
00008d40   023c02f4           STW.D2T1      A4,*+B15[0]
00008d44   020002a8           MVK.S1        0x0005,A4
00008d48   02000068           MVKH.S1       0x0000,A4
00008d4c   021018f2           MV.D2X        A4,B4
00008d50   023c02e4           LDW.D2T1      *+B15[0],A4
00008d54   00006000           NOP           4
00008d58   07bd0942           ADD.D2        B15,0x8,B15
00008d5c   00bc02e6           LDW.D2T2      *+B15[0],B1
00008d60   00006000           NOP           4
00008d64   07bd0942           ADD.D2        B15,0x8,B15
00008d68   0180002a           MVK.S2        0x0000,B3
00008d6c   0180006a           MVKH.S2       0x0000,B3
00008d70   00040362           B.S2          B1
00008d74   00008000           NOP           5
00008d78            L$main$ret2:
00008d78   07bd0942           ADD.D2        B15,0x8,B15
00008d7c   003d0942           ADD.D2        B15,0x8,B0
00008d80   020002f4           STW.D2T1      A4,*+B0[0]
00008d84   07bd09c2           SUB.D2        B15,0x8,B15
00008d88   02000128           MVK.S1        0x0002,A4
00008d8c   02000068           MVKH.S1       0x0000,A4
00008d90   0180002a           MVK.S2        0x0000,B3
00008d94   0180006a           MVKH.S2       0x0000,B3
00008d98   0fff6512           B.S2          L$_Z7throweri$fnend (PC-1240 = 0x000088a8)
00008d9c   00008000           NOP           5
00008da0            L$main$ret3:
00008da0   07bd0942           ADD.D2        B15,0x8,B15
00008da4   003d8942           ADD.D2        B15,0xc,B0
00008da8   020002f4           STW.D2T1      A4,*+B0[0]
00008dac   07bd09c2           SUB.D2        B15,0x8,B15
00008db0   020004a8           MVK.S1        0x0009,A4
00008db4   02000068           MVKH.S1       0x0000,A4
00008db8   0180002a           MVK.S2        0x0000,B3
00008dbc   0180006a           MVKH.S2       0x0000,B3
00008dc0   0fff5d12           B.S2          L$_Z7throweri$fnend (PC-1304 = 0x000088a8)
00008dc4   00008000           NOP           5
00008dc8            L$main$ret4:
00008dc8   07bd0942           ADD.D2        B15,0x8,B15
00008dcc   003e0942           ADD.D2        B15,0x10,B0
00008dd0   020002f4           STW.D2T1      A4,*+B0[0]
00008dd4   0180002a           MVK.S2        0x0000,B3
00008dd8   0180006a           MVKH.S2       0x0000,B3
00008ddc   00000012           B.S2          0x008dc0
00008de0   00008000           NOP           5
00008de4            L$main$ret5:
00008de4   07bf0942           ADD.D2        B15,0x18,B15
00008de8   02000028           MVK.S1        0x0000,A4
00008dec   02000068           MVKH.S1       0x0000,A4
00008df0   07bd09c2           SUB.D2        B15,0x8,B15
00008df4   023c02f4           STW.D2T1      A4,*+B15[0]
00008df8   00001c28           MVK.S1        0x0038,A0
00008dfc   00000068           MVKH.S1       0x0000,A0
00008e00   023c08c0           SUB.D1        A15,A0,A4
00008e04   031008f0           MV.D1         A4,A6
00008e08   023c02e4           LDW.D2T1      *+B15[0],A4
00008e0c   00006000           NOP           4
00008e10   07bd0942           ADD.D2        B15,0x8,B15
00008e14   02180274           STW.D1T1      A4,*+A6[0]
00008e18   07bd09c2           SUB.D2        B15,0x8,B15
00008e1c   00001628           MVK.S1        0x002c,A0
00008e20   00000068           MVKH.S1       0x0000,A0
00008e24   023c08c0           SUB.D1        A15,A0,A4
00008e28   0180002a           MVK.S2        0x0000,B3
00008e2c   0180006a           MVKH.S2       0x0000,B3
00008e30   00000012           B.S2          0x008e20
00008e34   00008000           NOP           5
00008e38            L$main$ret6:
00008e38   07bd0942           ADD.D2        B15,0x8,B15
00008e3c   00001c28           MVK.S1        0x0038,A0
00008e40   00000068           MVKH.S1       0x0000,A0
00008e44   023c08c0           SUB.D1        A15,A0,A4
00008e48   02100264           LDW.D1T1      *+A4[0],A4
00008e4c   00006000           NOP           4
00008e50   00001692           B.S2          L$return$main (PC+180 = 0x00008ef4)
00008e54   00008000           NOP           5
00008e58   07bd09c2           SUB.D2        B15,0x8,B15
00008e5c   00001628           MVK.S1        0x002c,A0
00008e60   00000068           MVKH.S1       0x0000,A0
00008e64   023c08c0           SUB.D1        A15,A0,A4
00008e68   0180002a           MVK.S2        0x0000,B3
00008e6c   0180006a           MVKH.S2       0x0000,B3
00008e70   00000012           B.S2          0x008e60
00008e74   00008000           NOP           5
00008e78            L$main$ret7:
00008e78   07bd0942           ADD.D2        B15,0x8,B15
00008e7c            L$main$tryend1:
00008e7c   00001212           B.S2          L$main$caught1 (PC+144 = 0x00008ef0)
00008e80   00008000           NOP           5
00008e84            L$main$pad1:
00008e84   00001e28           MVK.S1        0x003c,A0
00008e88   00000068           MVKH.S1       0x0000,A0
00008e8c   003c08c0           SUB.D1        A15,A0,A0
00008e90   02000274           STW.D1T1      A4,*+A0[0]
00008e94   00002028           MVK.S1        0x0040,A0
00008e98   00000068           MVKH.S1       0x0000,A0
00008e9c   003c08c0           SUB.D1        A15,A0,A0
00008ea0   02000276           STW.D1T2      B4,*+A0[0]
00008ea4   07bc18f2           MV.D2X        A15,B15
00008ea8   0000242a           MVK.S2        0x0048,B0
00008eac   0000006a           MVKH.S2       0x0000,B0
00008eb0   07bc08c2           SUB.D2        B15,B0,B15
00008eb4            L$main$cleanup8:
00008eb4   07bd09c2           SUB.D2        B15,0x8,B15
00008eb8   00001628           MVK.S1        0x002c,A0
00008ebc   00000068           MVKH.S1       0x0000,A0
00008ec0   023c08c0           SUB.D1        A15,A0,A4
00008ec4   0180002a           MVK.S2        0x0000,B3
00008ec8   0180006a           MVKH.S2       0x0000,B3
00008ecc   00000012           B.S2          0x008ec0
00008ed0   00008000           NOP           5
00008ed4            L$main$ret9:
00008ed4   07bd0942           ADD.D2        B15,0x8,B15
00008ed8            L$main$cleanupend8:
00008ed8   07bd09c2           SUB.D2        B15,0x8,B15
00008edc   0180002a           MVK.S2        0x0000,B3
00008ee0   0180006a           MVKH.S2       0x0000,B3
00008ee4   00000012           B.S2          0x008ee0
00008ee8   00008000           NOP           5
00008eec            L$main$ret10:
00008eec   07bd0942           ADD.D2        B15,0x8,B15
00008ef0            L$main$caught1:
00008ef0   0200a358           MVK.L1        0,A4
00008ef4            L$return$main:
00008ef4   01bc2066           LDW.D1T2      *-A15[1],B3
00008ef8   07bc18f2           MV.D2X        A15,B15
00008efc   07bc0264           LDW.D1T1      *+A15[0],A15
00008f00   00006000           NOP           4
00008f04   000c0362           B.S2          B3
00008f08   00008000           NOP           5
00008f0c            L$main$pad1$s0:
00008f0c   0200a35a           MVK.L2        0,B4
00008f10   0ffff092           B.S2          L$main$pad1 (PC-124 = 0x00008e84)
00008f14   00008000           NOP           5
00008f18            _ZN7DerivedD1Ev:
00008f18            _ZN7DerivedD2Ev:
00008f18            L$main$fnend:
00008f18   07bc02f4           STW.D2T1      A15,*+B15[0]
00008f1c   07bc18f0           MV.D1X        B15,A15
00008f20   01bc2076           STW.D1T2      B3,*-A15[1]
00008f24   00001c2a           MVK.S2        0x0038,B0
00008f28   0000006a           MVKH.S2       0x0000,B0
00008f2c   07bc08c2           SUB.D2        B15,B0,B15
00008f30   00001628           MVK.S1        0x002c,A0
00008f34   00000068           MVKH.S1       0x0000,A0
00008f38   003c08c0           SUB.D1        A15,A0,A0
00008f3c   02000274           STW.D1T1      A4,*+A0[0]
00008f40   07bd09c2           SUB.D2        B15,0x8,B15
00008f44   00001628           MVK.S1        0x002c,A0
00008f48   00000068           MVKH.S1       0x0000,A0
00008f4c   023c08c0           SUB.D1        A15,A0,A4
00008f50   02100264           LDW.D1T1      *+A4[0],A4
00008f54   00006000           NOP           4
00008f58   0180002a           MVK.S2        0x0000,B3
00008f5c   0180006a           MVKH.S2       0x0000,B3
00008f60   00000012           B.S2          0x008f60
00008f64   00008000           NOP           5
00008f68            L$_ZN7DerivedD1Ev$ret0:
00008f68   07bd0942           ADD.D2        B15,0x8,B15
00008f6c   0200a358           MVK.L1        0,A4
00008f70            L$return$_ZN7DerivedD1Ev:
00008f70   01bc2066           LDW.D1T2      *-A15[1],B3
00008f74   07bc18f2           MV.D2X        A15,B15
00008f78   07bc0264           LDW.D1T1      *+A15[0],A15
00008f7c   00006000           NOP           4
00008f80   000c0362           B.S2          B3
00008f84   00008000           NOP           5
00008f88            _ZN7DerivedD0Ev:
00008f88   07bc02f4           STW.D2T1      A15,*+B15[0]
00008f8c   07bc18f0           MV.D1X        B15,A15
00008f90   01bc2076           STW.D1T2      B3,*-A15[1]
00008f94   00001c2a           MVK.S2        0x0038,B0
00008f98   0000006a           MVKH.S2       0x0000,B0
00008f9c   07bc08c2           SUB.D2        B15,B0,B15
00008fa0   00001628           MVK.S1        0x002c,A0
00008fa4   00000068           MVKH.S1       0x0000,A0
00008fa8   003c08c0           SUB.D1        A15,A0,A0
00008fac   02000274           STW.D1T1      A4,*+A0[0]
00008fb0   07bd09c2           SUB.D2        B15,0x8,B15
00008fb4   00001628           MVK.S1        0x002c,A0
00008fb8   00000068           MVKH.S1       0x0000,A0
00008fbc   023c08c0           SUB.D1        A15,A0,A4
00008fc0   02100264           LDW.D1T1      *+A4[0],A4
00008fc4   00006000           NOP           4
00008fc8   0180002a           MVK.S2        0x0000,B3
00008fcc   0180006a           MVKH.S2       0x0000,B3
00008fd0   00000012           B.S2          0x008fc0
00008fd4   00008000           NOP           5
00008fd8            L$_ZN7DerivedD0Ev$ret0:
00008fd8   07bd0942           ADD.D2        B15,0x8,B15
00008fdc   07bd09c2           SUB.D2        B15,0x8,B15
00008fe0   00001628           MVK.S1        0x002c,A0
00008fe4   00000068           MVKH.S1       0x0000,A0
00008fe8   023c08c0           SUB.D1        A15,A0,A4
00008fec   02100264           LDW.D1T1      *+A4[0],A4
00008ff0   00006000           NOP           4
00008ff4   0180002a           MVK.S2        0x0000,B3
00008ff8   0180006a           MVKH.S2       0x0000,B3
00008ffc   00000012           B.S2          0x008fe0
00009000   00008000           NOP           5
00009004            L$_ZN7DerivedD0Ev$ret1:
00009004   07bd0942           ADD.D2        B15,0x8,B15
00009008   00000292           B.S2          L$return$_ZN7DerivedD0Ev (PC+20 = 0x00009014)
0000900c   00008000           NOP           5
00009010   0200a358           MVK.L1        0,A4
00009014            L$return$_ZN7DerivedD0Ev:
00009014   01bc2066           LDW.D1T2      *-A15[1],B3
00009018   07bc18f2           MV.D2X        A15,B15
0000901c   07bc0264           LDW.D1T1      *+A15[0],A15
00009020   00006000           NOP           4
00009024   000c0362           B.S2          B3
00009028   00008000           NOP           5
0000902c            _ZN7DerivedC1Ev:
0000902c            _ZN7DerivedC2Ev:
0000902c   07bc02f4           STW.D2T1      A15,*+B15[0]
00009030   07bc18f0           MV.D1X        B15,A15
00009034   01bc2076           STW.D1T2      B3,*-A15[1]
00009038   00001c2a           MVK.S2        0x0038,B0
0000903c   0000006a           MVKH.S2       0x0000,B0
00009040   07bc08c2           SUB.D2        B15,B0,B15
00009044   00001628           MVK.S1        0x002c,A0
00009048   00000068           MVKH.S1       0x0000,A0
0000904c   003c08c0           SUB.D1        A15,A0,A0
00009050   02000274           STW.D1T1      A4,*+A0[0]
00009054   07bd09c2           SUB.D2        B15,0x8,B15
00009058   00001628           MVK.S1        0x002c,A0
0000905c   00000068           MVKH.S1       0x0000,A0
00009060   023c08c0           SUB.D1        A15,A0,A4
00009064   02100264           LDW.D1T1      *+A4[0],A4
00009068   00006000           NOP           4
0000906c   0180002a           MVK.S2        0x0000,B3
00009070   0180006a           MVKH.S2       0x0000,B3
00009074   00000012           B.S2          0x009060
00009078   00008000           NOP           5
0000907c            L$_ZN7DerivedC1Ev$ret0:
0000907c   07bd0942           ADD.D2        B15,0x8,B15
00009080   02000028           MVK.S1        0x0000,A4
00009084   02000068           MVKH.S1       0x0000,A4
00009088   07bd09c2           SUB.D2        B15,0x8,B15
0000908c   023c02f4           STW.D2T1      A4,*+B15[0]
00009090   02000428           MVK.S1        0x0008,A4
00009094   02000068           MVKH.S1       0x0000,A4
00009098   031008f0           MV.D1         A4,A6
0000909c   023c02e4           LDW.D2T1      *+B15[0],A4
000090a0   00006000           NOP           4
000090a4   07bd0942           ADD.D2        B15,0x8,B15
000090a8   0210c840           ADD.D1        A4,A6,A4
000090ac   07bd09c2           SUB.D2        B15,0x8,B15
000090b0   023c02f4           STW.D2T1      A4,*+B15[0]
000090b4   00001628           MVK.S1        0x002c,A0
000090b8   00000068           MVKH.S1       0x0000,A0
000090bc   023c08c0           SUB.D1        A15,A0,A4
000090c0   02100264           LDW.D1T1      *+A4[0],A4
000090c4   00006000           NOP           4
000090c8   031008f0           MV.D1         A4,A6
000090cc   023c02e4           LDW.D2T1      *+B15[0],A4
000090d0   00006000           NOP           4
000090d4   07bd0942           ADD.D2        B15,0x8,B15
000090d8   02180274           STW.D1T1      A4,*+A6[0]
000090dc   0200a358           MVK.L1        0,A4
000090e0            L$return$_ZN7DerivedC1Ev:
000090e0   01bc2066           LDW.D1T2      *-A15[1],B3
000090e4   07bc18f2           MV.D2X        A15,B15
000090e8   07bc0264           LDW.D1T1      *+A15[0],A15
000090ec   00006000           NOP           4
000090f0   000c0362           B.S2          B3
000090f4   00008000           NOP           5
000090f8            _ZN4BaseC2Ev:
000090f8            _ZN4BaseC1Ev:
000090f8   07bc02f4           STW.D2T1      A15,*+B15[0]
000090fc   07bc18f0           MV.D1X        B15,A15
00009100   00001c2a           MVK.S2        0x0038,B0
00009104   0000006a           MVKH.S2       0x0000,B0
00009108   07bc08c2           SUB.D2        B15,B0,B15
0000910c   00001628           MVK.S1        0x002c,A0
00009110   00000068           MVKH.S1       0x0000,A0
00009114   003c08c0           SUB.D1        A15,A0,A0
00009118   02000274           STW.D1T1      A4,*+A0[0]
0000911c   02000028           MVK.S1        0x0000,A4
00009120   02000068           MVKH.S1       0x0000,A4
00009124   07bd09c2           SUB.D2        B15,0x8,B15
00009128   023c02f4           STW.D2T1      A4,*+B15[0]
0000912c   02000428           MVK.S1        0x0008,A4
00009130   02000068           MVKH.S1       0x0000,A4
00009134   031008f0           MV.D1         A4,A6
00009138   023c02e4           LDW.D2T1      *+B15[0],A4
0000913c   00006000           NOP           4
00009140   07bd0942           ADD.D2        B15,0x8,B15
00009144   0210c840           ADD.D1        A4,A6,A4
00009148   07bd09c2           SUB.D2        B15,0x8,B15
0000914c   023c02f4           STW.D2T1      A4,*+B15[0]
00009150   00001628           MVK.S1        0x002c,A0
00009154   00000068           MVKH.S1       0x0000,A0
00009158   023c08c0           SUB.D1        A15,A0,A4
0000915c   02100264           LDW.D1T1      *+A4[0],A4
00009160   00006000           NOP           4
00009164   031008f0           MV.D1         A4,A6
00009168   023c02e4           LDW.D2T1      *+B15[0],A4
0000916c   00006000           NOP           4
00009170   07bd0942           ADD.D2        B15,0x8,B15
00009174   02180274           STW.D1T1      A4,*+A6[0]
00009178   0200a358           MVK.L1        0,A4
0000917c            L$return$_ZN4BaseC1Ev:
0000917c   07bc18f2           MV.D2X        A15,B15
00009180   07bc0264           LDW.D1T1      *+A15[0],A15
00009184   00006000           NOP           4
00009188   000c0362           B.S2          B3
0000918c   00008000           NOP           5
00009190            _GLOBAL__sub_I_shapes$cpp:
00009190   07bc02f4           STW.D2T1      A15,*+B15[0]
00009194   07bc18f0           MV.D1X        B15,A15
00009198   01bc2076           STW.D1T2      B3,*-A15[1]
0000919c   0000142a           MVK.S2        0x0028,B0
000091a0   0000006a           MVKH.S2       0x0000,B0
000091a4   07bc08c2           SUB.D2        B15,B0,B15
000091a8   07bd09c2           SUB.D2        B15,0x8,B15
000091ac   02000028           MVK.S1        0x0000,A4
000091b0   02000068           MVKH.S1       0x0000,A4
000091b4   0180002a           MVK.S2        0x0000,B3
000091b8   0180006a           MVKH.S2       0x0000,B3
000091bc   00000012           B.S2          0x0091a0
000091c0   00008000           NOP           5
000091c4            L$_GLOBAL__sub_I_shapes$cpp$ret0:
000091c4   07bd0942           ADD.D2        B15,0x8,B15
000091c8   07bd09c2           SUB.D2        B15,0x8,B15
000091cc   02000028           MVK.S1        0x0000,A4
000091d0   02000068           MVKH.S1       0x0000,A4
000091d4   07bd09c2           SUB.D2        B15,0x8,B15
000091d8   023c02f4           STW.D2T1      A4,*+B15[0]
000091dc   02000028           MVK.S1        0x0000,A4
000091e0   02000068           MVKH.S1       0x0000,A4
000091e4   07bd09c2           SUB.D2        B15,0x8,B15
000091e8   023c02f4           STW.D2T1      A4,*+B15[0]
000091ec   02000028           MVK.S1        0x0000,A4
000091f0   02000068           MVKH.S1       0x0000,A4
000091f4   031008f0           MV.D1         A4,A6
000091f8   023c02e6           LDW.D2T2      *+B15[0],B4
000091fc   00006000           NOP           4
00009200   07bd0942           ADD.D2        B15,0x8,B15
00009204   023c02e4           LDW.D2T1      *+B15[0],A4
00009208   00006000           NOP           4
0000920c   07bd0942           ADD.D2        B15,0x8,B15
00009210   0180002a           MVK.S2        0x0000,B3
00009214   0180006a           MVKH.S2       0x0000,B3
00009218   00000012           B.S2          0x009200
0000921c   00008000           NOP           5
00009220            L$_GLOBAL__sub_I_shapes$cpp$ret1:
00009220   07bd0942           ADD.D2        B15,0x8,B15
00009224   0200a358           MVK.L1        0,A4
00009228            L$return$_GLOBAL__sub_I_shapes$cpp:
00009228   01bc2066           LDW.D1T2      *-A15[1],B3
0000922c   07bc18f2           MV.D2X        A15,B15
00009230   07bc0264           LDW.D1T1      *+A15[0],A15
00009234   00006000           NOP           4
00009238   000c0362           B.S2          B3
0000923c   00008000           NOP           5

DATA Section .const (Little Endian), 0x88 bytes at 0x0 
00000000            L$str$0:
00000000   20657962           .word 0x20657962
00000004   000a6425           .word 0x000a6425
00000008            L$str$1:
00000008   206f6f74           .word 0x206f6f74
0000000c   00676962           .word 0x00676962
00000010            L$str$2:
00000010   67756163           .word 0x67756163
00000014   25207468           .word 0x25207468
00000018   25000a73           .word 0x25000a73
0000001c   64252064           .word 0x64252064
00000020   0a642520           .word 0x0a642520
00000024   61423400           .word 0x61423400
00000028   37006573           .word 0x37006573
0000002c   69726544           .word 0x69726544
00000030   00646576           .word 0x00646576
00000034            _ZTSN3std6stringE:
00000034   7473334e           .word 0x7473334e
00000038   74733664           .word 0x74733664
0000003c   676e6972           .word 0x676e6972
00000040   00000045           .word 0x00000045
00000044            _ZTI4Base:
00000044   00000008           .word 0x00000008
00000048   00000000           .word 0x00000000
0000004c            _ZTV4Base:
0000004c   00000000           .word 0x00000000
00000050   00000000           .word 0x00000000
00000054   00000000           .word 0x00000000
00000058   00000000           .word 0x00000000
0000005c   00000000           .word 0x00000000
00000060            _ZTI7Derived:
00000060   00000008           .word 0x00000008
00000064   00000000           .word 0x00000000
00000068   00000000           .word 0x00000000
0000006c            _ZTV7Derived:
0000006c   00000000           .word 0x00000000
00000070   00000000           .word 0x00000000
00000074   00000000           .word 0x00000000
00000078   00000000           .word 0x00000000
0000007c   00000000           .word 0x00000000
00000080            _ZTIN3std6stringE:
00000080   00000008           .word 0x00000008
00000084   00000000           .word 0x00000000

DATA Section .c6xabi.extab:_ZLNStplERKSt6stringS1_ (Little Endian), 0x1C bytes at 0x0 
00000000            __c6xabi_extab$_ZLNStplERKSt6stringS1_:
00000000   83ff0207           .word 0x83ff0207
00000004   02260025           .word 0x02260025
00000008   00000000           .word 0x00000000
0000000c   fffffffe           .word 0xfffffffe
00000010   00a2014c           .word 0x00a2014c
00000014   00000000           .word 0x00000000
00000018   00000000           .word 0x00000000

DATA Section .c6xabi.extab:_ZLNStplERKSt6stringPKc (Little Endian), 0x1C bytes at 0x0 
00000000            __c6xabi_extab$_ZLNStplERKSt6stringPKc:
00000000   83ff0207           .word 0x83ff0207
00000004   02260025           .word 0x02260025
00000008   00000000           .word 0x00000000
0000000c   fffffffe           .word 0xfffffffe
00000010   00a2014c           .word 0x00a2014c
00000014   00000000           .word 0x00000000
00000018   00000000           .word 0x00000000

DATA Section .c6xabi.extab:_ZLNStplEPKcRKSt6string (Little Endian), 0x1C bytes at 0x0 
00000000            __c6xabi_extab$_ZLNStplEPKcRKSt6string:
00000000   83ff0207           .word 0x83ff0207
00000004   02260025           .word 0x02260025
00000008   00000000           .word 0x00000000
0000000c   fffffffe           .word 0xfffffffe
00000010   00a2014c           .word 0x00a2014c
00000014   00000000           .word 0x00000000
00000018   00000000           .word 0x00000000

DATA Section .c6xabi.extab:_ZLNStplERKSt6stringc (Little Endian), 0x1C bytes at 0x0 
00000000            __c6xabi_extab$_ZLNStplERKSt6stringc:
00000000   83ff0207           .word 0x83ff0207
00000004   02260025           .word 0x02260025
00000008   00000000           .word 0x00000000
0000000c   fffffffe           .word 0xfffffffe
00000010   00a2014c           .word 0x00a2014c
00000014   00000000           .word 0x00000000
00000018   00000000           .word 0x00000000

DATA Section .c6xabi.extab:_ZLNStplEcRKSt6string (Little Endian), 0x1C bytes at 0x0 
00000000            __c6xabi_extab$_ZLNStplEcRKSt6string:
00000000   83ff0207           .word 0x83ff0207
00000004   02420025           .word 0x02420025
00000008   00000000           .word 0x00000000
0000000c   fffffffe           .word 0xfffffffe
00000010   00be014c           .word 0x00be014c
00000014   00000000           .word 0x00000000
00000018   00000000           .word 0x00000000

DATA Section .c6xabi.extab:_ZLNSt9to_stringEx (Little Endian), 0x1C bytes at 0x0 
00000000            __c6xabi_extab$_ZLNSt9to_stringEx:
00000000   83ff0207           .word 0x83ff0207
00000004   07660025           .word 0x07660025
00000008   00000000           .word 0x00000000
0000000c   fffffffe           .word 0xfffffffe
00000010   04c60268           .word 0x04c60268
00000014   00000000           .word 0x00000000
00000018   00000000           .word 0x00000000

DATA Section .c6xabi.extab:_Z7throweri (Little Endian), 0x1C bytes at 0x0 
00000000            __c6xabi_extab$_Z7throweri:
00000000   83ff0207           .word 0x83ff0207
00000004   037a0085           .word 0x037a0085
00000008   00000000           .word 0x00000000
0000000c   fffffffe           .word 0xfffffffe
00000010   008a02b8           .word 0x008a02b8
00000014   00000000           .word 0x00000000
00000018   00000000           .word 0x00000000

DATA Section .c6xabi.extab:_Z7catcheri (Little Endian), 0x34 bytes at 0x0 
00000000            __c6xabi_extab$_Z7catcheri:
00000000   83ff0207           .word 0x83ff0207
00000004   02320019           .word 0x02320019
00000008   00000000           .word 0x00000000
0000000c   fffffffe           .word 0xfffffffe
00000010   013600c4           .word 0x013600c4
00000014   00000000           .word 0x00000000
00000018   002a0035           .word 0x002a0035
0000001c   00000000           .word 0x00000000
00000020   00000000           .word 0x00000000
00000024   002a0035           .word 0x002a0035
00000028   00000000           .word 0x00000000
0000002c   ffffffff           .word 0xffffffff
00000030   00000000           .word 0x00000000

DATA Section .c6xabi.extab:main (Little Endian), 0x1C bytes at 0x0 
00000000            __c6xabi_extab$main:
00000000   83ff0207           .word 0x83ff0207
00000004   02a20025           .word 0x02a20025
00000008   00000000           .word 0x00000000
0000000c   fffffffe           .word 0xfffffffe
00000010   003e022c           .word 0x003e022c
00000014   00000000           .word 0x00000000
00000018   00000000           .word 0x00000000

DATA Section .init_array (Little Endian), 0x4 bytes at 0x0 
00000000   00000000           .word 0x00000000

DATA Section .c6xabi.exidx:.text (Little Endian), 0x2F8 bytes at 0x0 
00000000   00000000           .word 0x00000000
00000004   83ff0207           .word 0x83ff0207
00000008   00000000           .word 0x00000000
0000000c   83ff0207           .word 0x83ff0207
00000010   00000000           .word 0x00000000
00000014   83ff0207           .word 0x83ff0207
00000018   00000000           .word 0x00000000
0000001c   83ff0207           .word 0x83ff0207
00000020   00000000           .word 0x00000000
00000024   83ff0207           .word 0x83ff0207
00000028   00000000           .word 0x00000000
0000002c   83ff0207           .word 0x83ff0207
00000030   00000000           .word 0x00000000
00000034   83ff0207           .word 0x83ff0207
00000038   00000000           .word 0x00000000
0000003c   83ff0207           .word 0x83ff0207
00000040   00000000           .word 0x00000000
00000044   83ff0207           .word 0x83ff0207
00000048   00000000           .word 0x00000000
0000004c   83ff0207           .word 0x83ff0207
00000050   00000000           .word 0x00000000
00000054   83ff0207           .word 0x83ff0207
00000058   00000000           .word 0x00000000
0000005c   83ff0207           .word 0x83ff0207
00000060   00000000           .word 0x00000000
00000064   83ff0007           .word 0x83ff0007
00000068   00000000           .word 0x00000000
0000006c   83ff0007           .word 0x83ff0007
00000070   00000000           .word 0x00000000
00000074   83ff0007           .word 0x83ff0007
00000078   00000000           .word 0x00000000
0000007c   83ff0007           .word 0x83ff0007
00000080   00000000           .word 0x00000000
00000084   83ff0007           .word 0x83ff0007
00000088   00000000           .word 0x00000000
0000008c   83ff0007           .word 0x83ff0007
00000090   00000000           .word 0x00000000
00000094   83ff0007           .word 0x83ff0007
00000098   00000000           .word 0x00000000
0000009c   83ff0007           .word 0x83ff0007
000000a0   00000000           .word 0x00000000
000000a4   83ff0207           .word 0x83ff0207
000000a8   00000000           .word 0x00000000
000000ac   83ff0007           .word 0x83ff0007
000000b0   00000000           .word 0x00000000
000000b4   83ff0007           .word 0x83ff0007
000000b8   00000000           .word 0x00000000
000000bc   83ff0007           .word 0x83ff0007
000000c0   00000000           .word 0x00000000
000000c4   83ff0007           .word 0x83ff0007
000000c8   00000000           .word 0x00000000
000000cc   83ff0007           .word 0x83ff0007
000000d0   00000000           .word 0x00000000
000000d4   83ff0007           .word 0x83ff0007
000000d8   00000000           .word 0x00000000
000000dc   83ff0007           .word 0x83ff0007
000000e0   00000000           .word 0x00000000
000000e4   83ff0007           .word 0x83ff0007
000000e8   00000000           .word 0x00000000
000000ec   83ff0007           .word 0x83ff0007
000000f0   00000000           .word 0x00000000
000000f4   83ff0207           .word 0x83ff0207
000000f8   00000000           .word 0x00000000
000000fc   83ff0207           .word 0x83ff0207
00000100   00000000           .word 0x00000000
00000104   83ff0207           .word 0x83ff0207
00000108   00000000           .word 0x00000000
0000010c   83ff0207           .word 0x83ff0207
00000110   00000000           .word 0x00000000
00000114   83ff0207           .word 0x83ff0207
00000118   00000000           .word 0x00000000
0000011c   83ff0207           .word 0x83ff0207
00000120   00000000           .word 0x00000000
00000124   83ff0207           .word 0x83ff0207
00000128   00000000           .word 0x00000000
0000012c   83ff0207           .word 0x83ff0207
00000130   00000000           .word 0x00000000
00000134   83ff0207           .word 0x83ff0207
00000138   00000000           .word 0x00000000
0000013c   83ff0207           .word 0x83ff0207
00000140   00000000           .word 0x00000000
00000144   83ff0007           .word 0x83ff0007
00000148   00000000           .word 0x00000000
0000014c   83ff0207           .word 0x83ff0207
00000150   00000000           .word 0x00000000
00000154   83ff0207           .word 0x83ff0207
00000158   00000000           .word 0x00000000
0000015c   83ff0207           .word 0x83ff0207
00000160   00000000           .word 0x00000000
00000164   83ff0207           .word 0x83ff0207
00000168   00000000           .word 0x00000000
0000016c   83ff0207           .word 0x83ff0207
00000170   00000000           .word 0x00000000
00000174   83ff0007           .word 0x83ff0007
00000178   00000000           .word 0x00000000
0000017c   83ff0207           .word 0x83ff0207
00000180   00000000           .word 0x00000000
00000184   83ff0207           .word 0x83ff0207
00000188   00000000           .word 0x00000000
0000018c   83ff0207           .word 0x83ff0207
00000190   00000000           .word 0x00000000
00000194   83ff0207           .word 0x83ff0207
00000198   00000000           .word 0x00000000
0000019c   83ff0207           .word 0x83ff0207
000001a0   00000000           .word 0x00000000
000001a4   83ff0207           .word 0x83ff0207
000001a8   00000000           .word 0x00000000
000001ac   83ff0007           .word 0x83ff0007
000001b0   00000000           .word 0x00000000
000001b4   83ff0207           .word 0x83ff0207
000001b8   00000000           .word 0x00000000
000001bc   83ff0207           .word 0x83ff0207
000001c0   00000000           .word 0x00000000
000001c4   83ff0207           .word 0x83ff0207
000001c8   00000000           .word 0x00000000
000001cc   83ff0207           .word 0x83ff0207
000001d0   00000000           .word 0x00000000
000001d4   83ff0207           .word 0x83ff0207
000001d8   00000000           .word 0x00000000
000001dc   83ff0207           .word 0x83ff0207
000001e0   00000000           .word 0x00000000
000001e4   83ff0207           .word 0x83ff0207
000001e8   00000000           .word 0x00000000
000001ec   83ff0207           .word 0x83ff0207
000001f0   00000000           .word 0x00000000
000001f4   83ff0207           .word 0x83ff0207
000001f8   00000000           .word 0x00000000
000001fc   83ff0207           .word 0x83ff0207
00000200   00000000           .word 0x00000000
00000204   83ff0207           .word 0x83ff0207
00000208   00000000           .word 0x00000000
0000020c   83ff0207           .word 0x83ff0207
00000210   00000000           .word 0x00000000
00000214   83ff0207           .word 0x83ff0207
00000218   00000000           .word 0x00000000
0000021c   83ff0207           .word 0x83ff0207
00000220   00000000           .word 0x00000000
00000224   83ff0207           .word 0x83ff0207
00000228   00000000           .word 0x00000000
0000022c   83ff0207           .word 0x83ff0207
00000230   00000000           .word 0x00000000
00000234   83ff0207           .word 0x83ff0207
00000238   00000000           .word 0x00000000
0000023c   00000000           .word 0x00000000
00000240   00000000           .word 0x00000000
00000244   00000000           .word 0x00000000
00000248   00000000           .word 0x00000000
0000024c   00000000           .word 0x00000000
00000250   00000000           .word 0x00000000
00000254   00000000           .word 0x00000000
00000258   00000000           .word 0x00000000
0000025c   00000000           .word 0x00000000
00000260   00000000           .word 0x00000000
00000264   00000000           .word 0x00000000
00000268   00000000           .word 0x00000000
0000026c   83ff0207           .word 0x83ff0207
00000270   00000000           .word 0x00000000
00000274   83ff0207           .word 0x83ff0207
00000278   00000000           .word 0x00000000
0000027c   83ff0207           .word 0x83ff0207
00000280   00000000           .word 0x00000000
00000284   83ff0207           .word 0x83ff0207
00000288   00000000           .word 0x00000000
0000028c   83ff0007           .word 0x83ff0007
00000290   00000000           .word 0x00000000
00000294   83ff0207           .word 0x83ff0207
00000298   00000000           .word 0x00000000
0000029c   83ff0007           .word 0x83ff0007
000002a0   00000000           .word 0x00000000
000002a4   83ff0007           .word 0x83ff0007
000002a8   00000000           .word 0x00000000
000002ac   83ff0007           .word 0x83ff0007
000002b0   00000000           .word 0x00000000
000002b4   83ff0207           .word 0x83ff0207
000002b8   00000000           .word 0x00000000
000002bc   00000000           .word 0x00000000
000002c0   00000000           .word 0x00000000
000002c4   00000000           .word 0x00000000
000002c8   00000000           .word 0x00000000
000002cc   00000000           .word 0x00000000
000002d0   00000000           .word 0x00000000
000002d4   83ff0207           .word 0x83ff0207
000002d8   00000000           .word 0x00000000
000002dc   83ff0207           .word 0x83ff0207
000002e0   00000000           .word 0x00000000
000002e4   83ff0207           .word 0x83ff0207
000002e8   00000000           .word 0x00000000
000002ec   83ff0007           .word 0x83ff0007
000002f0   00000000           .word 0x00000000
000002f4   83ff0207           .word 0x83ff0207
